datetime,zone,carbon,updatedAt,createdAt,emissionFactorType,isEstimated,estimationMethod,hour,dayofweek,month,is_weekend,hour_sin,hour_cos
2025-09-27 05:00:00+00:00,BE,0.3435374149659864,2025-10-27T03:34:02.736Z,2025-09-24T23:11:51.697Z,lifecycle,False,,5,5,9,1,0.9659258262890683,0.25881904510252074
2025-09-27 06:00:00+00:00,BE,0.2959183673469388,2025-10-27T03:33:46.927Z,2025-09-24T23:11:34.518Z,lifecycle,False,,6,5,9,1,1.0,6.123233995736766e-17
2025-09-27 07:00:00+00:00,BE,0.20748299319727892,2025-10-27T03:34:02.736Z,2025-09-24T23:11:51.697Z,lifecycle,False,,7,5,9,1,0.9659258262890683,-0.25881904510252063
2025-09-27 08:00:00+00:00,BE,0.1598639455782313,2025-10-27T03:34:02.736Z,2025-09-24T23:12:06.280Z,lifecycle,False,,8,5,9,1,0.8660254037844387,-0.4999999999999998
2025-09-27 09:00:00+00:00,BE,0.11904761904761907,2025-10-27T03:33:46.927Z,2025-09-24T23:11:51.697Z,lifecycle,False,,9,5,9,1,0.7071067811865476,-0.7071067811865475
2025-09-27 10:00:00+00:00,BE,0.08503401360544216,2025-10-27T03:33:46.927Z,2025-09-24T23:11:34.518Z,lifecycle,False,,10,5,9,1,0.49999999999999994,-0.8660254037844387
2025-09-27 11:00:00+00:00,BE,0.07142857142857145,2025-10-27T03:33:52.088Z,2025-09-24T23:11:51.697Z,lifecycle,False,,11,5,9,1,0.258819045102521,-0.9659258262890682
2025-09-27 12:00:00+00:00,BE,0.05782312925170069,2025-10-27T03:33:52.088Z,2025-09-24T23:12:06.280Z,lifecycle,False,,12,5,9,1,1.2246467991473532e-16,-1.0
2025-09-27 13:00:00+00:00,BE,0.1054421768707483,2025-10-27T03:34:18.368Z,2025-09-24T23:12:06.280Z,lifecycle,False,,13,5,9,1,-0.2588190451025208,-0.9659258262890683
2025-09-27 14:00:00+00:00,BE,0.22108843537414968,2025-10-27T03:33:52.088Z,2025-09-24T23:11:34.518Z,lifecycle,False,,14,5,9,1,-0.4999999999999997,-0.8660254037844388
2025-09-27 15:00:00+00:00,BE,0.3775510204081633,2025-10-27T03:34:18.368Z,2025-09-24T23:11:51.697Z,lifecycle,False,,15,5,9,1,-0.7071067811865471,-0.7071067811865479
2025-09-27 16:00:00+00:00,BE,0.3333333333333333,2025-10-27T03:33:52.088Z,2025-09-24T23:11:51.697Z,lifecycle,False,,16,5,9,1,-0.8660254037844385,-0.5000000000000004
2025-09-27 17:00:00+00:00,BE,0.38775510204081637,2025-10-27T03:34:18.368Z,2025-09-24T23:11:34.518Z,lifecycle,False,,17,5,9,1,-0.9659258262890683,-0.25881904510252063
2025-09-27 18:00:00+00:00,BE,0.3775510204081633,2025-10-27T03:33:52.088Z,2025-09-24T23:11:51.697Z,lifecycle,False,,18,5,9,1,-1.0,-1.8369701987210297e-16
2025-09-27 19:00:00+00:00,BE,0.4047619047619047,2025-10-27T03:34:18.368Z,2025-09-24T23:12:06.280Z,lifecycle,False,,19,5,9,1,-0.9659258262890684,0.2588190451025203
2025-09-27 20:00:00+00:00,BE,0.4863945578231293,2025-10-27T03:34:08.204Z,2025-09-24T23:11:34.518Z,lifecycle,False,,20,5,9,1,-0.8660254037844386,0.5000000000000001
2025-09-27 21:00:00+00:00,BE,0.489795918367347,2025-10-27T03:33:52.088Z,2025-09-24T23:11:34.518Z,lifecycle,False,,21,5,9,1,-0.7071067811865477,0.7071067811865474
2025-09-27 22:00:00+00:00,BE,0.3401360544217687,2025-10-27T03:34:08.204Z,2025-09-24T23:11:34.518Z,lifecycle,False,,22,5,9,1,-0.5000000000000004,0.8660254037844384
2025-09-27 23:00:00+00:00,BE,0.3027210884353741,2025-10-27T03:34:18.368Z,2025-09-24T23:11:51.697Z,lifecycle,False,,23,5,9,1,-0.25881904510252157,0.9659258262890681
2025-09-28 00:00:00+00:00,BE,0.5510204081632653,2025-10-27T03:34:08.204Z,2025-09-25T22:55:34.135Z,lifecycle,False,,0,6,9,1,0.0,1.0
2025-09-28 01:00:00+00:00,BE,0.5272108843537415,2025-10-27T03:34:08.204Z,2025-09-25T22:55:10.920Z,lifecycle,False,,1,6,9,1,0.25881904510252074,0.9659258262890683
2025-09-28 02:00:00+00:00,BE,0.217687074829932,2025-10-27T03:33:52.088Z,2025-09-25T23:40:29.373Z,lifecycle,False,,2,6,9,1,0.49999999999999994,0.8660254037844387
2025-09-28 03:00:00+00:00,BE,0.1768707482993197,2025-10-17T00:15:34.358Z,2025-09-25T23:40:13.788Z,lifecycle,False,,3,6,9,1,0.7071067811865476,0.7071067811865476
2025-09-28 04:00:00+00:00,BE,0.2142857142857143,2025-10-06T00:36:22.119Z,2025-09-25T23:40:41.100Z,lifecycle,False,,4,6,9,1,0.8660254037844386,0.5000000000000001
2025-09-28 05:00:00+00:00,BE,0.2108843537414966,2025-10-23T00:15:50.728Z,2025-09-25T23:40:29.373Z,lifecycle,False,,5,6,9,1,0.9659258262890683,0.25881904510252074
2025-09-28 06:00:00+00:00,BE,0.14965986394557823,2025-10-17T00:15:33.441Z,2025-09-25T23:40:13.788Z,lifecycle,False,,6,6,9,1,1.0,6.123233995736766e-17
2025-09-28 07:00:00+00:00,BE,0.08163265306122447,2025-10-06T00:36:22.119Z,2025-09-25T23:40:41.100Z,lifecycle,False,,7,6,9,1,0.9659258262890683,-0.25881904510252063
2025-09-28 08:00:00+00:00,BE,0.06462585034013607,2025-10-06T00:36:22.119Z,2025-09-25T23:40:41.100Z,lifecycle,False,,8,6,9,1,0.8660254037844387,-0.4999999999999998
2025-09-28 09:00:00+00:00,BE,0.037414965986394544,2025-10-06T00:36:26.597Z,2025-09-25T23:40:13.788Z,lifecycle,False,,9,6,9,1,0.7071067811865476,-0.7071067811865475
2025-09-28 10:00:00+00:00,BE,0.047619047619047616,2025-10-06T00:36:04.178Z,2025-09-25T23:40:13.788Z,lifecycle,False,,10,6,9,1,0.49999999999999994,-0.8660254037844387
2025-09-28 11:00:00+00:00,BE,0.047619047619047616,2025-10-06T00:36:04.178Z,2025-09-25T23:40:13.788Z,lifecycle,False,,11,6,9,1,0.258819045102521,-0.9659258262890682
2025-09-28 12:00:00+00:00,BE,0.023809523809523836,2025-10-06T00:36:04.178Z,2025-09-25T23:40:29.373Z,lifecycle,False,,12,6,9,1,1.2246467991473532e-16,-1.0
2025-09-28 13:00:00+00:00,BE,0.020408163265306145,2025-10-06T00:36:04.178Z,2025-09-25T23:40:41.100Z,lifecycle,False,,13,6,9,1,-0.2588190451025208,-0.9659258262890683
2025-09-28 14:00:00+00:00,BE,0.07142857142857145,2025-10-06T00:36:26.597Z,2025-09-25T23:40:41.100Z,lifecycle,False,,14,6,9,1,-0.4999999999999997,-0.8660254037844388
2025-09-28 15:00:00+00:00,BE,0.1768707482993197,2025-10-06T00:36:26.597Z,2025-09-25T23:40:13.788Z,lifecycle,False,,15,6,9,1,-0.7071067811865471,-0.7071067811865479
2025-09-28 16:00:00+00:00,BE,0.2687074829931973,2025-10-12T00:18:07.793Z,2025-09-25T23:40:41.100Z,lifecycle,False,,16,6,9,1,-0.8660254037844385,-0.5000000000000004
2025-09-28 17:00:00+00:00,BE,0.31292517006802717,2025-10-23T00:15:50.472Z,2025-09-25T23:40:29.373Z,lifecycle,False,,17,6,9,1,-0.9659258262890683,-0.25881904510252063
2025-09-28 18:00:00+00:00,BE,0.3401360544217687,2025-10-12T00:18:09.147Z,2025-09-25T23:40:41.100Z,lifecycle,False,,18,6,9,1,-1.0,-1.8369701987210297e-16
2025-09-28 19:00:00+00:00,BE,0.39795918367346933,2025-10-23T00:15:50.472Z,2025-09-25T23:40:41.100Z,lifecycle,False,,19,6,9,1,-0.9659258262890684,0.2588190451025203
2025-09-28 20:00:00+00:00,BE,0.46598639455782315,2025-10-12T00:18:09.147Z,2025-09-25T23:40:29.373Z,lifecycle,False,,20,6,9,1,-0.8660254037844386,0.5000000000000001
2025-09-28 21:00:00+00:00,BE,0.5034013605442176,2025-10-23T00:15:50.728Z,2025-09-25T23:40:29.373Z,lifecycle,False,,21,6,9,1,-0.7071067811865477,0.7071067811865474
2025-09-28 22:00:00+00:00,BE,0.39115646258503406,2025-10-06T00:36:04.178Z,2025-09-25T23:40:29.373Z,lifecycle,False,,22,6,9,1,-0.5000000000000004,0.8660254037844384
2025-09-28 23:00:00+00:00,BE,0.32653061224489793,2025-10-23T00:16:12.517Z,2025-09-25T23:40:13.788Z,lifecycle,False,,23,6,9,1,-0.25881904510252157,0.9659258262890681
2025-09-29 00:00:00+00:00,BE,0.336734693877551,2025-10-17T00:15:33.441Z,2025-09-26T21:25:54.779Z,lifecycle,False,,0,0,9,0,0.0,1.0
2025-09-29 01:00:00+00:00,BE,0.36054421768707484,2025-10-12T00:18:08.937Z,2025-09-26T21:26:08.809Z,lifecycle,False,,1,0,9,0,0.25881904510252074,0.9659258262890683
2025-09-29 02:00:00+00:00,BE,0.3401360544217687,2025-10-08T00:44:59.919Z,2025-09-26T21:25:35.413Z,lifecycle,False,,2,0,9,0,0.49999999999999994,0.8660254037844387
2025-09-29 03:00:00+00:00,BE,0.3333333333333333,2025-10-08T00:44:59.919Z,2025-09-26T21:25:35.413Z,lifecycle,False,,3,0,9,0,0.7071067811865476,0.7071067811865476
2025-09-29 04:00:00+00:00,BE,0.3299319727891156,2025-10-08T00:43:24.045Z,2025-09-26T21:25:35.413Z,lifecycle,False,,4,0,9,0,0.8660254037844386,0.5000000000000001
2025-09-29 05:00:00+00:00,BE,0.3095238095238095,2025-10-12T00:18:07.793Z,2025-09-26T21:26:08.809Z,lifecycle,False,,5,0,9,0,0.9659258262890683,0.25881904510252074
2025-09-29 06:00:00+00:00,BE,0.27891156462585037,2025-10-12T00:18:08.937Z,2025-09-26T21:26:08.809Z,lifecycle,False,,6,0,9,0,1.0,6.123233995736766e-17
2025-09-29 07:00:00+00:00,BE,0.2312925170068027,2025-10-17T00:15:33.291Z,2025-09-26T21:26:08.809Z,lifecycle,False,,7,0,9,0,0.9659258262890683,-0.25881904510252063
2025-09-29 08:00:00+00:00,BE,0.227891156462585,2025-10-12T00:18:09.147Z,2025-09-26T21:25:35.413Z,lifecycle,False,,8,0,9,0,0.8660254037844387,-0.4999999999999998
2025-09-29 09:00:00+00:00,BE,0.14625850340136054,2025-10-08T00:43:45.214Z,2025-09-26T21:26:08.809Z,lifecycle,False,,9,0,9,0,0.7071067811865476,-0.7071067811865475
2025-09-29 10:00:00+00:00,BE,0.09863945578231292,2025-10-08T00:44:59.919Z,2025-09-26T21:25:54.779Z,lifecycle,False,,10,0,9,0,0.49999999999999994,-0.8660254037844387
2025-09-29 11:00:00+00:00,BE,0.1054421768707483,2025-10-08T00:43:45.214Z,2025-09-26T21:25:54.779Z,lifecycle,False,,11,0,9,0,0.258819045102521,-0.9659258262890682
2025-09-29 12:00:00+00:00,BE,0.13265306122448978,2025-10-23T00:16:09.136Z,2025-09-26T21:25:54.779Z,lifecycle,False,,12,0,9,0,1.2246467991473532e-16,-1.0
2025-09-29 13:00:00+00:00,BE,0.1598639455782313,2025-10-08T00:43:45.214Z,2025-09-26T21:25:35.413Z,lifecycle,False,,13,0,9,0,-0.2588190451025208,-0.9659258262890683
2025-09-29 14:00:00+00:00,BE,0.272108843537415,2025-10-08T00:43:24.045Z,2025-09-26T21:26:08.809Z,lifecycle,False,,14,0,9,0,-0.4999999999999997,-0.8660254037844388
2025-09-29 15:00:00+00:00,BE,0.3707482993197279,2025-10-08T00:44:59.919Z,2025-09-26T21:25:35.413Z,lifecycle,False,,15,0,9,0,-0.7071067811865471,-0.7071067811865479
2025-09-29 16:00:00+00:00,BE,0.5136054421768708,2025-10-08T00:43:37.874Z,2025-09-26T21:25:35.413Z,lifecycle,False,,16,0,9,0,-0.8660254037844385,-0.5000000000000004
2025-09-29 17:00:00+00:00,BE,0.554421768707483,2025-10-08T00:45:10.549Z,2025-09-26T21:25:54.779Z,lifecycle,False,,17,0,9,0,-0.9659258262890683,-0.25881904510252063
2025-09-29 18:00:00+00:00,BE,0.5476190476190477,2025-10-08T00:45:10.549Z,2025-09-26T21:26:08.809Z,lifecycle,False,,18,0,9,0,-1.0,-1.8369701987210297e-16
2025-09-29 19:00:00+00:00,BE,0.5850340136054422,2025-10-08T00:45:10.549Z,2025-09-26T21:26:08.809Z,lifecycle,False,,19,0,9,0,-0.9659258262890684,0.2588190451025203
2025-09-29 20:00:00+00:00,BE,0.5782312925170068,2025-10-08T00:43:37.874Z,2025-09-26T21:26:08.809Z,lifecycle,False,,20,0,9,0,-0.8660254037844386,0.5000000000000001
2025-09-29 21:00:00+00:00,BE,0.5816326530612246,2025-10-08T00:45:10.549Z,2025-09-26T21:25:35.413Z,lifecycle,False,,21,0,9,0,-0.7071067811865477,0.7071067811865474
2025-09-29 22:00:00+00:00,BE,0.5238095238095237,2025-10-08T00:45:10.549Z,2025-09-26T23:10:45.420Z,lifecycle,False,,22,0,9,0,-0.5000000000000004,0.8660254037844384
2025-09-29 23:00:00+00:00,BE,0.4149659863945578,2025-10-09T00:34:46.033Z,2025-09-26T23:11:00.584Z,lifecycle,False,,23,0,9,0,-0.25881904510252157,0.9659258262890681
2025-09-30 00:00:00+00:00,BE,0.5476190476190477,2025-10-08T00:45:10.549Z,2025-09-27T22:40:35.191Z,lifecycle,False,,0,1,9,0,0.0,1.0
2025-09-30 01:00:00+00:00,BE,0.5170068027210883,2025-10-08T00:43:57.503Z,2025-09-27T22:40:46.778Z,lifecycle,False,,1,1,9,0,0.25881904510252074,0.9659258262890683
2025-09-30 02:00:00+00:00,BE,0.4829931972789116,2025-10-08T00:45:10.549Z,2025-09-27T23:41:44.984Z,lifecycle,False,,2,1,9,0,0.49999999999999994,0.8660254037844387
2025-09-30 03:00:00+00:00,BE,0.489795918367347,2025-10-23T00:16:09.136Z,2025-09-27T23:41:44.984Z,lifecycle,False,,3,1,9,0,0.7071067811865476,0.7071067811865476
2025-09-30 04:00:00+00:00,BE,0.5408163265306123,2025-10-08T00:43:57.503Z,2025-09-27T23:41:57.292Z,lifecycle,False,,4,1,9,0,0.8660254037844386,0.5000000000000001
2025-09-30 05:00:00+00:00,BE,0.5986394557823129,2025-10-08T00:43:57.503Z,2025-09-27T23:41:57.292Z,lifecycle,False,,5,1,9,0,0.9659258262890683,0.25881904510252074
2025-09-30 06:00:00+00:00,BE,0.5918367346938775,2025-10-09T00:34:56.982Z,2025-09-27T23:41:44.984Z,lifecycle,False,,6,1,9,0,1.0,6.123233995736766e-17
2025-09-30 07:00:00+00:00,BE,0.47278911564625853,2025-10-09T00:34:46.033Z,2025-09-27T23:41:32.323Z,lifecycle,False,,7,1,9,0,0.9659258262890683,-0.25881904510252063
2025-09-30 08:00:00+00:00,BE,0.39795918367346933,2025-10-08T00:45:10.549Z,2025-09-27T23:41:57.292Z,lifecycle,False,,8,1,9,0,0.8660254037844387,-0.4999999999999998
2025-09-30 09:00:00+00:00,BE,0.2619047619047619,2025-10-08T00:43:37.874Z,2025-09-27T23:41:57.292Z,lifecycle,False,,9,1,9,0,0.7071067811865476,-0.7071067811865475
2025-09-30 10:00:00+00:00,BE,0.2346938775510204,2025-10-08T00:45:10.549Z,2025-09-27T23:41:32.323Z,lifecycle,False,,10,1,9,0,0.49999999999999994,-0.8660254037844387
2025-09-30 11:00:00+00:00,BE,0.2312925170068027,2025-10-08T00:45:10.549Z,2025-09-27T23:41:44.984Z,lifecycle,False,,11,1,9,0,0.258819045102521,-0.9659258262890682
2025-09-30 12:00:00+00:00,BE,0.2346938775510204,2025-10-08T00:43:37.874Z,2025-09-27T23:41:44.984Z,lifecycle,False,,12,1,9,0,1.2246467991473532e-16,-1.0
2025-09-30 13:00:00+00:00,BE,0.28231292517006806,2025-10-08T00:43:37.874Z,2025-09-27T23:41:32.323Z,lifecycle,False,,13,1,9,0,-0.2588190451025208,-0.9659258262890683
2025-09-30 14:00:00+00:00,BE,0.35374149659863946,2025-10-08T00:43:37.874Z,2025-09-27T23:41:44.984Z,lifecycle,False,,14,1,9,0,-0.4999999999999997,-0.8660254037844388
2025-09-30 15:00:00+00:00,BE,0.42176870748299317,2025-10-08T00:45:10.549Z,2025-09-27T23:41:44.984Z,lifecycle,False,,15,1,9,0,-0.7071067811865471,-0.7071067811865479
2025-09-30 16:00:00+00:00,BE,0.5170068027210883,2025-10-23T00:16:09.136Z,2025-09-27T23:41:32.323Z,lifecycle,False,,16,1,9,0,-0.8660254037844385,-0.5000000000000004
2025-09-30 17:00:00+00:00,BE,0.5510204081632653,2025-10-23T00:16:28.335Z,2025-09-27T23:41:32.323Z,lifecycle,False,,17,1,9,0,-0.9659258262890683,-0.25881904510252063
2025-09-30 18:00:00+00:00,BE,0.6122448979591837,2025-10-23T00:16:09.136Z,2025-09-27T23:41:32.323Z,lifecycle,False,,18,1,9,0,-1.0,-1.8369701987210297e-16
2025-09-30 19:00:00+00:00,BE,0.6598639455782314,2025-10-17T00:15:43.527Z,2025-09-27T23:41:44.984Z,lifecycle,False,,19,1,9,0,-0.9659258262890684,0.2588190451025203
2025-09-30 20:00:00+00:00,BE,0.6700680272108843,2025-10-17T00:15:43.622Z,2025-09-27T23:41:32.323Z,lifecycle,False,,20,1,9,0,-0.8660254037844386,0.5000000000000001
2025-09-30 21:00:00+00:00,BE,0.693877551020408,2025-10-17T00:15:43.622Z,2025-09-27T23:41:32.323Z,lifecycle,False,,21,1,9,0,-0.7071067811865477,0.7071067811865474
2025-09-30 22:00:00+00:00,BE,0.8435374149659864,2025-10-23T00:16:28.335Z,2025-09-27T23:41:44.984Z,lifecycle,False,,22,1,9,0,-0.5000000000000004,0.8660254037844384
2025-09-30 23:00:00+00:00,BE,0.8333333333333333,2025-10-10T00:34:12.033Z,2025-09-27T23:41:32.323Z,lifecycle,False,,23,1,9,0,-0.25881904510252157,0.9659258262890681
2025-10-01 00:00:00+00:00,BE,0.7687074829931972,2025-10-11T00:33:48.404Z,2025-09-28T22:40:17.823Z,lifecycle,False,,0,2,10,0,0.0,1.0
2025-10-01 01:00:00+00:00,BE,0.7006802721088434,2025-10-11T00:34:13.859Z,2025-09-28T22:40:28.476Z,lifecycle,False,,1,2,10,0,0.25881904510252074,0.9659258262890683
2025-10-01 02:00:00+00:00,BE,0.7108843537414966,2025-10-08T00:43:57.503Z,2025-09-28T23:25:28.638Z,lifecycle,False,,2,2,10,0,0.49999999999999994,0.8660254037844387
2025-10-01 03:00:00+00:00,BE,0.6632653061224489,2025-10-08T00:45:10.549Z,2025-09-28T23:25:46.714Z,lifecycle,False,,3,2,10,0,0.7071067811865476,0.7071067811865476
2025-10-01 04:00:00+00:00,BE,0.6190476190476191,2025-10-08T00:45:10.549Z,2025-09-28T23:25:46.714Z,lifecycle,False,,4,2,10,0,0.8660254037844386,0.5000000000000001
2025-10-01 05:00:00+00:00,BE,0.5918367346938775,2025-10-08T00:43:57.503Z,2025-09-28T23:26:00.363Z,lifecycle,False,,5,2,10,0,0.9659258262890683,0.25881904510252074
2025-10-01 06:00:00+00:00,BE,0.5850340136054422,2025-10-08T00:43:57.503Z,2025-09-28T23:25:46.714Z,lifecycle,False,,6,2,10,0,1.0,6.123233995736766e-17
2025-10-01 07:00:00+00:00,BE,0.5612244897959184,2025-10-11T00:34:31.371Z,2025-09-28T23:25:46.714Z,lifecycle,False,,7,2,10,0,0.9659258262890683,-0.25881904510252063
2025-10-01 08:00:00+00:00,BE,0.3401360544217687,2025-10-11T00:34:31.371Z,2025-09-28T23:26:00.363Z,lifecycle,False,,8,2,10,0,0.8660254037844387,-0.4999999999999998
2025-10-01 09:00:00+00:00,BE,0.2312925170068027,2025-10-11T00:33:48.404Z,2025-09-28T23:26:00.363Z,lifecycle,False,,9,2,10,0,0.7071067811865476,-0.7071067811865475
2025-10-01 10:00:00+00:00,BE,0.16666666666666669,2025-10-11T00:33:48.404Z,2025-09-28T23:25:46.714Z,lifecycle,False,,10,2,10,0,0.49999999999999994,-0.8660254037844387
2025-10-01 11:00:00+00:00,BE,0.12244897959183676,2025-10-08T00:43:46.962Z,2025-09-28T23:26:00.363Z,lifecycle,False,,11,2,10,0,0.258819045102521,-0.9659258262890682
2025-10-01 12:00:00+00:00,BE,0.12244897959183676,2025-10-08T00:43:46.962Z,2025-09-28T23:25:28.638Z,lifecycle,False,,12,2,10,0,1.2246467991473532e-16,-1.0
2025-10-01 13:00:00+00:00,BE,0.1598639455782313,2025-10-08T00:43:46.962Z,2025-09-28T23:26:00.363Z,lifecycle,False,,13,2,10,0,-0.2588190451025208,-0.9659258262890683
2025-10-01 14:00:00+00:00,BE,0.3095238095238095,2025-10-08T00:43:46.962Z,2025-09-28T23:25:46.714Z,lifecycle,False,,14,2,10,0,-0.4999999999999997,-0.8660254037844388
2025-10-01 15:00:00+00:00,BE,0.4387755102040816,2025-10-08T00:45:16.741Z,2025-09-28T23:25:46.714Z,lifecycle,False,,15,2,10,0,-0.7071067811865471,-0.7071067811865479
2025-10-01 16:00:00+00:00,BE,0.5816326530612246,2025-10-08T00:43:46.962Z,2025-09-28T23:25:46.714Z,lifecycle,False,,16,2,10,0,-0.8660254037844385,-0.5000000000000004
2025-10-01 17:00:00+00:00,BE,0.6564625850340136,2025-10-08T00:45:16.741Z,2025-09-28T23:25:28.638Z,lifecycle,False,,17,2,10,0,-0.9659258262890683,-0.25881904510252063
2025-10-01 18:00:00+00:00,BE,0.7482993197278911,2025-10-08T00:45:16.741Z,2025-09-28T23:25:46.714Z,lifecycle,False,,18,2,10,0,-1.0,-1.8369701987210297e-16
2025-10-01 19:00:00+00:00,BE,0.772108843537415,2025-10-10T00:34:22.075Z,2025-09-28T23:26:00.363Z,lifecycle,False,,19,2,10,0,-0.9659258262890684,0.2588190451025203
2025-10-01 20:00:00+00:00,BE,0.8299319727891157,2025-10-11T00:34:31.371Z,2025-09-28T23:26:00.363Z,lifecycle,False,,20,2,10,0,-0.8660254037844386,0.5000000000000001
2025-10-01 21:00:00+00:00,BE,0.7789115646258504,2025-10-11T00:33:48.404Z,2025-09-28T23:26:00.363Z,lifecycle,False,,21,2,10,0,-0.7071067811865477,0.7071067811865474
2025-10-01 22:00:00+00:00,BE,0.7653061224489797,2025-10-11T00:34:31.371Z,2025-09-28T23:26:00.363Z,lifecycle,False,,22,2,10,0,-0.5000000000000004,0.8660254037844384
2025-10-01 23:00:00+00:00,BE,0.7108843537414966,2025-10-11T00:33:48.404Z,2025-09-28T23:25:46.714Z,lifecycle,False,,23,2,10,0,-0.25881904510252157,0.9659258262890681
2025-10-02 00:00:00+00:00,BE,0.5714285714285714,2025-10-11T00:34:13.859Z,2025-09-29T23:27:58.168Z,lifecycle,False,,0,3,10,0,0.0,1.0
2025-10-02 01:00:00+00:00,BE,0.5374149659863945,2025-10-11T00:33:48.404Z,2025-09-29T23:27:58.168Z,lifecycle,False,,1,3,10,0,0.25881904510252074,0.9659258262890683
2025-10-02 02:00:00+00:00,BE,0.5442176870748299,2025-10-11T00:34:13.859Z,2025-09-29T23:27:58.168Z,lifecycle,False,,2,3,10,0,0.49999999999999994,0.8660254037844387
2025-10-02 03:00:00+00:00,BE,0.5952380952380951,2025-10-11T00:34:31.371Z,2025-09-29T23:27:46.886Z,lifecycle,False,,3,3,10,0,0.7071067811865476,0.7071067811865476
2025-10-02 04:00:00+00:00,BE,0.653061224489796,2025-10-11T00:34:13.859Z,2025-09-29T23:27:19.346Z,lifecycle,False,,4,3,10,0,0.8660254037844386,0.5000000000000001
2025-10-02 05:00:00+00:00,BE,0.5816326530612246,2025-10-10T00:34:22.075Z,2025-09-29T23:27:46.886Z,lifecycle,False,,5,3,10,0,0.9659258262890683,0.25881904510252074
2025-10-02 06:00:00+00:00,BE,0.6258503401360545,2025-10-11T00:34:13.859Z,2025-09-29T23:27:58.168Z,lifecycle,False,,6,3,10,0,1.0,6.123233995736766e-17
2025-10-02 07:00:00+00:00,BE,0.4829931972789116,2025-10-11T00:33:48.404Z,2025-09-29T23:27:46.886Z,lifecycle,False,,7,3,10,0,0.9659258262890683,-0.25881904510252063
2025-10-02 08:00:00+00:00,BE,0.22448979591836737,2025-10-11T00:34:31.371Z,2025-09-29T23:27:58.168Z,lifecycle,False,,8,3,10,0,0.8660254037844387,-0.4999999999999998
2025-10-02 09:00:00+00:00,BE,0.12585034013605445,2025-10-11T00:34:31.371Z,2025-09-29T23:27:46.886Z,lifecycle,False,,9,3,10,0,0.7071067811865476,-0.7071067811865475
2025-10-02 10:00:00+00:00,BE,0.09183673469387754,2025-10-11T00:34:31.371Z,2025-09-29T23:27:46.886Z,lifecycle,False,,10,3,10,0,0.49999999999999994,-0.8660254037844387
2025-10-02 11:00:00+00:00,BE,0.07142857142857145,2025-10-11T00:34:31.371Z,2025-09-29T23:27:46.886Z,lifecycle,False,,11,3,10,0,0.258819045102521,-0.9659258262890682
2025-10-02 12:00:00+00:00,BE,0.07482993197278914,2025-10-11T00:34:13.859Z,2025-09-29T23:27:19.346Z,lifecycle,False,,12,3,10,0,1.2246467991473532e-16,-1.0
2025-10-02 13:00:00+00:00,BE,0.08163265306122447,2025-10-11T00:34:13.859Z,2025-09-29T23:27:46.886Z,lifecycle,False,,13,3,10,0,-0.2588190451025208,-0.9659258262890683
2025-10-02 14:00:00+00:00,BE,0.14625850340136054,2025-10-11T00:34:31.371Z,2025-09-29T23:27:46.886Z,lifecycle,False,,14,3,10,0,-0.4999999999999997,-0.8660254037844388
2025-10-02 15:00:00+00:00,BE,0.3333333333333333,2025-10-11T00:34:31.371Z,2025-09-29T23:27:46.886Z,lifecycle,False,,15,3,10,0,-0.7071067811865471,-0.7071067811865479
2025-10-02 16:00:00+00:00,BE,0.49999999999999994,2025-10-10T00:34:00.145Z,2025-09-29T23:27:58.168Z,lifecycle,False,,16,3,10,0,-0.8660254037844385,-0.5000000000000004
2025-10-02 17:00:00+00:00,BE,0.5578231292517006,2025-10-10T00:34:28.080Z,2025-09-29T23:27:58.168Z,lifecycle,False,,17,3,10,0,-0.9659258262890683,-0.25881904510252063
2025-10-02 18:00:00+00:00,BE,0.554421768707483,2025-10-11T00:34:23.928Z,2025-09-29T23:27:19.346Z,lifecycle,False,,18,3,10,0,-1.0,-1.8369701987210297e-16
2025-10-02 19:00:00+00:00,BE,0.4489795918367347,2025-10-11T00:34:00.063Z,2025-09-29T23:27:58.168Z,lifecycle,False,,19,3,10,0,-0.9659258262890684,0.2588190451025203
2025-10-02 20:00:00+00:00,BE,0.24489795918367346,2025-10-11T00:34:23.928Z,2025-09-29T23:27:46.886Z,lifecycle,False,,20,3,10,0,-0.8660254037844386,0.5000000000000001
2025-10-02 21:00:00+00:00,BE,0.163265306122449,2025-10-11T00:34:00.063Z,2025-09-29T23:27:19.346Z,lifecycle,False,,21,3,10,0,-0.7071067811865477,0.7071067811865474
2025-10-02 22:00:00+00:00,BE,0.17346938775510207,2025-10-11T00:34:41.020Z,2025-09-29T23:27:19.346Z,lifecycle,False,,22,3,10,0,-0.5000000000000004,0.8660254037844384
2025-10-02 23:00:00+00:00,BE,0.16666666666666669,2025-10-12T00:38:07.896Z,2025-09-29T23:27:19.346Z,lifecycle,False,,23,3,10,0,-0.25881904510252157,0.9659258262890681
2025-10-03 00:00:00+00:00,BE,0.14285714285714285,2025-10-12T00:37:50.999Z,2025-09-30T22:40:23.749Z,lifecycle,False,,0,4,10,0,0.0,1.0
2025-10-03 01:00:00+00:00,BE,0.16666666666666669,2025-10-11T00:34:41.020Z,2025-09-30T22:40:09.291Z,lifecycle,False,,1,4,10,0,0.25881904510252074,0.9659258262890683
2025-10-03 02:00:00+00:00,BE,0.18707482993197277,2025-10-11T00:34:23.928Z,2025-09-30T23:55:31.672Z,lifecycle,False,,2,4,10,0,0.49999999999999994,0.8660254037844387
2025-10-03 03:00:00+00:00,BE,0.1564625850340136,2025-10-11T00:34:41.020Z,2025-09-30T23:55:08.546Z,lifecycle,False,,3,4,10,0,0.7071067811865476,0.7071067811865476
2025-10-03 04:00:00+00:00,BE,0.17006802721088438,2025-10-11T00:34:00.063Z,2025-09-30T23:55:20.759Z,lifecycle,False,,4,4,10,0,0.8660254037844386,0.5000000000000001
2025-10-03 05:00:00+00:00,BE,0.20408163265306123,2025-10-12T00:38:07.896Z,2025-09-30T23:55:20.759Z,lifecycle,False,,5,4,10,0,0.9659258262890683,0.25881904510252074
2025-10-03 06:00:00+00:00,BE,0.2312925170068027,2025-10-12T00:38:30.714Z,2025-09-30T23:55:08.546Z,lifecycle,False,,6,4,10,0,1.0,6.123233995736766e-17
2025-10-03 07:00:00+00:00,BE,0.22448979591836737,2025-10-12T00:38:30.714Z,2025-09-30T23:55:20.759Z,lifecycle,False,,7,4,10,0,0.9659258262890683,-0.25881904510252063
2025-10-03 08:00:00+00:00,BE,0.16666666666666669,2025-10-12T00:38:07.896Z,2025-09-30T23:55:20.759Z,lifecycle,False,,8,4,10,0,0.8660254037844387,-0.4999999999999998
2025-10-03 09:00:00+00:00,BE,0.12244897959183676,2025-10-12T00:37:50.999Z,2025-09-30T23:55:20.759Z,lifecycle,False,,9,4,10,0,0.7071067811865476,-0.7071067811865475
2025-10-03 10:00:00+00:00,BE,0.12585034013605445,2025-10-12T00:38:07.896Z,2025-09-30T23:55:08.546Z,lifecycle,False,,10,4,10,0,0.49999999999999994,-0.8660254037844387
2025-10-03 11:00:00+00:00,BE,0.11224489795918369,2025-10-12T00:38:07.896Z,2025-09-30T23:55:31.672Z,lifecycle,False,,11,4,10,0,0.258819045102521,-0.9659258262890682
2025-10-03 12:00:00+00:00,BE,0.10204081632653061,2025-10-12T00:38:30.714Z,2025-09-30T23:55:20.759Z,lifecycle,False,,12,4,10,0,1.2246467991473532e-16,-1.0
2025-10-03 13:00:00+00:00,BE,0.09523809523809523,2025-10-12T00:38:07.896Z,2025-09-30T23:55:31.672Z,lifecycle,False,,13,4,10,0,-0.2588190451025208,-0.9659258262890683
2025-10-03 14:00:00+00:00,BE,0.1054421768707483,2025-10-12T00:38:07.896Z,2025-09-30T23:55:31.672Z,lifecycle,False,,14,4,10,0,-0.4999999999999997,-0.8660254037844388
2025-10-03 15:00:00+00:00,BE,0.108843537414966,2025-10-12T00:38:07.896Z,2025-09-30T23:55:20.759Z,lifecycle,False,,15,4,10,0,-0.7071067811865471,-0.7071067811865479
2025-10-03 16:00:00+00:00,BE,0.14965986394557823,2025-10-11T00:34:23.928Z,2025-09-30T23:55:31.672Z,lifecycle,False,,16,4,10,0,-0.8660254037844385,-0.5000000000000004
2025-10-03 17:00:00+00:00,BE,0.1564625850340136,2025-10-11T00:34:00.063Z,2025-09-30T23:55:08.546Z,lifecycle,False,,17,4,10,0,-0.9659258262890683,-0.25881904510252063
2025-10-03 18:00:00+00:00,BE,0.13265306122448978,2025-10-12T00:38:17.488Z,2025-09-30T23:55:20.759Z,lifecycle,False,,18,4,10,0,-1.0,-1.8369701987210297e-16
2025-10-03 19:00:00+00:00,BE,0.12244897959183676,2025-10-12T00:38:30.714Z,2025-09-30T23:55:20.759Z,lifecycle,False,,19,4,10,0,-0.9659258262890684,0.2588190451025203
2025-10-03 20:00:00+00:00,BE,0.13265306122448978,2025-10-12T00:38:30.714Z,2025-09-30T23:55:08.546Z,lifecycle,False,,20,4,10,0,-0.8660254037844386,0.5000000000000001
2025-10-03 21:00:00+00:00,BE,0.163265306122449,2025-10-12T00:38:30.714Z,2025-09-30T23:55:20.759Z,lifecycle,False,,21,4,10,0,-0.7071067811865477,0.7071067811865474
2025-10-03 22:00:00+00:00,BE,0.13605442176870747,2025-10-12T00:38:30.714Z,2025-09-30T23:55:20.759Z,lifecycle,False,,22,4,10,0,-0.5000000000000004,0.8660254037844384
2025-10-03 23:00:00+00:00,BE,0.1054421768707483,2025-10-13T00:30:40.036Z,2025-09-30T23:55:20.759Z,lifecycle,False,,23,4,10,0,-0.25881904510252157,0.9659258262890681
2025-10-04 00:00:00+00:00,BE,0.06462585034013607,2025-10-12T00:38:30.714Z,2025-10-01T22:40:24.263Z,lifecycle,False,,0,5,10,1,0.0,1.0
2025-10-04 01:00:00+00:00,BE,0.05102040816326531,2025-10-12T00:38:01.782Z,2025-10-01T22:40:24.263Z,lifecycle,False,,1,5,10,1,0.25881904510252074,0.9659258262890683
2025-10-04 02:00:00+00:00,BE,0.054421768707483,2025-10-12T00:38:17.488Z,2025-10-02T00:09:49.381Z,lifecycle,False,,2,5,10,1,0.49999999999999994,0.8660254037844387
2025-10-04 03:00:00+00:00,BE,0.05102040816326531,2025-10-12T00:38:01.782Z,2025-10-02T00:09:49.381Z,lifecycle,False,,3,5,10,1,0.7071067811865476,0.7071067811865476
2025-10-04 04:00:00+00:00,BE,0.07823129251700683,2025-10-12T00:38:17.488Z,2025-10-02T00:09:49.381Z,lifecycle,False,,4,5,10,1,0.8660254037844386,0.5000000000000001
2025-10-04 05:00:00+00:00,BE,0.12244897959183676,2025-10-13T00:30:40.036Z,2025-10-02T00:10:01.131Z,lifecycle,False,,5,5,10,1,0.9659258262890683,0.25881904510252074
2025-10-04 06:00:00+00:00,BE,0.12925170068027209,2025-10-12T00:38:17.488Z,2025-10-02T00:10:01.131Z,lifecycle,False,,6,5,10,1,1.0,6.123233995736766e-17
2025-10-04 07:00:00+00:00,BE,0.15306122448979592,2025-10-13T00:30:36.092Z,2025-10-02T00:10:01.131Z,lifecycle,False,,7,5,10,1,0.9659258262890683,-0.25881904510252063
2025-10-04 08:00:00+00:00,BE,0.12585034013605445,2025-10-12T00:38:17.488Z,2025-10-02T00:10:01.131Z,lifecycle,False,,8,5,10,1,0.8660254037844387,-0.4999999999999998
2025-10-04 09:00:00+00:00,BE,0.07823129251700683,2025-10-13T00:30:36.092Z,2025-10-02T00:09:34.641Z,lifecycle,False,,9,5,10,1,0.7071067811865476,-0.7071067811865475
2025-10-04 10:00:00+00:00,BE,0.047619047619047616,2025-10-12T00:38:17.488Z,2025-10-02T00:09:34.641Z,lifecycle,False,,10,5,10,1,0.49999999999999994,-0.8660254037844387
2025-10-04 11:00:00+00:00,BE,0.027210884353741527,2025-10-13T00:30:36.092Z,2025-10-02T00:09:34.641Z,lifecycle,False,,11,5,10,1,0.258819045102521,-0.9659258262890682
2025-10-04 12:00:00+00:00,BE,0.030612244897959218,2025-10-12T00:38:30.714Z,2025-10-02T00:09:49.381Z,lifecycle,False,,12,5,10,1,1.2246467991473532e-16,-1.0
2025-10-04 13:00:00+00:00,BE,0.040816326530612235,2025-10-13T00:30:13.167Z,2025-10-02T00:10:01.131Z,lifecycle,False,,13,5,10,1,-0.2588190451025208,-0.9659258262890683
2025-10-04 14:00:00+00:00,BE,0.07823129251700683,2025-10-13T00:30:40.036Z,2025-10-02T00:10:01.131Z,lifecycle,False,,14,5,10,1,-0.4999999999999997,-0.8660254037844388
2025-10-04 15:00:00+00:00,BE,0.10204081632653061,2025-10-13T00:30:36.092Z,2025-10-02T00:10:01.131Z,lifecycle,False,,15,5,10,1,-0.7071067811865471,-0.7071067811865479
2025-10-04 16:00:00+00:00,BE,0.14965986394557823,2025-10-13T00:30:23.262Z,2025-10-02T00:09:49.381Z,lifecycle,False,,16,5,10,1,-0.8660254037844385,-0.5000000000000004
2025-10-04 17:00:00+00:00,BE,0.1564625850340136,2025-10-13T00:30:45.576Z,2025-10-02T00:09:49.381Z,lifecycle,False,,17,5,10,1,-0.9659258262890683,-0.25881904510252063
2025-10-04 18:00:00+00:00,BE,0.14965986394557823,2025-10-13T00:30:45.576Z,2025-10-02T00:09:34.641Z,lifecycle,False,,18,5,10,1,-1.0,-1.8369701987210297e-16
2025-10-04 19:00:00+00:00,BE,0.1598639455782313,2025-10-13T00:30:49.324Z,2025-10-02T00:09:49.381Z,lifecycle,False,,19,5,10,1,-0.9659258262890684,0.2588190451025203
2025-10-04 20:00:00+00:00,BE,0.17006802721088438,2025-10-13T00:30:23.262Z,2025-10-02T00:09:34.641Z,lifecycle,False,,20,5,10,1,-0.8660254037844386,0.5000000000000001
2025-10-04 21:00:00+00:00,BE,0.1564625850340136,2025-10-13T00:30:45.576Z,2025-10-02T00:09:34.641Z,lifecycle,False,,21,5,10,1,-0.7071067811865477,0.7071067811865474
2025-10-04 22:00:00+00:00,BE,0.11224489795918369,2025-10-12T00:38:36.047Z,2025-10-02T00:10:01.131Z,lifecycle,False,,22,5,10,1,-0.5000000000000004,0.8660254037844384
2025-10-04 23:00:00+00:00,BE,0.108843537414966,2025-10-14T00:32:18.744Z,2025-10-02T00:09:34.641Z,lifecycle,False,,23,5,10,1,-0.25881904510252157,0.9659258262890681
2025-10-05 00:00:00+00:00,BE,0.1054421768707483,2025-10-14T00:32:40.208Z,2025-10-02T21:12:26.247Z,lifecycle,False,,0,6,10,1,0.0,1.0
2025-10-05 01:00:00+00:00,BE,0.11224489795918369,2025-10-14T00:32:48.177Z,2025-10-02T21:11:55.226Z,lifecycle,False,,1,6,10,1,0.25881904510252074,0.9659258262890683
2025-10-05 02:00:00+00:00,BE,0.11904761904761907,2025-10-14T00:32:18.744Z,2025-10-02T21:12:26.247Z,lifecycle,False,,2,6,10,1,0.49999999999999994,0.8660254037844387
2025-10-05 03:00:00+00:00,BE,0.12244897959183676,2025-10-14T00:32:40.208Z,2025-10-02T21:11:55.226Z,lifecycle,False,,3,6,10,1,0.7071067811865476,0.7071067811865476
2025-10-05 04:00:00+00:00,BE,0.11224489795918369,2025-10-14T00:32:40.208Z,2025-10-02T21:11:55.226Z,lifecycle,False,,4,6,10,1,0.8660254037844386,0.5000000000000001
2025-10-05 05:00:00+00:00,BE,0.15306122448979592,2025-10-14T00:32:48.177Z,2025-10-02T21:12:26.247Z,lifecycle,False,,5,6,10,1,0.9659258262890683,0.25881904510252074
2025-10-05 06:00:00+00:00,BE,0.14965986394557823,2025-10-14T00:32:40.208Z,2025-10-02T21:11:46.978Z,lifecycle,False,,6,6,10,1,1.0,6.123233995736766e-17
2025-10-05 07:00:00+00:00,BE,0.12585034013605445,2025-10-14T00:32:48.177Z,2025-10-02T21:12:26.247Z,lifecycle,False,,7,6,10,1,0.9659258262890683,-0.25881904510252063
2025-10-05 08:00:00+00:00,BE,0.11224489795918369,2025-10-14T00:32:18.744Z,2025-10-02T21:11:46.978Z,lifecycle,False,,8,6,10,1,0.8660254037844387,-0.4999999999999998
2025-10-05 09:00:00+00:00,BE,0.08503401360544216,2025-10-14T00:32:18.744Z,2025-10-02T21:11:46.978Z,lifecycle,False,,9,6,10,1,0.7071067811865476,-0.7071067811865475
2025-10-05 10:00:00+00:00,BE,0.07142857142857145,2025-10-14T00:32:48.177Z,2025-10-02T21:11:46.978Z,lifecycle,False,,10,6,10,1,0.49999999999999994,-0.8660254037844387
2025-10-05 11:00:00+00:00,BE,0.06462585034013607,2025-10-14T00:32:40.208Z,2025-10-02T21:11:46.978Z,lifecycle,False,,11,6,10,1,0.258819045102521,-0.9659258262890682
2025-10-05 12:00:00+00:00,BE,0.06462585034013607,2025-10-14T00:32:40.208Z,2025-10-02T21:12:26.247Z,lifecycle,False,,12,6,10,1,1.2246467991473532e-16,-1.0
2025-10-05 13:00:00+00:00,BE,0.08163265306122447,2025-10-14T00:32:40.208Z,2025-10-02T21:11:46.978Z,lifecycle,False,,13,6,10,1,-0.2588190451025208,-0.9659258262890683
2025-10-05 14:00:00+00:00,BE,0.08163265306122447,2025-10-14T00:32:40.208Z,2025-10-02T21:11:46.978Z,lifecycle,False,,14,6,10,1,-0.4999999999999997,-0.8660254037844388
2025-10-05 15:00:00+00:00,BE,0.108843537414966,2025-10-14T00:32:48.177Z,2025-10-02T21:11:55.226Z,lifecycle,False,,15,6,10,1,-0.7071067811865471,-0.7071067811865479
2025-10-05 16:00:00+00:00,BE,0.18707482993197277,2025-10-14T00:32:18.744Z,2025-10-02T21:12:26.247Z,lifecycle,False,,16,6,10,1,-0.8660254037844385,-0.5000000000000004
2025-10-05 17:00:00+00:00,BE,0.25170068027210885,2025-10-14T00:32:50.177Z,2025-10-02T21:11:55.226Z,lifecycle,False,,17,6,10,1,-0.9659258262890683,-0.25881904510252063
2025-10-05 18:00:00+00:00,BE,0.2687074829931973,2025-10-14T00:32:50.177Z,2025-10-02T21:12:26.247Z,lifecycle,False,,18,6,10,1,-1.0,-1.8369701987210297e-16
2025-10-05 19:00:00+00:00,BE,0.24489795918367346,2025-10-15T00:31:50.874Z,2025-10-02T21:12:26.247Z,lifecycle,False,,19,6,10,1,-0.9659258262890684,0.2588190451025203
2025-10-05 20:00:00+00:00,BE,0.2312925170068027,2025-10-14T00:32:50.177Z,2025-10-02T21:11:46.978Z,lifecycle,False,,20,6,10,1,-0.8660254037844386,0.5000000000000001
2025-10-05 21:00:00+00:00,BE,0.2142857142857143,2025-10-14T00:32:50.177Z,2025-10-02T21:12:26.247Z,lifecycle,False,,21,6,10,1,-0.7071067811865477,0.7071067811865474
2025-10-05 22:00:00+00:00,BE,0.2312925170068027,2025-10-14T00:32:50.177Z,2025-10-02T23:55:55.725Z,lifecycle,False,,22,6,10,1,-0.5000000000000004,0.8660254037844384
2025-10-05 23:00:00+00:00,BE,0.227891156462585,2025-10-15T00:31:26.023Z,2025-10-02T23:55:55.725Z,lifecycle,False,,23,6,10,1,-0.25881904510252157,0.9659258262890681
2025-10-06 00:00:00+00:00,BE,0.24489795918367346,2025-10-14T00:32:29.614Z,2025-10-03T21:10:48.574Z,lifecycle,False,,0,0,10,0,0.0,1.0
2025-10-06 01:00:00+00:00,BE,0.24489795918367346,2025-10-14T00:32:50.177Z,2025-10-03T21:11:07.634Z,lifecycle,False,,1,0,10,0,0.25881904510252074,0.9659258262890683
2025-10-06 02:00:00+00:00,BE,0.25170068027210885,2025-10-14T00:32:58.724Z,2025-10-03T21:11:07.634Z,lifecycle,False,,2,0,10,0,0.49999999999999994,0.8660254037844387
2025-10-06 03:00:00+00:00,BE,0.24489795918367346,2025-10-14T00:32:58.724Z,2025-10-03T21:11:25.087Z,lifecycle,False,,3,0,10,0,0.7071067811865476,0.7071067811865476
2025-10-06 04:00:00+00:00,BE,0.2653061224489796,2025-10-14T00:32:50.177Z,2025-10-03T21:10:48.574Z,lifecycle,False,,4,0,10,0,0.8660254037844386,0.5000000000000001
2025-10-06 05:00:00+00:00,BE,0.4489795918367347,2025-10-14T00:32:58.724Z,2025-10-03T21:11:07.634Z,lifecycle,False,,5,0,10,0,0.9659258262890683,0.25881904510252074
2025-10-06 06:00:00+00:00,BE,0.4115646258503401,2025-10-14T00:32:29.614Z,2025-10-03T21:11:25.087Z,lifecycle,False,,6,0,10,0,1.0,6.123233995736766e-17
2025-10-06 07:00:00+00:00,BE,0.3775510204081633,2025-10-14T00:32:58.724Z,2025-10-03T21:11:25.087Z,lifecycle,False,,7,0,10,0,0.9659258262890683,-0.25881904510252063
2025-10-06 08:00:00+00:00,BE,0.3401360544217687,2025-10-14T00:32:29.614Z,2025-10-03T21:11:07.634Z,lifecycle,False,,8,0,10,0,0.8660254037844387,-0.4999999999999998
2025-10-06 09:00:00+00:00,BE,0.2959183673469388,2025-10-14T00:32:58.724Z,2025-10-03T21:11:25.087Z,lifecycle,False,,9,0,10,0,0.7071067811865476,-0.7071067811865475
2025-10-06 10:00:00+00:00,BE,0.28911564625850344,2025-10-14T00:32:29.614Z,2025-10-03T21:11:25.087Z,lifecycle,False,,10,0,10,0,0.49999999999999994,-0.8660254037844387
2025-10-06 11:00:00+00:00,BE,0.2687074829931973,2025-10-15T00:31:45.874Z,2025-10-03T21:10:48.574Z,lifecycle,False,,11,0,10,0,0.258819045102521,-0.9659258262890682
2025-10-06 12:00:00+00:00,BE,0.24489795918367346,2025-10-14T00:32:58.724Z,2025-10-03T21:10:48.574Z,lifecycle,False,,12,0,10,0,1.2246467991473532e-16,-1.0
2025-10-06 13:00:00+00:00,BE,0.27891156462585037,2025-10-14T00:32:29.614Z,2025-10-03T21:11:25.087Z,lifecycle,False,,13,0,10,0,-0.2588190451025208,-0.9659258262890683
2025-10-06 14:00:00+00:00,BE,0.35374149659863946,2025-10-14T00:32:29.614Z,2025-10-03T21:11:07.634Z,lifecycle,False,,14,0,10,0,-0.4999999999999997,-0.8660254037844388
2025-10-06 15:00:00+00:00,BE,0.445578231292517,2025-10-14T00:32:58.724Z,2025-10-03T21:10:48.574Z,lifecycle,False,,15,0,10,0,-0.7071067811865471,-0.7071067811865479
2025-10-06 16:00:00+00:00,BE,0.5510204081632653,2025-10-14T00:32:50.177Z,2025-10-03T21:11:25.087Z,lifecycle,False,,16,0,10,0,-0.8660254037844385,-0.5000000000000004
2025-10-06 17:00:00+00:00,BE,0.6122448979591837,2025-10-14T00:32:50.177Z,2025-10-03T21:10:48.574Z,lifecycle,False,,17,0,10,0,-0.9659258262890683,-0.25881904510252063
2025-10-06 18:00:00+00:00,BE,0.693877551020408,2025-10-14T00:32:50.177Z,2025-10-03T21:11:07.634Z,lifecycle,False,,18,0,10,0,-1.0,-1.8369701987210297e-16
2025-10-06 19:00:00+00:00,BE,0.6598639455782314,2025-10-15T00:31:35.530Z,2025-10-03T21:10:48.574Z,lifecycle,False,,19,0,10,0,-0.9659258262890684,0.2588190451025203
2025-10-06 20:00:00+00:00,BE,0.6326530612244898,2025-10-14T00:32:58.724Z,2025-10-03T21:11:07.634Z,lifecycle,False,,20,0,10,0,-0.8660254037844386,0.5000000000000001
2025-10-06 21:00:00+00:00,BE,0.6666666666666667,2025-10-14T00:32:29.614Z,2025-10-03T21:11:07.634Z,lifecycle,False,,21,0,10,0,-0.7071067811865477,0.7071067811865474
2025-10-06 22:00:00+00:00,BE,0.7687074829931972,2025-10-14T00:32:58.724Z,2025-10-03T23:45:05.909Z,lifecycle,False,,22,0,10,0,-0.5000000000000004,0.8660254037844384
2025-10-06 23:00:00+00:00,BE,0.7312925170068028,2025-10-16T00:33:09.017Z,2025-10-03T23:45:34.827Z,lifecycle,False,,23,0,10,0,-0.25881904510252157,0.9659258262890681
2025-10-07 00:00:00+00:00,BE,0.693877551020408,2025-10-16T00:33:34.795Z,2025-10-04T22:41:07.846Z,lifecycle,False,,0,1,10,0,0.0,1.0
2025-10-07 01:00:00+00:00,BE,0.6734693877551021,2025-10-16T00:33:34.795Z,2025-10-04T22:40:36.796Z,lifecycle,False,,1,1,10,0,0.25881904510252074,0.9659258262890683
2025-10-07 02:00:00+00:00,BE,0.6224489795918366,2025-10-16T00:33:31.809Z,2025-10-04T23:56:05.076Z,lifecycle,False,,2,1,10,0,0.49999999999999994,0.8660254037844387
2025-10-07 03:00:00+00:00,BE,0.5748299319727892,2025-10-16T00:33:34.795Z,2025-10-04T23:56:05.076Z,lifecycle,False,,3,1,10,0,0.7071067811865476,0.7071067811865476
2025-10-07 04:00:00+00:00,BE,0.5816326530612246,2025-10-16T00:33:34.795Z,2025-10-04T23:55:48.559Z,lifecycle,False,,4,1,10,0,0.8660254037844386,0.5000000000000001
2025-10-07 05:00:00+00:00,BE,0.5850340136054422,2025-10-16T00:33:31.809Z,2025-10-04T23:55:48.559Z,lifecycle,False,,5,1,10,0,0.9659258262890683,0.25881904510252074
2025-10-07 06:00:00+00:00,BE,0.6088435374149659,2025-10-16T00:33:09.017Z,2025-10-04T23:55:48.559Z,lifecycle,False,,6,1,10,0,1.0,6.123233995736766e-17
2025-10-07 07:00:00+00:00,BE,0.5986394557823129,2025-10-16T00:33:09.017Z,2025-10-04T23:55:48.559Z,lifecycle,False,,7,1,10,0,0.9659258262890683,-0.25881904510252063
2025-10-07 08:00:00+00:00,BE,0.5782312925170068,2025-10-14T00:32:50.177Z,2025-10-04T23:55:18.487Z,lifecycle,False,,8,1,10,0,0.8660254037844387,-0.4999999999999998
2025-10-07 09:00:00+00:00,BE,0.5408163265306123,2025-10-14T00:32:54.738Z,2025-10-04T23:55:18.487Z,lifecycle,False,,9,1,10,0,0.7071067811865476,-0.7071067811865475
2025-10-07 10:00:00+00:00,BE,0.4863945578231293,2025-10-14T00:32:54.738Z,2025-10-04T23:55:18.487Z,lifecycle,False,,10,1,10,0,0.49999999999999994,-0.8660254037844387
2025-10-07 11:00:00+00:00,BE,0.489795918367347,2025-10-14T00:32:54.738Z,2025-10-04T23:56:05.076Z,lifecycle,False,,11,1,10,0,0.258819045102521,-0.9659258262890682
2025-10-07 12:00:00+00:00,BE,0.5034013605442176,2025-10-14T00:33:03.303Z,2025-10-04T23:56:05.076Z,lifecycle,False,,12,1,10,0,1.2246467991473532e-16,-1.0
2025-10-07 13:00:00+00:00,BE,0.5238095238095237,2025-10-14T00:32:35.029Z,2025-10-04T23:55:18.487Z,lifecycle,False,,13,1,10,0,-0.2588190451025208,-0.9659258262890683
2025-10-07 14:00:00+00:00,BE,0.5782312925170068,2025-10-14T00:33:03.303Z,2025-10-04T23:56:05.076Z,lifecycle,False,,14,1,10,0,-0.4999999999999997,-0.8660254037844388
2025-10-07 15:00:00+00:00,BE,0.6088435374149659,2025-10-14T00:33:03.303Z,2025-10-04T23:55:48.559Z,lifecycle,False,,15,1,10,0,-0.7071067811865471,-0.7071067811865479
2025-10-07 16:00:00+00:00,BE,0.6768707482993197,2025-10-14T00:32:54.738Z,2025-10-04T23:56:05.076Z,lifecycle,False,,16,1,10,0,-0.8660254037844385,-0.5000000000000004
2025-10-07 17:00:00+00:00,BE,0.7346938775510203,2025-10-15T00:31:35.530Z,2025-10-04T23:55:18.487Z,lifecycle,False,,17,1,10,0,-0.9659258262890683,-0.25881904510252063
2025-10-07 18:00:00+00:00,BE,0.806122448979592,2025-10-15T00:31:54.444Z,2025-10-04T23:55:18.487Z,lifecycle,False,,18,1,10,0,-1.0,-1.8369701987210297e-16
2025-10-07 19:00:00+00:00,BE,0.8197278911564627,2025-10-14T00:32:35.029Z,2025-10-04T23:56:05.076Z,lifecycle,False,,19,1,10,0,-0.9659258262890684,0.2588190451025203
2025-10-07 20:00:00+00:00,BE,0.8605442176870748,2025-10-14T00:32:35.029Z,2025-10-04T23:56:05.076Z,lifecycle,False,,20,1,10,0,-0.8660254037844386,0.5000000000000001
2025-10-07 21:00:00+00:00,BE,0.9659863945578231,2025-10-14T00:32:54.738Z,2025-10-04T23:55:48.559Z,lifecycle,False,,21,1,10,0,-0.7071067811865477,0.7071067811865474
2025-10-07 22:00:00+00:00,BE,0.9965986394557824,2025-10-14T00:32:35.029Z,2025-10-04T23:55:18.487Z,lifecycle,False,,22,1,10,0,-0.5000000000000004,0.8660254037844384
2025-10-07 23:00:00+00:00,BE,0.9659863945578231,2025-10-17T00:31:42.444Z,2025-10-04T23:55:48.559Z,lifecycle,False,,23,1,10,0,-0.25881904510252157,0.9659258262890681
2025-10-08 00:00:00+00:00,BE,0.9523809523809523,2025-10-17T00:31:47.146Z,2025-10-05T22:40:38.322Z,lifecycle,False,,0,2,10,0,0.0,1.0
2025-10-08 01:00:00+00:00,BE,0.925170068027211,2025-10-17T00:31:47.146Z,2025-10-05T22:40:53.615Z,lifecycle,False,,1,2,10,0,0.25881904510252074,0.9659258262890683
2025-10-08 02:00:00+00:00,BE,0.9285714285714286,2025-10-17T00:31:47.146Z,2025-10-05T23:42:24.437Z,lifecycle,False,,2,2,10,0,0.49999999999999994,0.8660254037844387
2025-10-08 03:00:00+00:00,BE,1.0,2025-10-17T00:31:42.444Z,2025-10-05T23:41:59.142Z,lifecycle,False,,3,2,10,0,0.7071067811865476,0.7071067811865476
2025-10-08 04:00:00+00:00,BE,0.8775510204081634,2025-10-17T00:31:47.146Z,2025-10-05T23:42:12.367Z,lifecycle,False,,4,2,10,0,0.8660254037844386,0.5000000000000001
2025-10-08 05:00:00+00:00,BE,0.8095238095238095,2025-10-17T00:31:47.146Z,2025-10-05T23:42:12.367Z,lifecycle,False,,5,2,10,0,0.9659258262890683,0.25881904510252074
2025-10-08 06:00:00+00:00,BE,0.7687074829931972,2025-10-17T00:31:47.146Z,2025-10-05T23:42:24.437Z,lifecycle,False,,6,2,10,0,1.0,6.123233995736766e-17
2025-10-08 07:00:00+00:00,BE,0.693877551020408,2025-10-17T00:31:22.696Z,2025-10-05T23:42:12.367Z,lifecycle,False,,7,2,10,0,0.9659258262890683,-0.25881904510252063
2025-10-08 08:00:00+00:00,BE,0.629251700680272,2025-10-17T00:31:47.146Z,2025-10-05T23:42:12.367Z,lifecycle,False,,8,2,10,0,0.8660254037844387,-0.4999999999999998
2025-10-08 09:00:00+00:00,BE,0.5374149659863945,2025-10-17T00:31:42.444Z,2025-10-05T23:42:12.367Z,lifecycle,False,,9,2,10,0,0.7071067811865476,-0.7071067811865475
2025-10-08 10:00:00+00:00,BE,0.5034013605442176,2025-10-17T00:31:47.146Z,2025-10-05T23:42:12.367Z,lifecycle,False,,10,2,10,0,0.49999999999999994,-0.8660254037844387
2025-10-08 11:00:00+00:00,BE,0.4557823129251701,2025-10-17T00:31:47.146Z,2025-10-05T23:42:24.437Z,lifecycle,False,,11,2,10,0,0.258819045102521,-0.9659258262890682
2025-10-08 12:00:00+00:00,BE,0.46258503401360546,2025-10-17T00:31:42.444Z,2025-10-05T23:42:24.437Z,lifecycle,False,,12,2,10,0,1.2246467991473532e-16,-1.0
2025-10-08 13:00:00+00:00,BE,0.5408163265306123,2025-10-17T00:31:47.146Z,2025-10-05T23:42:24.437Z,lifecycle,False,,13,2,10,0,-0.2588190451025208,-0.9659258262890683
2025-10-08 14:00:00+00:00,BE,0.7074829931972788,2025-10-17T00:31:47.146Z,2025-10-05T23:42:24.437Z,lifecycle,False,,14,2,10,0,-0.4999999999999997,-0.8660254037844388
2025-10-08 15:00:00+00:00,BE,0.717687074829932,2025-10-17T00:31:22.696Z,2025-10-05T23:42:24.437Z,lifecycle,False,,15,2,10,0,-0.7071067811865471,-0.7071067811865479
2025-10-08 16:00:00+00:00,BE,0.7448979591836735,2025-10-17T00:31:56.005Z,2025-10-05T23:41:59.142Z,lifecycle,False,,16,2,10,0,-0.8660254037844385,-0.5000000000000004
2025-10-08 17:00:00+00:00,BE,0.7925170068027212,2025-10-17T00:31:52.787Z,2025-10-05T23:42:12.367Z,lifecycle,False,,17,2,10,0,-0.9659258262890683,-0.25881904510252063
2025-10-08 18:00:00+00:00,BE,0.8163265306122449,2025-10-17T00:31:31.467Z,2025-10-05T23:42:12.367Z,lifecycle,False,,18,2,10,0,-1.0,-1.8369701987210297e-16
2025-10-08 19:00:00+00:00,BE,0.8333333333333333,2025-10-17T00:31:52.787Z,2025-10-05T23:42:24.437Z,lifecycle,False,,19,2,10,0,-0.9659258262890684,0.2588190451025203
2025-10-08 20:00:00+00:00,BE,0.9013605442176871,2025-10-17T00:31:52.787Z,2025-10-05T23:41:59.142Z,lifecycle,False,,20,2,10,0,-0.8660254037844386,0.5000000000000001
2025-10-08 21:00:00+00:00,BE,0.9523809523809523,2025-10-17T00:31:31.467Z,2025-10-05T23:41:59.142Z,lifecycle,False,,21,2,10,0,-0.7071067811865477,0.7071067811865474
2025-10-08 22:00:00+00:00,BE,0.9047619047619049,2025-10-17T00:31:52.787Z,2025-10-05T23:42:24.437Z,lifecycle,False,,22,2,10,0,-0.5000000000000004,0.8660254037844384
2025-10-08 23:00:00+00:00,BE,0.9013605442176871,2025-10-18T00:29:14.611Z,2025-10-05T23:42:12.367Z,lifecycle,False,,23,2,10,0,-0.25881904510252157,0.9659258262890681
2025-10-09 00:00:00+00:00,BE,0.9047619047619049,2025-10-18T00:29:34.439Z,2025-10-06T22:55:09.864Z,lifecycle,False,,0,3,10,0,0.0,1.0
2025-10-09 01:00:00+00:00,BE,0.8741496598639455,2025-10-18T00:29:39.789Z,2025-10-06T22:55:09.864Z,lifecycle,False,,1,3,10,0,0.25881904510252074,0.9659258262890683
2025-10-09 02:00:00+00:00,BE,0.8673469387755102,2025-10-18T00:29:14.611Z,2025-10-06T23:42:52.814Z,lifecycle,False,,2,3,10,0,0.49999999999999994,0.8660254037844387
2025-10-09 03:00:00+00:00,BE,0.870748299319728,2025-10-17T00:31:56.005Z,2025-10-06T23:42:52.814Z,lifecycle,False,,3,3,10,0,0.7071067811865476,0.7071067811865476
2025-10-09 04:00:00+00:00,BE,0.8265306122448981,2025-10-17T00:31:31.467Z,2025-10-06T23:42:39.935Z,lifecycle,False,,4,3,10,0,0.8660254037844386,0.5000000000000001
2025-10-09 05:00:00+00:00,BE,0.7585034013605443,2025-10-17T00:31:52.787Z,2025-10-06T23:42:39.935Z,lifecycle,False,,5,3,10,0,0.9659258262890683,0.25881904510252074
2025-10-09 06:00:00+00:00,BE,0.7040816326530612,2025-10-17T00:31:52.787Z,2025-10-06T23:42:52.814Z,lifecycle,False,,6,3,10,0,1.0,6.123233995736766e-17
2025-10-09 07:00:00+00:00,BE,0.6904761904761905,2025-10-17T00:31:31.467Z,2025-10-06T23:42:39.935Z,lifecycle,False,,7,3,10,0,0.9659258262890683,-0.25881904510252063
2025-10-09 08:00:00+00:00,BE,0.6632653061224489,2025-10-17T00:31:52.787Z,2025-10-06T23:42:52.814Z,lifecycle,False,,8,3,10,0,0.8660254037844387,-0.4999999999999998
2025-10-09 09:00:00+00:00,BE,0.5136054421768708,2025-10-17T00:31:52.787Z,2025-10-06T23:42:39.935Z,lifecycle,False,,9,3,10,0,0.7071067811865476,-0.7071067811865475
2025-10-09 10:00:00+00:00,BE,0.43197278911564624,2025-10-18T00:29:14.611Z,2025-10-06T23:42:24.482Z,lifecycle,False,,10,3,10,0,0.49999999999999994,-0.8660254037844387
2025-10-09 11:00:00+00:00,BE,0.4183673469387755,2025-10-18T00:29:39.789Z,2025-10-06T23:42:39.935Z,lifecycle,False,,11,3,10,0,0.258819045102521,-0.9659258262890682
2025-10-09 12:00:00+00:00,BE,0.42857142857142855,2025-10-18T00:29:39.789Z,2025-10-06T23:42:24.482Z,lifecycle,False,,12,3,10,0,1.2246467991473532e-16,-1.0
2025-10-09 13:00:00+00:00,BE,0.45918367346938777,2025-10-18T00:29:34.439Z,2025-10-06T23:42:24.482Z,lifecycle,False,,13,3,10,0,-0.2588190451025208,-0.9659258262890683
2025-10-09 14:00:00+00:00,BE,0.5204081632653061,2025-10-17T00:31:31.467Z,2025-10-06T23:42:39.935Z,lifecycle,False,,14,3,10,0,-0.4999999999999997,-0.8660254037844388
2025-10-09 15:00:00+00:00,BE,0.6020408163265305,2025-10-17T00:31:31.467Z,2025-10-06T23:42:39.935Z,lifecycle,False,,15,3,10,0,-0.7071067811865471,-0.7071067811865479
2025-10-09 16:00:00+00:00,BE,0.6700680272108843,2025-10-18T00:29:42.323Z,2025-10-06T23:42:52.814Z,lifecycle,False,,16,3,10,0,-0.8660254037844385,-0.5000000000000004
2025-10-09 17:00:00+00:00,BE,0.7585034013605443,2025-10-18T00:29:42.323Z,2025-10-06T23:42:52.814Z,lifecycle,False,,17,3,10,0,-0.9659258262890683,-0.25881904510252063
2025-10-09 18:00:00+00:00,BE,0.8027210884353742,2025-10-18T00:29:48.061Z,2025-10-06T23:42:24.482Z,lifecycle,False,,18,3,10,0,-1.0,-1.8369701987210297e-16
2025-10-09 19:00:00+00:00,BE,0.8027210884353742,2025-10-18T00:29:42.323Z,2025-10-06T23:42:52.814Z,lifecycle,False,,19,3,10,0,-0.9659258262890684,0.2588190451025203
2025-10-09 20:00:00+00:00,BE,0.8129251700680273,2025-10-18T00:29:42.323Z,2025-10-06T23:42:39.935Z,lifecycle,False,,20,3,10,0,-0.8660254037844386,0.5000000000000001
2025-10-09 21:00:00+00:00,BE,0.7925170068027212,2025-10-18T00:29:22.966Z,2025-10-06T23:42:39.935Z,lifecycle,False,,21,3,10,0,-0.7071067811865477,0.7071067811865474
2025-10-09 22:00:00+00:00,BE,0.7789115646258504,2025-10-17T00:31:52.787Z,2025-10-06T23:42:52.814Z,lifecycle,False,,22,3,10,0,-0.5000000000000004,0.8660254037844384
2025-10-09 23:00:00+00:00,BE,0.6836734693877551,2025-10-18T00:29:48.061Z,2025-10-06T23:42:39.935Z,lifecycle,False,,23,3,10,0,-0.25881904510252157,0.9659258262890681
2025-10-10 00:00:00+00:00,BE,0.5884353741496597,2025-10-18T00:29:22.966Z,2025-10-07T23:11:27.681Z,lifecycle,False,,0,4,10,0,0.0,1.0
2025-10-10 01:00:00+00:00,BE,0.5680272108843538,2025-10-18T00:29:22.966Z,2025-10-07T23:11:27.681Z,lifecycle,False,,1,4,10,0,0.25881904510252074,0.9659258262890683
2025-10-10 02:00:00+00:00,BE,0.5782312925170068,2025-10-18T00:29:22.966Z,2025-10-07T23:11:12.438Z,lifecycle,False,,2,4,10,0,0.49999999999999994,0.8660254037844387
2025-10-10 03:00:00+00:00,BE,0.6564625850340136,2025-10-18T00:29:22.966Z,2025-10-07T23:11:12.438Z,lifecycle,False,,3,4,10,0,0.7071067811865476,0.7071067811865476
2025-10-10 04:00:00+00:00,BE,0.7414965986394557,2025-10-18T00:29:22.966Z,2025-10-07T23:11:27.681Z,lifecycle,False,,4,4,10,0,0.8660254037844386,0.5000000000000001
2025-10-10 05:00:00+00:00,BE,0.7210884353741496,2025-10-18T00:29:22.966Z,2025-10-07T23:11:12.438Z,lifecycle,False,,5,4,10,0,0.9659258262890683,0.25881904510252074
2025-10-10 06:00:00+00:00,BE,0.7210884353741496,2025-10-18T00:29:22.966Z,2025-10-07T23:11:27.681Z,lifecycle,False,,6,4,10,0,1.0,6.123233995736766e-17
2025-10-10 07:00:00+00:00,BE,0.629251700680272,2025-10-18T00:29:48.061Z,2025-10-07T23:11:27.681Z,lifecycle,False,,7,4,10,0,0.9659258262890683,-0.25881904510252063
2025-10-10 08:00:00+00:00,BE,0.489795918367347,2025-10-18T00:29:48.061Z,2025-10-07T23:11:27.681Z,lifecycle,False,,8,4,10,0,0.8660254037844387,-0.4999999999999998
2025-10-10 09:00:00+00:00,BE,0.3673469387755102,2025-10-18T00:29:48.061Z,2025-10-07T23:10:59.975Z,lifecycle,False,,9,4,10,0,0.7071067811865476,-0.7071067811865475
2025-10-10 10:00:00+00:00,BE,0.3027210884353741,2025-10-18T00:29:48.061Z,2025-10-07T23:11:12.438Z,lifecycle,False,,10,4,10,0,0.49999999999999994,-0.8660254037844387
2025-10-10 11:00:00+00:00,BE,0.27891156462585037,2025-10-19T00:30:33.156Z,2025-10-07T23:11:12.438Z,lifecycle,False,,11,4,10,0,0.258819045102521,-0.9659258262890682
2025-10-10 12:00:00+00:00,BE,0.3095238095238095,2025-10-19T00:30:49.655Z,2025-10-07T23:11:12.438Z,lifecycle,False,,12,4,10,0,1.2246467991473532e-16,-1.0
2025-10-10 13:00:00+00:00,BE,0.4047619047619047,2025-10-18T00:29:22.966Z,2025-10-07T23:11:27.681Z,lifecycle,False,,13,4,10,0,-0.2588190451025208,-0.9659258262890683
2025-10-10 14:00:00+00:00,BE,0.5374149659863945,2025-10-18T00:29:22.966Z,2025-10-07T23:11:27.681Z,lifecycle,False,,14,4,10,0,-0.4999999999999997,-0.8660254037844388
2025-10-10 15:00:00+00:00,BE,0.6496598639455782,2025-10-18T00:29:42.323Z,2025-10-07T23:11:27.681Z,lifecycle,False,,15,4,10,0,-0.7071067811865471,-0.7071067811865479
2025-10-10 16:00:00+00:00,BE,0.6734693877551021,2025-10-18T00:29:22.966Z,2025-10-07T23:10:59.975Z,lifecycle,False,,16,4,10,0,-0.8660254037844385,-0.5000000000000004
2025-10-10 17:00:00+00:00,BE,0.6768707482993197,2025-10-19T00:31:05.551Z,2025-10-07T23:11:27.681Z,lifecycle,False,,17,4,10,0,-0.9659258262890683,-0.25881904510252063
2025-10-10 18:00:00+00:00,BE,0.7108843537414966,2025-10-19T00:30:41.246Z,2025-10-07T23:10:59.975Z,lifecycle,False,,18,4,10,0,-1.0,-1.8369701987210297e-16
2025-10-10 19:00:00+00:00,BE,0.7006802721088434,2025-10-18T00:29:48.061Z,2025-10-07T23:10:59.975Z,lifecycle,False,,19,4,10,0,-0.9659258262890684,0.2588190451025203
2025-10-10 20:00:00+00:00,BE,0.7653061224489797,2025-10-18T00:29:22.966Z,2025-10-07T23:10:59.975Z,lifecycle,False,,20,4,10,0,-0.8660254037844386,0.5000000000000001
2025-10-10 21:00:00+00:00,BE,0.7448979591836735,2025-10-18T00:29:22.966Z,2025-10-07T23:10:59.975Z,lifecycle,False,,21,4,10,0,-0.7071067811865477,0.7071067811865474
2025-10-10 22:00:00+00:00,BE,0.5952380952380951,2025-10-18T00:29:42.323Z,2025-10-07T23:10:59.975Z,lifecycle,False,,22,4,10,0,-0.5000000000000004,0.8660254037844384
2025-10-10 23:00:00+00:00,BE,0.5408163265306123,2025-10-20T00:29:15.499Z,2025-10-07T23:11:27.681Z,lifecycle,False,,23,4,10,0,-0.25881904510252157,0.9659258262890681
2025-10-11 00:00:00+00:00,BE,0.49999999999999994,2025-10-21T00:28:30.542Z,2025-10-08T22:40:35.601Z,lifecycle,False,,0,5,10,1,0.0,1.0
2025-10-11 01:00:00+00:00,BE,0.46598639455782315,2025-10-20T00:29:19.449Z,2025-10-08T22:40:48.545Z,lifecycle,False,,1,5,10,1,0.25881904510252074,0.9659258262890683
2025-10-11 02:00:00+00:00,BE,0.4387755102040816,2025-10-20T00:28:55.218Z,2025-10-08T23:54:40.301Z,lifecycle,False,,2,5,10,1,0.49999999999999994,0.8660254037844387
2025-10-11 03:00:00+00:00,BE,0.46598639455782315,2025-10-20T00:28:55.218Z,2025-10-08T23:54:55.011Z,lifecycle,False,,3,5,10,1,0.7071067811865476,0.7071067811865476
2025-10-11 04:00:00+00:00,BE,0.5510204081632653,2025-10-20T00:29:19.449Z,2025-10-08T23:55:08.225Z,lifecycle,False,,4,5,10,1,0.8660254037844386,0.5000000000000001
2025-10-11 05:00:00+00:00,BE,0.5408163265306123,2025-10-20T00:28:55.218Z,2025-10-08T23:54:40.301Z,lifecycle,False,,5,5,10,1,0.9659258262890683,0.25881904510252074
2025-10-11 06:00:00+00:00,BE,0.5068027210884354,2025-10-20T00:29:19.449Z,2025-10-08T23:55:08.225Z,lifecycle,False,,6,5,10,1,1.0,6.123233995736766e-17
2025-10-11 07:00:00+00:00,BE,0.4183673469387755,2025-10-21T00:28:30.542Z,2025-10-08T23:54:55.011Z,lifecycle,False,,7,5,10,1,0.9659258262890683,-0.25881904510252063
2025-10-11 08:00:00+00:00,BE,0.3673469387755102,2025-10-18T00:29:22.966Z,2025-10-08T23:55:08.225Z,lifecycle,False,,8,5,10,1,0.8660254037844387,-0.4999999999999998
2025-10-11 09:00:00+00:00,BE,0.31632653061224486,2025-10-20T00:29:15.499Z,2025-10-08T23:54:55.011Z,lifecycle,False,,9,5,10,1,0.7071067811865476,-0.7071067811865475
2025-10-11 10:00:00+00:00,BE,0.28911564625850344,2025-10-21T00:28:37.203Z,2025-10-08T23:55:08.225Z,lifecycle,False,,10,5,10,1,0.49999999999999994,-0.8660254037844387
2025-10-11 11:00:00+00:00,BE,0.25170068027210885,2025-10-20T00:29:19.449Z,2025-10-08T23:54:55.011Z,lifecycle,False,,11,5,10,1,0.258819045102521,-0.9659258262890682
2025-10-11 12:00:00+00:00,BE,0.25170068027210885,2025-10-20T00:29:19.449Z,2025-10-08T23:55:08.225Z,lifecycle,False,,12,5,10,1,1.2246467991473532e-16,-1.0
2025-10-11 13:00:00+00:00,BE,0.28911564625850344,2025-10-20T00:29:19.449Z,2025-10-08T23:54:55.011Z,lifecycle,False,,13,5,10,1,-0.2588190451025208,-0.9659258262890683
2025-10-11 14:00:00+00:00,BE,0.39115646258503406,2025-10-20T00:29:15.499Z,2025-10-08T23:55:08.225Z,lifecycle,False,,14,5,10,1,-0.4999999999999997,-0.8660254037844388
2025-10-11 15:00:00+00:00,BE,0.4489795918367347,2025-10-18T00:29:51.850Z,2025-10-08T23:54:40.301Z,lifecycle,False,,15,5,10,1,-0.7071067811865471,-0.7071067811865479
2025-10-11 16:00:00+00:00,BE,0.4387755102040816,2025-10-20T00:28:55.218Z,2025-10-08T23:54:55.011Z,lifecycle,False,,16,5,10,1,-0.8660254037844385,-0.5000000000000004
2025-10-11 17:00:00+00:00,BE,0.45918367346938777,2025-10-21T00:28:14.045Z,2025-10-08T23:54:40.301Z,lifecycle,False,,17,5,10,1,-0.9659258262890683,-0.25881904510252063
2025-10-11 18:00:00+00:00,BE,0.4761904761904762,2025-10-20T00:29:23.841Z,2025-10-08T23:54:55.011Z,lifecycle,False,,18,5,10,1,-1.0,-1.8369701987210297e-16
2025-10-11 19:00:00+00:00,BE,0.5238095238095237,2025-10-21T00:28:30.542Z,2025-10-08T23:55:08.225Z,lifecycle,False,,19,5,10,1,-0.9659258262890684,0.2588190451025203
2025-10-11 20:00:00+00:00,BE,0.5272108843537415,2025-10-21T00:28:14.045Z,2025-10-08T23:54:55.011Z,lifecycle,False,,20,5,10,1,-0.8660254037844386,0.5000000000000001
2025-10-11 21:00:00+00:00,BE,0.5136054421768708,2025-10-20T00:29:27.668Z,2025-10-08T23:54:40.301Z,lifecycle,False,,21,5,10,1,-0.7071067811865477,0.7071067811865474
2025-10-11 22:00:00+00:00,BE,0.39455782312925164,2025-10-18T00:29:46.156Z,2025-10-08T23:55:08.225Z,lifecycle,False,,22,5,10,1,-0.5000000000000004,0.8660254037844384
2025-10-11 23:00:00+00:00,BE,0.27891156462585037,2025-10-21T00:28:14.045Z,2025-10-08T23:54:40.301Z,lifecycle,False,,23,5,10,1,-0.25881904510252157,0.9659258262890681
2025-10-12 00:00:00+00:00,BE,0.25170068027210885,2025-10-21T00:28:30.542Z,2025-10-09T22:55:09.554Z,lifecycle,False,,0,6,10,1,0.0,1.0
2025-10-12 01:00:00+00:00,BE,0.27891156462585037,2025-10-21T00:28:14.045Z,2025-10-09T22:55:09.554Z,lifecycle,False,,1,6,10,1,0.25881904510252074,0.9659258262890683
2025-10-12 02:00:00+00:00,BE,0.28231292517006806,2025-10-21T00:28:14.045Z,2025-10-09T23:25:41.496Z,lifecycle,False,,2,6,10,1,0.49999999999999994,0.8660254037844387
2025-10-12 03:00:00+00:00,BE,0.3061224489795918,2025-10-21T00:28:14.045Z,2025-10-09T23:26:01.562Z,lifecycle,False,,3,6,10,1,0.7071067811865476,0.7071067811865476
2025-10-12 04:00:00+00:00,BE,0.3061224489795918,2025-10-21T00:28:14.045Z,2025-10-09T23:26:01.562Z,lifecycle,False,,4,6,10,1,0.8660254037844386,0.5000000000000001
2025-10-12 05:00:00+00:00,BE,0.31972789115646255,2025-10-21T00:28:30.542Z,2025-10-09T23:26:14.729Z,lifecycle,False,,5,6,10,1,0.9659258262890683,0.25881904510252074
2025-10-12 06:00:00+00:00,BE,0.3401360544217687,2025-10-21T00:28:30.542Z,2025-10-09T23:26:14.729Z,lifecycle,False,,6,6,10,1,1.0,6.123233995736766e-17
2025-10-12 07:00:00+00:00,BE,0.2687074829931973,2025-10-21T00:28:30.542Z,2025-10-09T23:26:14.729Z,lifecycle,False,,7,6,10,1,0.9659258262890683,-0.25881904510252063
2025-10-12 08:00:00+00:00,BE,0.22108843537414968,2025-10-21T00:28:30.542Z,2025-10-09T23:26:14.729Z,lifecycle,False,,8,6,10,1,0.8660254037844387,-0.4999999999999998
2025-10-12 09:00:00+00:00,BE,0.2142857142857143,2025-10-21T00:28:37.203Z,2025-10-09T23:25:41.496Z,lifecycle,False,,9,6,10,1,0.7071067811865476,-0.7071067811865475
2025-10-12 10:00:00+00:00,BE,0.14965986394557823,2025-10-21T00:28:30.542Z,2025-10-09T23:25:41.496Z,lifecycle,False,,10,6,10,1,0.49999999999999994,-0.8660254037844387
2025-10-12 11:00:00+00:00,BE,0.10204081632653061,2025-10-20T00:29:27.668Z,2025-10-09T23:26:14.729Z,lifecycle,False,,11,6,10,1,0.258819045102521,-0.9659258262890682
2025-10-12 12:00:00+00:00,BE,0.10204081632653061,2025-10-21T00:28:14.045Z,2025-10-09T23:26:14.729Z,lifecycle,False,,12,6,10,1,1.2246467991473532e-16,-1.0
2025-10-12 13:00:00+00:00,BE,0.14625850340136054,2025-10-21T00:28:30.542Z,2025-10-09T23:26:01.562Z,lifecycle,False,,13,6,10,1,-0.2588190451025208,-0.9659258262890683
2025-10-12 14:00:00+00:00,BE,0.2619047619047619,2025-10-21T00:28:30.542Z,2025-10-09T23:26:14.729Z,lifecycle,False,,14,6,10,1,-0.4999999999999997,-0.8660254037844388
2025-10-12 15:00:00+00:00,BE,0.4523809523809524,2025-10-21T00:28:30.542Z,2025-10-09T23:26:01.562Z,lifecycle,False,,15,6,10,1,-0.7071067811865471,-0.7071067811865479
2025-10-12 16:00:00+00:00,BE,0.5034013605442176,2025-10-20T00:29:23.841Z,2025-10-09T23:25:41.496Z,lifecycle,False,,16,6,10,1,-0.8660254037844385,-0.5000000000000004
2025-10-12 17:00:00+00:00,BE,0.5510204081632653,2025-10-20T00:29:03.476Z,2025-10-09T23:25:41.496Z,lifecycle,False,,17,6,10,1,-0.9659258262890683,-0.25881904510252063
2025-10-12 18:00:00+00:00,BE,0.5034013605442176,2025-10-20T00:29:03.476Z,2025-10-09T23:25:41.496Z,lifecycle,False,,18,6,10,1,-1.0,-1.8369701987210297e-16
2025-10-12 19:00:00+00:00,BE,0.5374149659863945,2025-10-20T00:29:03.476Z,2025-10-09T23:26:01.562Z,lifecycle,False,,19,6,10,1,-0.9659258262890684,0.2588190451025203
2025-10-12 20:00:00+00:00,BE,0.6088435374149659,2025-10-20T00:29:23.841Z,2025-10-09T23:26:14.729Z,lifecycle,False,,20,6,10,1,-0.8660254037844386,0.5000000000000001
2025-10-12 21:00:00+00:00,BE,0.5986394557823129,2025-10-20T00:29:27.668Z,2025-10-09T23:26:14.729Z,lifecycle,False,,21,6,10,1,-0.7071067811865477,0.7071067811865474
2025-10-12 22:00:00+00:00,BE,0.6394557823129252,2025-10-21T00:28:22.208Z,2025-10-09T23:26:01.562Z,lifecycle,False,,22,6,10,1,-0.5000000000000004,0.8660254037844384
2025-10-12 23:00:00+00:00,BE,0.6394557823129252,2025-10-21T00:28:22.208Z,2025-10-09T23:25:41.496Z,lifecycle,False,,23,6,10,1,-0.25881904510252157,0.9659258262890681
2025-10-13 00:00:00+00:00,BE,0.6428571428571428,2025-10-21T00:28:35.455Z,2025-10-10T21:39:59.848Z,lifecycle,False,,0,0,10,0,0.0,1.0
2025-10-13 01:00:00+00:00,BE,0.5306122448979591,2025-10-21T00:28:22.208Z,2025-10-10T21:40:10.357Z,lifecycle,False,,1,0,10,0,0.25881904510252074,0.9659258262890683
2025-10-13 02:00:00+00:00,BE,0.5782312925170068,2025-10-21T00:28:35.455Z,2025-10-10T21:39:43.599Z,lifecycle,False,,2,0,10,0,0.49999999999999994,0.8660254037844387
2025-10-13 03:00:00+00:00,BE,0.653061224489796,2025-10-21T00:28:22.208Z,2025-10-10T21:39:43.599Z,lifecycle,False,,3,0,10,0,0.7071067811865476,0.7071067811865476
2025-10-13 04:00:00+00:00,BE,0.6870748299319727,2025-10-21T00:28:44.876Z,2025-10-10T21:39:59.848Z,lifecycle,False,,4,0,10,0,0.8660254037844386,0.5000000000000001
2025-10-13 05:00:00+00:00,BE,0.7142857142857142,2025-10-21T00:28:22.208Z,2025-10-10T21:39:43.599Z,lifecycle,False,,5,0,10,0,0.9659258262890683,0.25881904510252074
2025-10-13 06:00:00+00:00,BE,0.6326530612244898,2025-10-21T00:28:44.876Z,2025-10-10T21:40:10.357Z,lifecycle,False,,6,0,10,0,1.0,6.123233995736766e-17
2025-10-13 07:00:00+00:00,BE,0.5952380952380951,2025-10-21T00:28:44.876Z,2025-10-10T21:40:10.357Z,lifecycle,False,,7,0,10,0,0.9659258262890683,-0.25881904510252063
2025-10-13 08:00:00+00:00,BE,0.5612244897959184,2025-10-21T00:28:44.876Z,2025-10-10T21:40:10.357Z,lifecycle,False,,8,0,10,0,0.8660254037844387,-0.4999999999999998
2025-10-13 09:00:00+00:00,BE,0.5680272108843538,2025-10-21T00:28:22.208Z,2025-10-10T21:40:10.357Z,lifecycle,False,,9,0,10,0,0.7071067811865476,-0.7071067811865475
2025-10-13 10:00:00+00:00,BE,0.5816326530612246,2025-10-21T00:28:22.208Z,2025-10-10T21:39:43.599Z,lifecycle,False,,10,0,10,0,0.49999999999999994,-0.8660254037844387
2025-10-13 11:00:00+00:00,BE,0.5748299319727892,2025-10-21T00:28:22.208Z,2025-10-10T21:39:43.599Z,lifecycle,False,,11,0,10,0,0.258819045102521,-0.9659258262890682
2025-10-13 12:00:00+00:00,BE,0.5714285714285714,2025-10-21T00:28:44.876Z,2025-10-10T21:39:59.848Z,lifecycle,False,,12,0,10,0,1.2246467991473532e-16,-1.0
2025-10-13 13:00:00+00:00,BE,0.5748299319727892,2025-10-21T00:28:22.208Z,2025-10-10T21:39:59.848Z,lifecycle,False,,13,0,10,0,-0.2588190451025208,-0.9659258262890683
2025-10-13 14:00:00+00:00,BE,0.5816326530612246,2025-10-21T00:28:44.876Z,2025-10-10T21:39:59.848Z,lifecycle,False,,14,0,10,0,-0.4999999999999997,-0.8660254037844388
2025-10-13 15:00:00+00:00,BE,0.5748299319727892,2025-10-21T00:28:35.455Z,2025-10-10T21:39:43.599Z,lifecycle,False,,15,0,10,0,-0.7071067811865471,-0.7071067811865479
2025-10-13 16:00:00+00:00,BE,0.6224489795918366,2025-10-21T00:28:22.208Z,2025-10-10T21:40:10.357Z,lifecycle,False,,16,0,10,0,-0.8660254037844385,-0.5000000000000004
2025-10-13 17:00:00+00:00,BE,0.653061224489796,2025-10-21T00:28:35.455Z,2025-10-10T21:40:10.357Z,lifecycle,False,,17,0,10,0,-0.9659258262890683,-0.25881904510252063
2025-10-13 18:00:00+00:00,BE,0.629251700680272,2025-10-21T00:28:35.455Z,2025-10-10T21:39:59.848Z,lifecycle,False,,18,0,10,0,-1.0,-1.8369701987210297e-16
2025-10-13 19:00:00+00:00,BE,0.6190476190476191,2025-10-21T00:28:44.876Z,2025-10-10T21:39:43.599Z,lifecycle,False,,19,0,10,0,-0.9659258262890684,0.2588190451025203
2025-10-13 20:00:00+00:00,BE,0.7312925170068028,2025-10-21T00:28:44.876Z,2025-10-10T21:40:10.357Z,lifecycle,False,,20,0,10,0,-0.8660254037844386,0.5000000000000001
2025-10-13 21:00:00+00:00,BE,0.8503401360544218,2025-10-21T00:28:44.876Z,2025-10-10T21:40:10.357Z,lifecycle,False,,21,0,10,0,-0.7071067811865477,0.7071067811865474
2025-10-13 22:00:00+00:00,BE,0.9421768707482994,2025-10-21T00:28:22.208Z,2025-10-10T23:25:07.935Z,lifecycle,False,,22,0,10,0,-0.5000000000000004,0.8660254037844384
2025-10-13 23:00:00+00:00,BE,0.9387755102040816,2025-10-23T00:32:43.007Z,2025-10-10T23:25:21.093Z,lifecycle,False,,23,0,10,0,-0.25881904510252157,0.9659258262890681
2025-10-14 00:00:00+00:00,BE,0.9591836734693877,2025-10-23T00:32:44.880Z,2025-10-11T22:40:39.864Z,lifecycle,False,,0,1,10,0,0.0,1.0
2025-10-14 01:00:00+00:00,BE,0.9013605442176871,2025-10-23T00:32:44.880Z,2025-10-11T22:40:28.584Z,lifecycle,False,,1,1,10,0,0.25881904510252074,0.9659258262890683
2025-10-14 02:00:00+00:00,BE,0.8843537414965987,2025-10-23T00:32:44.880Z,2025-10-11T23:10:08.792Z,lifecycle,False,,2,1,10,0,0.49999999999999994,0.8660254037844387
2025-10-14 03:00:00+00:00,BE,0.8741496598639455,2025-10-23T00:32:21.977Z,2025-10-11T23:09:54.229Z,lifecycle,False,,3,1,10,0,0.7071067811865476,0.7071067811865476
2025-10-14 04:00:00+00:00,BE,0.8503401360544218,2025-10-23T00:32:21.977Z,2025-10-11T23:09:54.229Z,lifecycle,False,,4,1,10,0,0.8660254037844386,0.5000000000000001
2025-10-14 05:00:00+00:00,BE,0.7687074829931972,2025-10-23T00:32:43.007Z,2025-10-11T23:10:22.851Z,lifecycle,False,,5,1,10,0,0.9659258262890683,0.25881904510252074
2025-10-14 06:00:00+00:00,BE,0.7244897959183674,2025-10-23T00:32:44.880Z,2025-10-11T23:10:22.851Z,lifecycle,False,,6,1,10,0,1.0,6.123233995736766e-17
2025-10-14 07:00:00+00:00,BE,0.6632653061224489,2025-10-23T00:32:44.880Z,2025-10-11T23:10:22.851Z,lifecycle,False,,7,1,10,0,0.9659258262890683,-0.25881904510252063
2025-10-14 08:00:00+00:00,BE,0.5816326530612246,2025-10-23T00:32:21.977Z,2025-10-11T23:10:22.851Z,lifecycle,False,,8,1,10,0,0.8660254037844387,-0.4999999999999998
2025-10-14 09:00:00+00:00,BE,0.5680272108843538,2025-10-23T00:32:43.007Z,2025-10-11T23:09:54.229Z,lifecycle,False,,9,1,10,0,0.7071067811865476,-0.7071067811865475
2025-10-14 10:00:00+00:00,BE,0.5816326530612246,2025-10-23T00:32:43.007Z,2025-10-11T23:10:22.851Z,lifecycle,False,,10,1,10,0,0.49999999999999994,-0.8660254037844387
2025-10-14 11:00:00+00:00,BE,0.5612244897959184,2025-10-23T00:32:21.977Z,2025-10-11T23:10:08.792Z,lifecycle,False,,11,1,10,0,0.258819045102521,-0.9659258262890682
2025-10-14 12:00:00+00:00,BE,0.5612244897959184,2025-10-23T00:32:44.880Z,2025-10-11T23:10:08.792Z,lifecycle,False,,12,1,10,0,1.2246467991473532e-16,-1.0
2025-10-14 13:00:00+00:00,BE,0.5680272108843538,2025-10-23T00:32:44.880Z,2025-10-11T23:10:08.792Z,lifecycle,False,,13,1,10,0,-0.2588190451025208,-0.9659258262890683
2025-10-14 14:00:00+00:00,BE,0.6088435374149659,2025-10-23T00:32:43.007Z,2025-10-11T23:10:08.792Z,lifecycle,False,,14,1,10,0,-0.4999999999999997,-0.8660254037844388
2025-10-14 15:00:00+00:00,BE,0.6258503401360545,2025-10-23T00:32:43.007Z,2025-10-11T23:10:22.851Z,lifecycle,False,,15,1,10,0,-0.7071067811865471,-0.7071067811865479
2025-10-14 16:00:00+00:00,BE,0.6904761904761905,2025-10-23T00:32:48.486Z,2025-10-11T23:10:22.851Z,lifecycle,False,,16,1,10,0,-0.8660254037844385,-0.5000000000000004
2025-10-14 17:00:00+00:00,BE,0.7074829931972788,2025-10-23T00:32:52.736Z,2025-10-11T23:10:22.851Z,lifecycle,False,,17,1,10,0,-0.9659258262890683,-0.25881904510252063
2025-10-14 18:00:00+00:00,BE,0.693877551020408,2025-10-23T00:32:29.933Z,2025-10-11T23:10:22.851Z,lifecycle,False,,18,1,10,0,-1.0,-1.8369701987210297e-16
2025-10-14 19:00:00+00:00,BE,0.717687074829932,2025-10-23T00:32:52.736Z,2025-10-11T23:10:22.851Z,lifecycle,False,,19,1,10,0,-0.9659258262890684,0.2588190451025203
2025-10-14 20:00:00+00:00,BE,0.7448979591836735,2025-10-23T00:32:29.933Z,2025-10-11T23:09:54.229Z,lifecycle,False,,20,1,10,0,-0.8660254037844386,0.5000000000000001
2025-10-14 21:00:00+00:00,BE,0.7857142857142858,2025-10-23T00:32:48.486Z,2025-10-11T23:10:22.851Z,lifecycle,False,,21,1,10,0,-0.7071067811865477,0.7071067811865474
2025-10-14 22:00:00+00:00,BE,0.925170068027211,2025-10-23T00:32:29.933Z,2025-10-11T23:09:54.229Z,lifecycle,False,,22,1,10,0,-0.5000000000000004,0.8660254037844384
2025-10-14 23:00:00+00:00,BE,0.935374149659864,2025-10-24T00:32:52.121Z,2025-10-11T23:09:54.229Z,lifecycle,False,,23,1,10,0,-0.25881904510252157,0.9659258262890681
2025-10-15 00:00:00+00:00,BE,0.9591836734693877,2025-10-24T00:32:52.121Z,2025-10-12T22:41:57.346Z,lifecycle,False,,0,2,10,0,0.0,1.0
2025-10-15 01:00:00+00:00,BE,0.9591836734693877,2025-10-24T00:32:39.282Z,2025-10-12T22:40:36.158Z,lifecycle,False,,1,2,10,0,0.25881904510252074,0.9659258262890683
2025-10-15 02:00:00+00:00,BE,0.9557823129251701,2025-10-24T00:32:39.282Z,2025-10-12T23:25:03.329Z,lifecycle,False,,2,2,10,0,0.49999999999999994,0.8660254037844387
2025-10-15 03:00:00+00:00,BE,0.9625850340136055,2025-10-24T00:32:39.282Z,2025-10-12T23:25:08.291Z,lifecycle,False,,3,2,10,0,0.7071067811865476,0.7071067811865476
2025-10-15 04:00:00+00:00,BE,0.8537414965986394,2025-10-24T00:32:39.282Z,2025-10-12T23:24:50.600Z,lifecycle,False,,4,2,10,0,0.8660254037844386,0.5000000000000001
2025-10-15 05:00:00+00:00,BE,0.7993197278911566,2025-10-24T00:32:16.935Z,2025-10-12T23:24:50.600Z,lifecycle,False,,5,2,10,0,0.9659258262890683,0.25881904510252074
2025-10-15 06:00:00+00:00,BE,0.7619047619047619,2025-10-24T00:32:16.935Z,2025-10-12T23:25:03.329Z,lifecycle,False,,6,2,10,0,1.0,6.123233995736766e-17
2025-10-15 07:00:00+00:00,BE,0.6972789115646258,2025-10-24T00:32:52.121Z,2025-10-12T23:25:08.291Z,lifecycle,False,,7,2,10,0,0.9659258262890683,-0.25881904510252063
2025-10-15 08:00:00+00:00,BE,0.653061224489796,2025-10-24T00:32:52.121Z,2025-10-12T23:25:03.329Z,lifecycle,False,,8,2,10,0,0.8660254037844387,-0.4999999999999998
2025-10-15 09:00:00+00:00,BE,0.6326530612244898,2025-10-24T00:32:16.935Z,2025-10-12T23:25:08.291Z,lifecycle,False,,9,2,10,0,0.7071067811865476,-0.7071067811865475
2025-10-15 10:00:00+00:00,BE,0.564625850340136,2025-10-24T00:32:39.282Z,2025-10-12T23:24:50.600Z,lifecycle,False,,10,2,10,0,0.49999999999999994,-0.8660254037844387
2025-10-15 11:00:00+00:00,BE,0.6360544217687074,2025-10-24T00:32:52.121Z,2025-10-12T23:25:03.329Z,lifecycle,False,,11,2,10,0,0.258819045102521,-0.9659258262890682
2025-10-15 12:00:00+00:00,BE,0.6258503401360545,2025-10-24T00:32:16.935Z,2025-10-12T23:25:03.329Z,lifecycle,False,,12,2,10,0,1.2246467991473532e-16,-1.0
2025-10-15 13:00:00+00:00,BE,0.5612244897959184,2025-10-24T00:32:16.935Z,2025-10-12T23:25:03.329Z,lifecycle,False,,13,2,10,0,-0.2588190451025208,-0.9659258262890683
2025-10-15 14:00:00+00:00,BE,0.5612244897959184,2025-10-24T00:32:16.935Z,2025-10-12T23:25:08.291Z,lifecycle,False,,14,2,10,0,-0.4999999999999997,-0.8660254037844388
2025-10-15 15:00:00+00:00,BE,0.5782312925170068,2025-10-24T00:32:39.282Z,2025-10-12T23:24:50.600Z,lifecycle,False,,15,2,10,0,-0.7071067811865471,-0.7071067811865479
2025-10-15 16:00:00+00:00,BE,0.6122448979591837,2025-10-24T00:32:47.570Z,2025-10-12T23:25:08.291Z,lifecycle,False,,16,2,10,0,-0.8660254037844385,-0.5000000000000004
2025-10-15 17:00:00+00:00,BE,0.6632653061224489,2025-10-24T00:32:59.925Z,2025-10-12T23:24:50.600Z,lifecycle,False,,17,2,10,0,-0.9659258262890683,-0.25881904510252063
2025-10-15 18:00:00+00:00,BE,0.653061224489796,2025-10-24T00:32:25.343Z,2025-10-12T23:25:03.329Z,lifecycle,False,,18,2,10,0,-1.0,-1.8369701987210297e-16
2025-10-15 19:00:00+00:00,BE,0.8095238095238095,2025-10-24T00:32:59.925Z,2025-10-12T23:25:03.329Z,lifecycle,False,,19,2,10,0,-0.9659258262890684,0.2588190451025203
2025-10-15 20:00:00+00:00,BE,0.7619047619047619,2025-10-24T00:32:25.343Z,2025-10-12T23:24:50.600Z,lifecycle,False,,20,2,10,0,-0.8660254037844386,0.5000000000000001
2025-10-15 21:00:00+00:00,BE,0.8571428571428572,2025-10-24T00:32:59.925Z,2025-10-12T23:25:08.291Z,lifecycle,False,,21,2,10,0,-0.7071067811865477,0.7071067811865474
2025-10-15 22:00:00+00:00,BE,0.806122448979592,2025-10-24T00:32:25.343Z,2025-10-12T23:24:50.600Z,lifecycle,False,,22,2,10,0,-0.5000000000000004,0.8660254037844384
2025-10-15 23:00:00+00:00,BE,0.8911564625850341,2025-10-26T00:34:25.941Z,2025-10-12T23:25:08.291Z,lifecycle,False,,23,2,10,0,-0.25881904510252157,0.9659258262890681
2025-10-16 00:00:00+00:00,BE,0.8299319727891157,2025-10-25T00:32:05.147Z,2025-10-13T22:55:54.223Z,lifecycle,False,,0,3,10,0,0.0,1.0
2025-10-16 01:00:00+00:00,BE,0.7687074829931972,2025-10-24T00:32:59.925Z,2025-10-13T22:55:42.787Z,lifecycle,False,,1,3,10,0,0.25881904510252074,0.9659258262890683
2025-10-16 02:00:00+00:00,BE,0.7993197278911566,2025-10-26T00:34:25.941Z,2025-10-13T23:25:19.124Z,lifecycle,False,,2,3,10,0,0.49999999999999994,0.8660254037844387
2025-10-16 03:00:00+00:00,BE,0.8775510204081634,2025-10-26T00:34:25.413Z,2025-10-13T23:24:53.868Z,lifecycle,False,,3,3,10,0,0.7071067811865476,0.7071067811865476
2025-10-16 04:00:00+00:00,BE,0.8129251700680273,2025-10-26T00:34:25.941Z,2025-10-13T23:24:53.868Z,lifecycle,False,,4,3,10,0,0.8660254037844386,0.5000000000000001
2025-10-16 05:00:00+00:00,BE,0.8231292517006803,2025-10-26T00:34:25.413Z,2025-10-13T23:24:53.868Z,lifecycle,False,,5,3,10,0,0.9659258262890683,0.25881904510252074
2025-10-16 06:00:00+00:00,BE,0.8333333333333333,2025-10-26T00:34:06.029Z,2025-10-13T23:24:53.868Z,lifecycle,False,,6,3,10,0,1.0,6.123233995736766e-17
2025-10-16 07:00:00+00:00,BE,0.782312925170068,2025-10-26T00:34:25.941Z,2025-10-13T23:25:19.124Z,lifecycle,False,,7,3,10,0,0.9659258262890683,-0.25881904510252063
2025-10-16 08:00:00+00:00,BE,0.6428571428571428,2025-10-26T00:34:25.413Z,2025-10-13T23:25:07.097Z,lifecycle,False,,8,3,10,0,0.8660254037844387,-0.4999999999999998
2025-10-16 09:00:00+00:00,BE,0.5510204081632653,2025-10-26T00:34:06.029Z,2025-10-13T23:24:53.868Z,lifecycle,False,,9,3,10,0,0.7071067811865476,-0.7071067811865475
2025-10-16 10:00:00+00:00,BE,0.5068027210884354,2025-10-26T00:34:25.413Z,2025-10-13T23:24:53.868Z,lifecycle,False,,10,3,10,0,0.49999999999999994,-0.8660254037844387
2025-10-16 11:00:00+00:00,BE,0.46938775510204084,2025-10-26T00:34:25.413Z,2025-10-13T23:25:19.124Z,lifecycle,False,,11,3,10,0,0.258819045102521,-0.9659258262890682
2025-10-16 12:00:00+00:00,BE,0.49999999999999994,2025-10-26T00:34:25.413Z,2025-10-13T23:25:19.124Z,lifecycle,False,,12,3,10,0,1.2246467991473532e-16,-1.0
2025-10-16 13:00:00+00:00,BE,0.5442176870748299,2025-10-26T00:34:06.029Z,2025-10-13T23:25:19.124Z,lifecycle,False,,13,3,10,0,-0.2588190451025208,-0.9659258262890683
2025-10-16 14:00:00+00:00,BE,0.629251700680272,2025-10-26T00:34:06.029Z,2025-10-13T23:25:07.097Z,lifecycle,False,,14,3,10,0,-0.4999999999999997,-0.8660254037844388
2025-10-16 15:00:00+00:00,BE,0.6870748299319727,2025-10-26T00:34:25.413Z,2025-10-13T23:24:53.868Z,lifecycle,False,,15,3,10,0,-0.7071067811865471,-0.7071067811865479
2025-10-16 16:00:00+00:00,BE,0.772108843537415,2025-10-26T00:34:06.029Z,2025-10-13T23:25:19.124Z,lifecycle,False,,16,3,10,0,-0.8660254037844385,-0.5000000000000004
2025-10-16 17:00:00+00:00,BE,0.870748299319728,2025-10-26T00:34:25.941Z,2025-10-13T23:25:19.124Z,lifecycle,False,,17,3,10,0,-0.9659258262890683,-0.25881904510252063
2025-10-16 18:00:00+00:00,BE,0.8673469387755102,2025-10-26T00:34:25.413Z,2025-10-13T23:25:07.097Z,lifecycle,False,,18,3,10,0,-1.0,-1.8369701987210297e-16
2025-10-16 19:00:00+00:00,BE,0.8197278911564627,2025-10-26T00:34:25.413Z,2025-10-13T23:24:53.868Z,lifecycle,False,,19,3,10,0,-0.9659258262890684,0.2588190451025203
2025-10-16 20:00:00+00:00,BE,0.9013605442176871,2025-10-26T00:34:06.029Z,2025-10-13T23:25:19.124Z,lifecycle,False,,20,3,10,0,-0.8660254037844386,0.5000000000000001
2025-10-16 21:00:00+00:00,BE,0.8809523809523809,2025-10-26T00:34:06.029Z,2025-10-13T23:25:07.097Z,lifecycle,False,,21,3,10,0,-0.7071067811865477,0.7071067811865474
2025-10-16 22:00:00+00:00,BE,0.925170068027211,2025-10-26T00:34:25.413Z,2025-10-13T23:25:07.097Z,lifecycle,False,,22,3,10,0,-0.5000000000000004,0.8660254037844384
2025-10-16 23:00:00+00:00,BE,0.8809523809523809,2025-10-26T00:34:25.413Z,2025-10-13T23:25:07.097Z,lifecycle,False,,23,3,10,0,-0.25881904510252157,0.9659258262890681
2025-10-17 00:00:00+00:00,BE,0.8741496598639455,2025-10-26T00:34:25.413Z,2025-10-14T22:56:36.659Z,lifecycle,False,,0,4,10,0,0.0,1.0
2025-10-17 01:00:00+00:00,BE,0.8877551020408163,2025-10-26T00:34:06.029Z,2025-10-14T22:56:36.659Z,lifecycle,False,,1,4,10,0,0.25881904510252074,0.9659258262890683
2025-10-17 02:00:00+00:00,BE,0.9047619047619049,2025-10-26T00:34:06.029Z,2025-10-14T23:26:06.780Z,lifecycle,False,,2,4,10,0,0.49999999999999994,0.8660254037844387
2025-10-17 03:00:00+00:00,BE,0.9149659863945578,2025-10-26T00:34:25.413Z,2025-10-14T23:26:06.780Z,lifecycle,False,,3,4,10,0,0.7071067811865476,0.7071067811865476
2025-10-17 04:00:00+00:00,BE,0.8843537414965987,2025-10-26T00:34:06.029Z,2025-10-14T23:26:06.780Z,lifecycle,False,,4,4,10,0,0.8660254037844386,0.5000000000000001
2025-10-17 05:00:00+00:00,BE,0.8299319727891157,2025-10-26T00:34:25.413Z,2025-10-14T23:26:06.780Z,lifecycle,False,,5,4,10,0,0.9659258262890683,0.25881904510252074
2025-10-17 06:00:00+00:00,BE,0.8265306122448981,2025-10-26T00:34:25.941Z,2025-10-14T23:25:51.908Z,lifecycle,False,,6,4,10,0,1.0,6.123233995736766e-17
2025-10-17 07:00:00+00:00,BE,0.8231292517006803,2025-10-26T00:34:25.941Z,2025-10-14T23:26:06.780Z,lifecycle,False,,7,4,10,0,0.9659258262890683,-0.25881904510252063
2025-10-17 08:00:00+00:00,BE,0.7517006802721089,2025-10-26T00:34:06.029Z,2025-10-14T23:25:51.908Z,lifecycle,False,,8,4,10,0,0.8660254037844387,-0.4999999999999998
2025-10-17 09:00:00+00:00,BE,0.6360544217687074,2025-10-26T00:34:06.029Z,2025-10-14T23:25:51.908Z,lifecycle,False,,9,4,10,0,0.7071067811865476,-0.7071067811865475
2025-10-17 10:00:00+00:00,BE,0.5850340136054422,2025-10-26T00:34:25.413Z,2025-10-14T23:26:15.840Z,lifecycle,False,,10,4,10,0,0.49999999999999994,-0.8660254037844387
2025-10-17 11:00:00+00:00,BE,0.5272108843537415,2025-10-26T00:34:25.941Z,2025-10-14T23:26:06.780Z,lifecycle,False,,11,4,10,0,0.258819045102521,-0.9659258262890682
2025-10-17 12:00:00+00:00,BE,0.5612244897959184,2025-10-26T00:34:25.941Z,2025-10-14T23:26:06.780Z,lifecycle,False,,12,4,10,0,1.2246467991473532e-16,-1.0
2025-10-17 13:00:00+00:00,BE,0.5714285714285714,2025-10-26T00:34:25.941Z,2025-10-14T23:26:15.840Z,lifecycle,False,,13,4,10,0,-0.2588190451025208,-0.9659258262890683
2025-10-17 14:00:00+00:00,BE,0.6632653061224489,2025-10-26T00:34:25.941Z,2025-10-14T23:26:06.780Z,lifecycle,False,,14,4,10,0,-0.4999999999999997,-0.8660254037844388
2025-10-17 15:00:00+00:00,BE,0.7346938775510203,2025-10-26T00:34:33.608Z,2025-10-14T23:26:15.840Z,lifecycle,False,,15,4,10,0,-0.7071067811865471,-0.7071067811865479
2025-10-17 16:00:00+00:00,BE,0.8333333333333333,2025-10-26T00:34:33.011Z,2025-10-14T23:26:06.780Z,lifecycle,False,,16,4,10,0,-0.8660254037844385,-0.5000000000000004
2025-10-17 17:00:00+00:00,BE,0.9659863945578231,2025-10-26T00:34:15.242Z,2025-10-14T23:25:51.908Z,lifecycle,False,,17,4,10,0,-0.9659258262890683,-0.25881904510252063
2025-10-17 18:00:00+00:00,BE,0.9149659863945578,2025-10-26T00:34:15.242Z,2025-10-14T23:26:15.840Z,lifecycle,False,,18,4,10,0,-1.0,-1.8369701987210297e-16
2025-10-17 19:00:00+00:00,BE,0.9387755102040816,2025-10-26T00:34:33.011Z,2025-10-14T23:26:15.840Z,lifecycle,False,,19,4,10,0,-0.9659258262890684,0.2588190451025203
2025-10-17 20:00:00+00:00,BE,0.9421768707482994,2025-10-26T00:34:33.011Z,2025-10-14T23:25:51.908Z,lifecycle,False,,20,4,10,0,-0.8660254037844386,0.5000000000000001
2025-10-17 21:00:00+00:00,BE,0.8605442176870748,2025-10-26T00:34:33.608Z,2025-10-14T23:26:15.840Z,lifecycle,False,,21,4,10,0,-0.7071067811865477,0.7071067811865474
2025-10-17 22:00:00+00:00,BE,0.806122448979592,2025-10-26T00:34:33.011Z,2025-10-14T23:25:51.908Z,lifecycle,False,,22,4,10,0,-0.5000000000000004,0.8660254037844384
2025-10-17 23:00:00+00:00,BE,0.846938775510204,2025-10-26T00:34:33.608Z,2025-10-14T23:25:51.908Z,lifecycle,False,,23,4,10,0,-0.25881904510252157,0.9659258262890681
2025-10-18 00:00:00+00:00,BE,0.8095238095238095,2025-10-27T01:30:37.120Z,2025-10-15T22:39:39.513Z,lifecycle,False,,0,5,10,1,0.0,1.0
2025-10-18 01:00:00+00:00,BE,0.717687074829932,2025-10-27T01:30:15.979Z,2025-10-15T22:39:53.727Z,lifecycle,False,,1,5,10,1,0.25881904510252074,0.9659258262890683
2025-10-18 02:00:00+00:00,BE,0.6870748299319727,2025-10-27T01:30:37.120Z,2025-10-15T23:56:35.065Z,lifecycle,False,,2,5,10,1,0.49999999999999994,0.8660254037844387
2025-10-18 03:00:00+00:00,BE,0.6802721088435375,2025-10-27T01:30:37.120Z,2025-10-15T23:56:35.065Z,lifecycle,False,,3,5,10,1,0.7071067811865476,0.7071067811865476
2025-10-18 04:00:00+00:00,BE,0.6768707482993197,2025-10-27T01:30:37.120Z,2025-10-15T23:56:27.344Z,lifecycle,False,,4,5,10,1,0.8660254037844386,0.5000000000000001
2025-10-18 05:00:00+00:00,BE,0.653061224489796,2025-10-27T01:30:15.979Z,2025-10-15T23:56:35.065Z,lifecycle,False,,5,5,10,1,0.9659258262890683,0.25881904510252074
2025-10-18 06:00:00+00:00,BE,0.6326530612244898,2025-10-27T01:30:37.120Z,2025-10-15T23:56:27.344Z,lifecycle,False,,6,5,10,1,1.0,6.123233995736766e-17
2025-10-18 07:00:00+00:00,BE,0.5748299319727892,2025-10-27T01:30:45.990Z,2025-10-15T23:56:17.524Z,lifecycle,False,,7,5,10,1,0.9659258262890683,-0.25881904510252063
2025-10-18 08:00:00+00:00,BE,0.3435374149659864,2025-10-27T01:30:45.990Z,2025-10-15T23:56:17.524Z,lifecycle,False,,8,5,10,1,0.8660254037844387,-0.4999999999999998
2025-10-18 09:00:00+00:00,BE,0.2108843537414966,2025-10-27T01:30:15.979Z,2025-10-15T23:56:17.524Z,lifecycle,False,,9,5,10,1,0.7071067811865476,-0.7071067811865475
2025-10-18 10:00:00+00:00,BE,0.13945578231292516,2025-10-27T01:30:37.120Z,2025-10-15T23:56:17.524Z,lifecycle,False,,10,5,10,1,0.49999999999999994,-0.8660254037844387
2025-10-18 11:00:00+00:00,BE,0.13605442176870747,2025-10-27T01:30:37.120Z,2025-10-15T23:56:17.524Z,lifecycle,False,,11,5,10,1,0.258819045102521,-0.9659258262890682
2025-10-18 12:00:00+00:00,BE,0.1598639455782313,2025-10-27T01:30:15.979Z,2025-10-15T23:56:35.065Z,lifecycle,False,,12,5,10,1,1.2246467991473532e-16,-1.0
2025-10-18 13:00:00+00:00,BE,0.18707482993197277,2025-10-27T01:30:15.979Z,2025-10-15T23:56:35.065Z,lifecycle,False,,13,5,10,1,-0.2588190451025208,-0.9659258262890683
2025-10-18 14:00:00+00:00,BE,0.272108843537415,2025-10-27T01:30:37.120Z,2025-10-15T23:56:27.344Z,lifecycle,False,,14,5,10,1,-0.4999999999999997,-0.8660254037844388
2025-10-18 15:00:00+00:00,BE,0.43197278911564624,2025-10-27T01:30:15.979Z,2025-10-15T23:56:27.344Z,lifecycle,False,,15,5,10,1,-0.7071067811865471,-0.7071067811865479
2025-10-18 16:00:00+00:00,BE,0.49999999999999994,2025-10-27T01:30:45.990Z,2025-10-15T23:56:17.524Z,lifecycle,False,,16,5,10,1,-0.8660254037844385,-0.5000000000000004
2025-10-18 17:00:00+00:00,BE,0.5578231292517006,2025-10-27T01:30:15.979Z,2025-10-15T23:56:35.065Z,lifecycle,False,,17,5,10,1,-0.9659258262890683,-0.25881904510252063
2025-10-18 18:00:00+00:00,BE,0.653061224489796,2025-10-27T01:31:02.878Z,2025-10-15T23:56:27.344Z,lifecycle,False,,18,5,10,1,-1.0,-1.8369701987210297e-16
2025-10-18 19:00:00+00:00,BE,0.5680272108843538,2025-10-27T01:31:02.878Z,2025-10-15T23:56:17.524Z,lifecycle,False,,19,5,10,1,-0.9659258262890684,0.2588190451025203
2025-10-18 20:00:00+00:00,BE,0.6020408163265305,2025-10-27T01:30:23.712Z,2025-10-15T23:56:35.065Z,lifecycle,False,,20,5,10,1,-0.8660254037844386,0.5000000000000001
2025-10-18 21:00:00+00:00,BE,0.6156462585034013,2025-10-27T01:30:44.894Z,2025-10-15T23:56:27.344Z,lifecycle,False,,21,5,10,1,-0.7071067811865477,0.7071067811865474
2025-10-18 22:00:00+00:00,BE,0.4523809523809524,2025-10-27T01:30:23.712Z,2025-10-15T23:56:35.065Z,lifecycle,False,,22,5,10,1,-0.5000000000000004,0.8660254037844384
2025-10-18 23:00:00+00:00,BE,0.39795918367346933,2025-10-27T01:30:23.712Z,2025-10-15T23:56:35.065Z,lifecycle,False,,23,5,10,1,-0.25881904510252157,0.9659258262890681
2025-10-19 00:00:00+00:00,BE,0.3299319727891156,2025-10-27T01:30:44.894Z,2025-10-16T22:40:40.409Z,lifecycle,False,,0,6,10,1,0.0,1.0
2025-10-19 01:00:00+00:00,BE,0.3027210884353741,2025-10-27T01:30:23.712Z,2025-10-16T22:40:16.740Z,lifecycle,False,,1,6,10,1,0.25881904510252074,0.9659258262890683
2025-10-19 02:00:00+00:00,BE,0.2755102040816327,2025-10-27T01:30:23.712Z,2025-10-16T23:40:37.918Z,lifecycle,False,,2,6,10,1,0.49999999999999994,0.8660254037844387
2025-10-19 03:00:00+00:00,BE,0.2619047619047619,2025-10-27T01:30:23.712Z,2025-10-16T23:40:59.962Z,lifecycle,False,,3,6,10,1,0.7071067811865476,0.7071067811865476
2025-10-19 04:00:00+00:00,BE,0.28911564625850344,2025-10-27T01:30:23.712Z,2025-10-16T23:40:59.962Z,lifecycle,False,,4,6,10,1,0.8660254037844386,0.5000000000000001
2025-10-19 05:00:00+00:00,BE,0.28571428571428575,2025-10-27T01:31:02.878Z,2025-10-16T23:40:17.156Z,lifecycle,False,,5,6,10,1,0.9659258262890683,0.25881904510252074
2025-10-19 06:00:00+00:00,BE,0.3061224489795918,2025-10-27T01:30:23.712Z,2025-10-16T23:40:17.156Z,lifecycle,False,,6,6,10,1,1.0,6.123233995736766e-17
2025-10-19 07:00:00+00:00,BE,0.2993197278911564,2025-10-27T01:30:23.712Z,2025-10-16T23:40:37.918Z,lifecycle,False,,7,6,10,1,0.9659258262890683,-0.25881904510252063
2025-10-19 08:00:00+00:00,BE,0.25510204081632654,2025-10-27T01:30:23.712Z,2025-10-16T23:40:59.962Z,lifecycle,False,,8,6,10,1,0.8660254037844387,-0.4999999999999998
2025-10-19 09:00:00+00:00,BE,0.20068027210884354,2025-10-27T01:30:23.712Z,2025-10-16T23:40:59.962Z,lifecycle,False,,9,6,10,1,0.7071067811865476,-0.7071067811865475
2025-10-19 10:00:00+00:00,BE,0.11904761904761907,2025-10-27T01:31:02.878Z,2025-10-16T23:40:17.156Z,lifecycle,False,,10,6,10,1,0.49999999999999994,-0.8660254037844387
2025-10-19 11:00:00+00:00,BE,0.07823129251700683,2025-10-27T01:30:23.712Z,2025-10-16T23:40:59.962Z,lifecycle,False,,11,6,10,1,0.258819045102521,-0.9659258262890682
2025-10-19 12:00:00+00:00,BE,0.09863945578231292,2025-10-27T01:30:44.894Z,2025-10-16T23:40:37.918Z,lifecycle,False,,12,6,10,1,1.2246467991473532e-16,-1.0
2025-10-19 13:00:00+00:00,BE,0.12585034013605445,2025-10-27T01:30:23.712Z,2025-10-16T23:40:37.918Z,lifecycle,False,,13,6,10,1,-0.2588190451025208,-0.9659258262890683
2025-10-19 14:00:00+00:00,BE,0.1564625850340136,2025-10-27T01:30:23.712Z,2025-10-16T23:40:37.918Z,lifecycle,False,,14,6,10,1,-0.4999999999999997,-0.8660254037844388
2025-10-19 15:00:00+00:00,BE,0.1768707482993197,2025-10-27T01:30:23.712Z,2025-10-16T23:40:37.918Z,lifecycle,False,,15,6,10,1,-0.7071067811865471,-0.7071067811865479
2025-10-19 16:00:00+00:00,BE,0.20748299319727892,2025-10-27T01:31:02.878Z,2025-10-16T23:40:37.918Z,lifecycle,False,,16,6,10,1,-0.8660254037844385,-0.5000000000000004
2025-10-19 17:00:00+00:00,BE,0.20068027210884354,2025-10-27T01:31:02.878Z,2025-10-16T23:40:37.918Z,lifecycle,False,,17,6,10,1,-0.9659258262890683,-0.25881904510252063
2025-10-19 18:00:00+00:00,BE,0.17006802721088438,2025-10-27T01:31:02.878Z,2025-10-16T23:40:17.156Z,lifecycle,False,,18,6,10,1,-1.0,-1.8369701987210297e-16
2025-10-19 19:00:00+00:00,BE,0.15306122448979592,2025-10-27T01:30:23.712Z,2025-10-16T23:40:17.156Z,lifecycle,False,,19,6,10,1,-0.9659258262890684,0.2588190451025203
2025-10-19 20:00:00+00:00,BE,0.163265306122449,2025-10-27T01:30:44.894Z,2025-10-16T23:40:37.918Z,lifecycle,False,,20,6,10,1,-0.8660254037844386,0.5000000000000001
2025-10-19 21:00:00+00:00,BE,0.16666666666666669,2025-10-27T01:30:23.712Z,2025-10-16T23:40:59.962Z,lifecycle,False,,21,6,10,1,-0.7071067811865477,0.7071067811865474
2025-10-19 22:00:00+00:00,BE,0.18367346938775508,2025-10-27T01:30:23.712Z,2025-10-16T23:40:17.156Z,lifecycle,False,,22,6,10,1,-0.5000000000000004,0.8660254037844384
2025-10-19 23:00:00+00:00,BE,0.1768707482993197,2025-10-27T01:30:23.712Z,2025-10-16T23:40:17.156Z,lifecycle,False,,23,6,10,1,-0.25881904510252157,0.9659258262890681
2025-10-20 00:00:00+00:00,BE,0.18707482993197277,2025-10-27T01:30:44.894Z,2025-10-17T21:40:03.524Z,lifecycle,False,,0,0,10,0,0.0,1.0
2025-10-20 01:00:00+00:00,BE,0.19387755102040816,2025-10-27T01:31:02.878Z,2025-10-17T21:40:03.524Z,lifecycle,False,,1,0,10,0,0.25881904510252074,0.9659258262890683
2025-10-20 02:00:00+00:00,BE,0.22448979591836737,2025-10-27T01:31:02.878Z,2025-10-17T21:40:24.227Z,lifecycle,False,,2,0,10,0,0.49999999999999994,0.8660254037844387
2025-10-20 03:00:00+00:00,BE,0.28231292517006806,2025-10-27T01:30:44.894Z,2025-10-17T21:40:03.524Z,lifecycle,False,,3,0,10,0,0.7071067811865476,0.7071067811865476
2025-10-20 04:00:00+00:00,BE,0.2755102040816327,2025-10-27T01:30:23.712Z,2025-10-17T21:40:03.524Z,lifecycle,False,,4,0,10,0,0.8660254037844386,0.5000000000000001
2025-10-20 05:00:00+00:00,BE,0.29251700680272114,2025-10-27T01:30:23.712Z,2025-10-17T21:40:14.509Z,lifecycle,False,,5,0,10,0,0.9659258262890683,0.25881904510252074
2025-10-20 06:00:00+00:00,BE,0.31632653061224486,2025-10-27T01:30:23.712Z,2025-10-17T21:40:03.524Z,lifecycle,False,,6,0,10,0,1.0,6.123233995736766e-17
2025-10-20 07:00:00+00:00,BE,0.3061224489795918,2025-10-27T01:31:02.878Z,2025-10-17T21:40:24.227Z,lifecycle,False,,7,0,10,0,0.9659258262890683,-0.25881904510252063
2025-10-20 08:00:00+00:00,BE,0.25510204081632654,2025-10-27T01:31:02.878Z,2025-10-17T21:40:03.524Z,lifecycle,False,,8,0,10,0,0.8660254037844387,-0.4999999999999998
2025-10-20 09:00:00+00:00,BE,0.19387755102040816,2025-10-27T01:30:23.712Z,2025-10-17T21:40:14.509Z,lifecycle,False,,9,0,10,0,0.7071067811865476,-0.7071067811865475
2025-10-20 10:00:00+00:00,BE,0.1598639455782313,2025-10-27T01:30:48.854Z,2025-10-17T21:40:14.509Z,lifecycle,False,,10,0,10,0,0.49999999999999994,-0.8660254037844387
2025-10-20 11:00:00+00:00,BE,0.13605442176870747,2025-10-27T01:30:48.854Z,2025-10-17T21:40:03.524Z,lifecycle,False,,11,0,10,0,0.258819045102521,-0.9659258262890682
2025-10-20 12:00:00+00:00,BE,0.1564625850340136,2025-10-27T01:30:48.854Z,2025-10-17T21:40:24.227Z,lifecycle,False,,12,0,10,0,1.2246467991473532e-16,-1.0
2025-10-20 13:00:00+00:00,BE,0.2142857142857143,2025-10-27T01:31:06.363Z,2025-10-17T21:40:03.524Z,lifecycle,False,,13,0,10,0,-0.2588190451025208,-0.9659258262890683
2025-10-20 14:00:00+00:00,BE,0.217687074829932,2025-10-27T01:31:06.363Z,2025-10-17T21:40:24.227Z,lifecycle,False,,14,0,10,0,-0.4999999999999997,-0.8660254037844388
2025-10-20 15:00:00+00:00,BE,0.2346938775510204,2025-10-27T01:31:06.363Z,2025-10-17T21:40:14.509Z,lifecycle,False,,15,0,10,0,-0.7071067811865471,-0.7071067811865479
2025-10-20 16:00:00+00:00,BE,0.28911564625850344,2025-10-27T01:30:27.625Z,2025-10-17T21:40:24.227Z,lifecycle,False,,16,0,10,0,-0.8660254037844385,-0.5000000000000004
2025-10-20 17:00:00+00:00,BE,0.28231292517006806,2025-10-27T01:30:48.854Z,2025-10-17T21:40:24.227Z,lifecycle,False,,17,0,10,0,-0.9659258262890683,-0.25881904510252063
2025-10-20 18:00:00+00:00,BE,0.2346938775510204,2025-10-27T01:30:27.625Z,2025-10-17T21:40:03.524Z,lifecycle,False,,18,0,10,0,-1.0,-1.8369701987210297e-16
2025-10-20 19:00:00+00:00,BE,0.19727891156462585,2025-10-27T01:31:06.363Z,2025-10-17T21:40:03.524Z,lifecycle,False,,19,0,10,0,-0.9659258262890684,0.2588190451025203
2025-10-20 20:00:00+00:00,BE,0.16666666666666669,2025-10-27T01:31:06.363Z,2025-10-17T21:40:24.227Z,lifecycle,False,,20,0,10,0,-0.8660254037844386,0.5000000000000001
2025-10-20 21:00:00+00:00,BE,0.14285714285714285,2025-10-27T01:30:48.854Z,2025-10-17T21:40:24.227Z,lifecycle,False,,21,0,10,0,-0.7071067811865477,0.7071067811865474
2025-10-20 22:00:00+00:00,BE,0.14285714285714285,2025-10-27T01:31:06.363Z,2025-10-17T23:40:01.058Z,lifecycle,False,,22,0,10,0,-0.5000000000000004,0.8660254037844384
2025-10-20 23:00:00+00:00,BE,0.14285714285714285,2025-10-27T01:31:06.363Z,2025-10-17T23:40:01.058Z,lifecycle,False,,23,0,10,0,-0.25881904510252157,0.9659258262890681
2025-10-21 00:00:00+00:00,BE,0.12585034013605445,2025-10-27T01:30:48.854Z,2025-10-19T00:24:39.087Z,lifecycle,False,,0,1,10,0,0.0,1.0
2025-10-21 01:00:00+00:00,BE,0.12585034013605445,2025-10-24T01:25:42.617Z,2025-10-19T00:24:28.995Z,lifecycle,False,,1,1,10,0,0.25881904510252074,0.9659258262890683
2025-10-21 02:00:00+00:00,BE,0.12585034013605445,2025-10-24T02:25:32.455Z,2025-10-19T00:24:28.995Z,lifecycle,False,,2,1,10,0,0.49999999999999994,0.8660254037844387
2025-10-21 03:00:00+00:00,BE,0.14625850340136054,2025-10-24T03:24:41.748Z,2025-10-19T00:42:57.597Z,lifecycle,False,,3,1,10,0,0.7071067811865476,0.7071067811865476
2025-10-21 04:00:00+00:00,BE,0.22108843537414968,2025-10-24T04:25:13.076Z,2025-10-19T00:43:03.292Z,lifecycle,False,,4,1,10,0,0.8660254037844386,0.5000000000000001
2025-10-21 05:00:00+00:00,BE,0.25510204081632654,2025-10-24T05:39:40.854Z,2025-10-19T00:42:57.597Z,lifecycle,False,,5,1,10,0,0.9659258262890683,0.25881904510252074
2025-10-21 06:00:00+00:00,BE,0.2993197278911564,2025-10-24T06:25:49.188Z,2025-10-19T00:42:48.763Z,lifecycle,False,,6,1,10,0,1.0,6.123233995736766e-17
2025-10-21 07:00:00+00:00,BE,0.31632653061224486,2025-10-24T07:55:28.685Z,2025-10-19T00:42:57.597Z,lifecycle,False,,7,1,10,0,0.9659258262890683,-0.25881904510252063
2025-10-21 08:00:00+00:00,BE,0.2959183673469388,2025-10-24T08:27:26.958Z,2025-10-19T00:43:03.292Z,lifecycle,False,,8,1,10,0,0.8660254037844387,-0.4999999999999998
2025-10-21 09:00:00+00:00,BE,0.272108843537415,2025-10-24T09:27:26.848Z,2025-10-19T00:42:48.763Z,lifecycle,False,,9,1,10,0,0.7071067811865476,-0.7071067811865475
2025-10-21 10:00:00+00:00,BE,0.2585034013605442,2025-10-24T09:12:05.503Z,2025-10-19T00:42:57.597Z,lifecycle,False,,10,1,10,0,0.49999999999999994,-0.8660254037844387
2025-10-21 11:00:00+00:00,BE,0.2687074829931973,2025-10-24T11:25:44.904Z,2025-10-19T00:43:03.292Z,lifecycle,False,,11,1,10,0,0.258819045102521,-0.9659258262890682
2025-10-21 12:00:00+00:00,BE,0.23809523809523808,2025-10-24T12:39:38.867Z,2025-10-19T00:42:57.597Z,lifecycle,False,,12,1,10,0,1.2246467991473532e-16,-1.0
2025-10-21 13:00:00+00:00,BE,0.227891156462585,2025-10-24T13:25:21.518Z,2025-10-19T00:43:03.292Z,lifecycle,False,,13,1,10,0,-0.2588190451025208,-0.9659258262890683
2025-10-21 14:00:00+00:00,BE,0.24829931972789115,2025-10-24T14:25:17.429Z,2025-10-19T00:42:57.597Z,lifecycle,False,,14,1,10,0,-0.4999999999999997,-0.8660254037844388
2025-10-21 15:00:00+00:00,BE,0.3299319727891156,2025-10-24T15:24:16.832Z,2025-10-19T00:42:48.763Z,lifecycle,False,,15,1,10,0,-0.7071067811865471,-0.7071067811865479
2025-10-21 16:00:00+00:00,BE,0.401360544217687,2025-10-24T16:29:26.747Z,2025-10-19T00:43:03.292Z,lifecycle,False,,16,1,10,0,-0.8660254037844385,-0.5000000000000004
2025-10-21 17:00:00+00:00,BE,0.4557823129251701,2025-10-24T16:29:26.747Z,2025-10-19T00:42:48.763Z,lifecycle,False,,17,1,10,0,-0.9659258262890683,-0.25881904510252063
2025-10-21 18:00:00+00:00,BE,0.46258503401360546,2025-10-24T16:29:14.879Z,2025-10-19T00:42:57.597Z,lifecycle,False,,18,1,10,0,-1.0,-1.8369701987210297e-16
2025-10-21 19:00:00+00:00,BE,0.4149659863945578,2025-10-24T15:24:09.253Z,2025-10-19T00:42:48.763Z,lifecycle,False,,19,1,10,0,-0.9659258262890684,0.2588190451025203
2025-10-21 20:00:00+00:00,BE,0.31972789115646255,2025-10-24T15:23:56.601Z,2025-10-19T00:43:03.292Z,lifecycle,False,,20,1,10,0,-0.8660254037844386,0.5000000000000001
2025-10-21 21:00:00+00:00,BE,0.336734693877551,2025-10-24T21:25:15.516Z,2025-10-19T00:43:03.292Z,lifecycle,False,,21,1,10,0,-0.7071067811865477,0.7071067811865474
2025-10-21 22:00:00+00:00,BE,0.3401360544217687,2025-10-24T21:25:08.446Z,2025-10-19T00:43:03.292Z,lifecycle,False,,22,1,10,0,-0.5000000000000004,0.8660254037844384
2025-10-21 23:00:00+00:00,BE,0.32312925170068024,2025-10-24T21:25:08.446Z,2025-10-19T00:43:03.292Z,lifecycle,False,,23,1,10,0,-0.25881904510252157,0.9659258262890681
2025-10-22 00:00:00+00:00,BE,0.32653061224489793,2025-10-24T21:25:08.446Z,2025-10-19T23:41:30.942Z,lifecycle,False,,0,2,10,0,0.0,1.0
2025-10-22 01:00:00+00:00,BE,0.3469387755102041,2025-10-24T21:24:56.937Z,2025-10-19T23:41:41.482Z,lifecycle,False,,1,2,10,0,0.25881904510252074,0.9659258262890683
2025-10-22 02:00:00+00:00,BE,0.3775510204081633,2025-10-24T21:24:56.937Z,2025-10-19T23:41:30.942Z,lifecycle,False,,2,2,10,0,0.49999999999999994,0.8660254037844387
2025-10-22 03:00:00+00:00,BE,0.5068027210884354,2025-10-24T21:24:56.937Z,2025-10-19T23:41:30.942Z,lifecycle,False,,3,2,10,0,0.7071067811865476,0.7071067811865476
2025-10-22 04:00:00+00:00,BE,0.6802721088435375,2025-10-24T21:25:08.446Z,2025-10-19T23:41:30.942Z,lifecycle,False,,4,2,10,0,0.8660254037844386,0.5000000000000001
2025-10-22 05:00:00+00:00,BE,0.7857142857142858,2025-10-24T09:12:05.503Z,2025-10-19T23:40:42.281Z,lifecycle,False,,5,2,10,0,0.9659258262890683,0.25881904510252074
2025-10-22 06:00:00+00:00,BE,0.8809523809523809,2025-10-25T06:25:19.432Z,2025-10-19T23:41:30.942Z,lifecycle,False,,6,2,10,0,1.0,6.123233995736766e-17
2025-10-22 07:00:00+00:00,BE,0.9081632653061225,2025-10-24T15:23:56.601Z,2025-10-19T23:41:30.942Z,lifecycle,False,,7,2,10,0,0.9659258262890683,-0.25881904510252063
2025-10-22 08:00:00+00:00,BE,0.8537414965986394,2025-10-25T08:54:06.941Z,2025-10-19T23:41:30.942Z,lifecycle,False,,8,2,10,0,0.8660254037844387,-0.4999999999999998
2025-10-22 09:00:00+00:00,BE,0.8027210884353742,2025-10-25T08:53:48.201Z,2025-10-19T23:41:41.482Z,lifecycle,False,,9,2,10,0,0.7071067811865476,-0.7071067811865475
2025-10-22 10:00:00+00:00,BE,0.7482993197278911,2025-10-25T08:54:06.941Z,2025-10-19T23:40:42.281Z,lifecycle,False,,10,2,10,0,0.49999999999999994,-0.8660254037844387
2025-10-22 11:00:00+00:00,BE,0.727891156462585,2025-10-25T08:54:06.941Z,2025-10-19T23:41:41.482Z,lifecycle,False,,11,2,10,0,0.258819045102521,-0.9659258262890682
2025-10-22 12:00:00+00:00,BE,0.7585034013605443,2025-10-25T08:53:48.201Z,2025-10-19T23:41:41.482Z,lifecycle,False,,12,2,10,0,1.2246467991473532e-16,-1.0
2025-10-22 13:00:00+00:00,BE,0.8027210884353742,2025-10-25T08:53:48.201Z,2025-10-19T23:40:42.281Z,lifecycle,False,,13,2,10,0,-0.2588190451025208,-0.9659258262890683
2025-10-22 14:00:00+00:00,BE,0.7789115646258504,2025-10-25T08:53:59.933Z,2025-10-19T23:41:30.942Z,lifecycle,False,,14,2,10,0,-0.4999999999999997,-0.8660254037844388
2025-10-22 15:00:00+00:00,BE,0.6190476190476191,2025-10-25T15:25:55.086Z,2025-10-19T23:41:30.942Z,lifecycle,False,,15,2,10,0,-0.7071067811865471,-0.7071067811865479
2025-10-22 16:00:00+00:00,BE,0.6598639455782314,2025-10-25T15:25:55.086Z,2025-10-19T23:40:42.281Z,lifecycle,False,,16,2,10,0,-0.8660254037844385,-0.5000000000000004
2025-10-22 17:00:00+00:00,BE,0.6734693877551021,2025-10-25T15:25:55.086Z,2025-10-19T23:41:41.482Z,lifecycle,False,,17,2,10,0,-0.9659258262890683,-0.25881904510252063
2025-10-22 18:00:00+00:00,BE,0.6156462585034013,2025-10-25T15:26:03.871Z,2025-10-19T23:40:42.281Z,lifecycle,False,,18,2,10,0,-1.0,-1.8369701987210297e-16
2025-10-22 19:00:00+00:00,BE,0.6326530612244898,2025-10-25T15:25:41.151Z,2025-10-19T23:41:41.482Z,lifecycle,False,,19,2,10,0,-0.9659258262890684,0.2588190451025203
2025-10-22 20:00:00+00:00,BE,0.7040816326530612,2025-10-25T20:41:13.368Z,2025-10-19T23:41:41.482Z,lifecycle,False,,20,2,10,0,-0.8660254037844386,0.5000000000000001
2025-10-22 21:00:00+00:00,BE,0.554421768707483,2025-10-25T20:41:05.635Z,2025-10-19T23:41:30.942Z,lifecycle,False,,21,2,10,0,-0.7071067811865477,0.7071067811865474
2025-10-22 22:00:00+00:00,BE,0.1802721088435374,2025-10-25T20:41:05.635Z,2025-10-19T23:40:42.281Z,lifecycle,False,,22,2,10,0,-0.5000000000000004,0.8660254037844384
2025-10-22 23:00:00+00:00,BE,0.054421768707483,2025-10-25T20:41:05.635Z,2025-10-19T23:40:42.281Z,lifecycle,False,,23,2,10,0,-0.25881904510252157,0.9659258262890681
2025-10-23 00:00:00+00:00,BE,0.044217687074829926,2025-10-25T20:41:13.368Z,2025-10-20T23:55:12.317Z,lifecycle,False,,0,3,10,0,0.0,1.0
2025-10-23 01:00:00+00:00,BE,0.09183673469387754,2025-10-25T20:40:52.257Z,2025-10-20T23:54:54.871Z,lifecycle,False,,1,3,10,0,0.25881904510252074,0.9659258262890683
2025-10-23 02:00:00+00:00,BE,0.09863945578231292,2025-10-26T02:41:21.652Z,2025-10-20T23:55:12.317Z,lifecycle,False,,2,3,10,0,0.49999999999999994,0.8660254037844387
2025-10-23 03:00:00+00:00,BE,0.06802721088435376,2025-10-26T03:25:07.587Z,2025-10-20T23:54:54.871Z,lifecycle,False,,3,3,10,0,0.7071067811865476,0.7071067811865476
2025-10-23 04:00:00+00:00,BE,0.06462585034013607,2025-10-26T04:25:56.936Z,2025-10-20T23:55:12.317Z,lifecycle,False,,4,3,10,0,0.8660254037844386,0.5000000000000001
2025-10-23 05:00:00+00:00,BE,0.054421768707483,2025-10-26T05:27:20.228Z,2025-10-20T23:54:54.871Z,lifecycle,False,,5,3,10,0,0.9659258262890683,0.25881904510252074
2025-10-23 06:00:00+00:00,BE,0.040816326530612235,2025-10-26T05:27:12.882Z,2025-10-20T23:54:54.871Z,lifecycle,False,,6,3,10,0,1.0,6.123233995736766e-17
2025-10-23 07:00:00+00:00,BE,0.054421768707483,2025-10-26T05:27:20.228Z,2025-10-20T23:55:12.317Z,lifecycle,False,,7,3,10,0,0.9659258262890683,-0.25881904510252063
2025-10-23 08:00:00+00:00,BE,0.09523809523809523,2025-10-26T05:27:12.882Z,2025-10-20T23:54:54.871Z,lifecycle,False,,8,3,10,0,0.8660254037844387,-0.4999999999999998
2025-10-23 09:00:00+00:00,BE,0.19727891156462585,2025-10-26T05:27:20.228Z,2025-10-20T23:55:22.430Z,lifecycle,False,,9,3,10,0,0.7071067811865476,-0.7071067811865475
2025-10-23 10:00:00+00:00,BE,0.1802721088435374,2025-10-26T10:24:51.258Z,2025-10-20T23:55:22.430Z,lifecycle,False,,10,3,10,0,0.49999999999999994,-0.8660254037844387
2025-10-23 11:00:00+00:00,BE,0.17346938775510207,2025-10-26T10:25:01.955Z,2025-10-20T23:54:54.871Z,lifecycle,False,,11,3,10,0,0.258819045102521,-0.9659258262890682
2025-10-23 12:00:00+00:00,BE,0.16666666666666669,2025-10-26T12:25:17.283Z,2025-10-20T23:55:12.317Z,lifecycle,False,,12,3,10,0,1.2246467991473532e-16,-1.0
2025-10-23 13:00:00+00:00,BE,0.14965986394557823,2025-10-26T10:25:01.955Z,2025-10-20T23:55:22.430Z,lifecycle,False,,13,3,10,0,-0.2588190451025208,-0.9659258262890683
2025-10-23 14:00:00+00:00,BE,0.1598639455782313,2025-10-26T14:41:35.232Z,2025-10-20T23:54:54.871Z,lifecycle,False,,14,3,10,0,-0.4999999999999997,-0.8660254037844388
2025-10-23 15:00:00+00:00,BE,0.18707482993197277,2025-10-26T15:26:31.553Z,2025-10-20T23:55:22.430Z,lifecycle,False,,15,3,10,0,-0.7071067811865471,-0.7071067811865479
2025-10-23 16:00:00+00:00,BE,0.18707482993197277,2025-10-26T15:26:12.656Z,2025-10-20T23:54:54.871Z,lifecycle,False,,16,3,10,0,-0.8660254037844385,-0.5000000000000004
2025-10-23 17:00:00+00:00,BE,0.18707482993197277,2025-10-26T17:25:15.506Z,2025-10-20T23:55:22.430Z,lifecycle,False,,17,3,10,0,-0.9659258262890683,-0.25881904510252063
2025-10-23 18:00:00+00:00,BE,0.163265306122449,2025-10-26T18:25:46.393Z,2025-10-20T23:55:22.430Z,lifecycle,False,,18,3,10,0,-1.0,-1.8369701987210297e-16
2025-10-23 19:00:00+00:00,BE,0.163265306122449,2025-10-26T18:25:34.568Z,2025-10-20T23:55:12.317Z,lifecycle,False,,19,3,10,0,-0.9659258262890684,0.2588190451025203
2025-10-23 20:00:00+00:00,BE,0.14285714285714285,2025-10-26T18:25:34.568Z,2025-10-20T23:54:54.871Z,lifecycle,False,,20,3,10,0,-0.8660254037844386,0.5000000000000001
2025-10-23 21:00:00+00:00,BE,0.13265306122448978,2025-10-26T18:25:34.568Z,2025-10-20T23:55:12.317Z,lifecycle,False,,21,3,10,0,-0.7071067811865477,0.7071067811865474
2025-10-23 22:00:00+00:00,BE,0.18707482993197277,2025-10-26T22:54:18.601Z,2025-10-20T23:54:54.871Z,lifecycle,False,,22,3,10,0,-0.5000000000000004,0.8660254037844384
2025-10-23 23:00:00+00:00,BE,0.19047619047619047,2025-10-26T23:24:58.772Z,2025-10-20T23:55:12.317Z,lifecycle,False,,23,3,10,0,-0.25881904510252157,0.9659258262890681
2025-10-24 00:00:00+00:00,BE,0.18367346938775508,2025-10-26T23:24:58.772Z,2025-10-21T22:42:12.929Z,lifecycle,False,,0,4,10,0,0.0,1.0
2025-10-24 01:00:00+00:00,BE,0.1768707482993197,2025-10-26T23:25:19.692Z,2025-10-21T22:42:12.929Z,lifecycle,False,,1,4,10,0,0.25881904510252074,0.9659258262890683
2025-10-24 02:00:00+00:00,BE,0.1768707482993197,2025-10-26T23:24:58.772Z,2025-10-21T23:39:45.754Z,lifecycle,False,,2,4,10,0,0.49999999999999994,0.8660254037844387
2025-10-24 03:00:00+00:00,BE,0.18707482993197277,2025-10-26T23:25:19.692Z,2025-10-21T23:40:05.165Z,lifecycle,False,,3,4,10,0,0.7071067811865476,0.7071067811865476
2025-10-24 04:00:00+00:00,BE,0.15306122448979592,2025-10-27T03:39:25.946Z,2025-10-21T23:39:45.754Z,lifecycle,False,,4,4,10,0,0.8660254037844386,0.5000000000000001
2025-10-24 05:00:00+00:00,BE,0.20068027210884354,2025-10-27T03:39:58.097Z,2025-10-21T23:40:05.165Z,lifecycle,False,,5,4,10,0,0.9659258262890683,0.25881904510252074
2025-10-24 06:00:00+00:00,BE,0.25170068027210885,2025-10-27T01:24:37.150Z,2025-10-21T23:40:05.165Z,lifecycle,False,,6,4,10,0,1.0,6.123233995736766e-17
2025-10-24 07:00:00+00:00,BE,0.217687074829932,2025-10-26T03:55:40.693Z,2025-10-21T23:40:05.165Z,lifecycle,False,,7,4,10,0,0.9659258262890683,-0.25881904510252063
2025-10-24 08:00:00+00:00,BE,0.163265306122449,2025-10-26T03:56:11.738Z,2025-10-21T23:39:45.754Z,lifecycle,False,,8,4,10,0,0.8660254037844387,-0.4999999999999998
2025-10-24 09:00:00+00:00,BE,0.11564625850340138,2025-10-26T07:40:21.678Z,2025-10-21T23:40:05.165Z,lifecycle,False,,9,4,10,0,0.7071067811865476,-0.7071067811865475
2025-10-24 10:00:00+00:00,BE,0.108843537414966,2025-10-26T07:39:50.823Z,2025-10-21T23:39:45.754Z,lifecycle,False,,10,4,10,0,0.49999999999999994,-0.8660254037844387
2025-10-24 11:00:00+00:00,BE,0.11564625850340138,2025-10-26T07:40:06.519Z,2025-10-21T23:40:05.165Z,lifecycle,False,,11,4,10,0,0.258819045102521,-0.9659258262890682
2025-10-24 12:00:00+00:00,BE,0.11224489795918369,2025-10-26T07:40:06.519Z,2025-10-21T23:39:45.754Z,lifecycle,False,,12,4,10,0,1.2246467991473532e-16,-1.0
2025-10-24 13:00:00+00:00,BE,0.108843537414966,2025-10-26T07:39:50.823Z,2025-10-21T23:40:05.165Z,lifecycle,False,,13,4,10,0,-0.2588190451025208,-0.9659258262890683
2025-10-24 14:00:00+00:00,BE,0.12585034013605445,2025-10-27T03:39:41.435Z,2025-10-21T23:40:05.165Z,lifecycle,False,,14,4,10,0,-0.4999999999999997,-0.8660254037844388
2025-10-24 15:00:00+00:00,BE,0.1598639455782313,2025-10-27T03:40:05.595Z,2025-10-21T23:39:45.754Z,lifecycle,False,,15,4,10,0,-0.7071067811865471,-0.7071067811865479
2025-10-24 16:00:00+00:00,BE,0.217687074829932,2025-10-27T02:41:21.600Z,2025-10-21T23:40:05.165Z,lifecycle,False,,16,4,10,0,-0.8660254037844385,-0.5000000000000004
2025-10-24 17:00:00+00:00,BE,0.2346938775510204,2025-10-27T02:41:34.362Z,2025-10-21T23:40:14.055Z,lifecycle,False,,17,4,10,0,-0.9659258262890683,-0.25881904510252063
2025-10-24 18:00:00+00:00,BE,0.20748299319727892,2025-10-27T02:25:52.212Z,2025-10-21T23:39:45.754Z,lifecycle,False,,18,4,10,0,-1.0,-1.8369701987210297e-16
2025-10-24 19:00:00+00:00,BE,0.163265306122449,2025-10-27T02:25:52.212Z,2025-10-21T23:40:05.165Z,lifecycle,False,,19,4,10,0,-0.9659258262890684,0.2588190451025203
2025-10-24 20:00:00+00:00,BE,0.17346938775510207,2025-10-27T02:25:52.212Z,2025-10-21T23:40:14.055Z,lifecycle,False,,20,4,10,0,-0.8660254037844386,0.5000000000000001
2025-10-24 21:00:00+00:00,BE,0.1802721088435374,2025-10-27T02:25:52.212Z,2025-10-21T23:40:14.055Z,lifecycle,False,,21,4,10,0,-0.7071067811865477,0.7071067811865474
2025-10-24 22:00:00+00:00,BE,0.1802721088435374,2025-10-27T02:26:02.654Z,2025-10-21T23:40:05.165Z,lifecycle,False,,22,4,10,0,-0.5000000000000004,0.8660254037844384
2025-10-24 23:00:00+00:00,BE,0.163265306122449,2025-10-27T02:26:02.654Z,2025-10-21T23:39:45.754Z,lifecycle,False,,23,4,10,0,-0.25881904510252157,0.9659258262890681
2025-10-25 00:00:00+00:00,BE,0.16666666666666669,2025-10-27T02:25:38.064Z,2025-10-22T22:41:16.054Z,lifecycle,False,,0,5,10,1,0.0,1.0
2025-10-25 01:00:00+00:00,BE,0.16666666666666669,2025-10-27T02:25:52.212Z,2025-10-22T22:41:24.909Z,lifecycle,False,,1,5,10,1,0.25881904510252074,0.9659258262890683
2025-10-25 02:00:00+00:00,BE,0.1802721088435374,2025-10-27T03:25:54.269Z,2025-10-22T23:40:10.784Z,lifecycle,False,,2,5,10,1,0.49999999999999994,0.8660254037844387
2025-10-25 03:00:00+00:00,BE,0.1768707482993197,2025-10-27T02:25:38.064Z,2025-10-22T23:40:01.162Z,lifecycle,False,,3,5,10,1,0.7071067811865476,0.7071067811865476
2025-10-25 04:00:00+00:00,BE,0.17346938775510207,2025-10-27T02:25:38.064Z,2025-10-22T23:40:01.162Z,lifecycle,False,,4,5,10,1,0.8660254037844386,0.5000000000000001
2025-10-25 05:00:00+00:00,BE,0.19047619047619047,2025-10-27T02:25:52.212Z,2025-10-22T23:40:19.336Z,lifecycle,False,,5,5,10,1,0.9659258262890683,0.25881904510252074
2025-10-25 06:00:00+00:00,BE,0.20068027210884354,2025-10-27T02:26:02.654Z,2025-10-22T23:40:19.336Z,lifecycle,False,,6,5,10,1,1.0,6.123233995736766e-17
2025-10-25 07:00:00+00:00,BE,0.20408163265306123,2025-10-27T02:25:52.212Z,2025-10-22T23:40:10.784Z,lifecycle,False,,7,5,10,1,0.9659258262890683,-0.25881904510252063
2025-10-25 08:00:00+00:00,BE,0.18707482993197277,2025-10-27T02:25:52.212Z,2025-10-22T23:40:01.162Z,lifecycle,False,,8,5,10,1,0.8660254037844387,-0.4999999999999998
2025-10-25 09:00:00+00:00,BE,0.03401360544217685,2025-10-27T02:26:02.654Z,2025-10-22T23:40:10.784Z,lifecycle,False,,9,5,10,1,0.7071067811865476,-0.7071067811865475
2025-10-25 10:00:00+00:00,BE,0.044217687074829926,2025-10-27T02:25:38.064Z,2025-10-22T23:40:19.336Z,lifecycle,False,,10,5,10,1,0.49999999999999994,-0.8660254037844387
2025-10-25 11:00:00+00:00,BE,0.05102040816326531,2025-10-27T02:26:02.654Z,2025-10-22T23:40:10.784Z,lifecycle,False,,11,5,10,1,0.258819045102521,-0.9659258262890682
2025-10-25 12:00:00+00:00,BE,0.047619047619047616,2025-10-27T02:25:52.212Z,2025-10-22T23:40:10.784Z,lifecycle,False,,12,5,10,1,1.2246467991473532e-16,-1.0
2025-10-25 13:00:00+00:00,BE,0.047619047619047616,2025-10-27T02:26:02.654Z,2025-10-22T23:40:01.162Z,lifecycle,False,,13,5,10,1,-0.2588190451025208,-0.9659258262890683
2025-10-25 14:00:00+00:00,BE,0.047619047619047616,2025-10-27T02:26:02.654Z,2025-10-22T23:40:19.336Z,lifecycle,False,,14,5,10,1,-0.4999999999999997,-0.8660254037844388
2025-10-25 15:00:00+00:00,BE,0.05102040816326531,2025-10-27T02:25:38.064Z,2025-10-22T23:40:01.162Z,lifecycle,False,,15,5,10,1,-0.7071067811865471,-0.7071067811865479
2025-10-25 16:00:00+00:00,BE,0.09183673469387754,2025-10-27T02:26:02.654Z,2025-10-22T23:40:10.784Z,lifecycle,False,,16,5,10,1,-0.8660254037844385,-0.5000000000000004
2025-10-25 17:00:00+00:00,BE,0.12244897959183676,2025-10-27T02:26:02.654Z,2025-10-22T23:40:19.336Z,lifecycle,False,,17,5,10,1,-0.9659258262890683,-0.25881904510252063
2025-10-25 18:00:00+00:00,BE,0.11904761904761907,2025-10-27T02:25:38.064Z,2025-10-22T23:40:01.162Z,lifecycle,False,,18,5,10,1,-1.0,-1.8369701987210297e-16
2025-10-25 19:00:00+00:00,BE,0.08843537414965985,2025-10-27T02:25:56.356Z,2025-10-22T23:40:10.784Z,lifecycle,False,,19,5,10,1,-0.9659258262890684,0.2588190451025203
2025-10-25 20:00:00+00:00,BE,0.08843537414965985,2025-10-27T02:25:56.356Z,2025-10-22T23:40:01.162Z,lifecycle,False,,20,5,10,1,-0.8660254037844386,0.5000000000000001
2025-10-25 21:00:00+00:00,BE,0.08843537414965985,2025-10-27T02:26:02.654Z,2025-10-22T23:40:19.336Z,lifecycle,False,,21,5,10,1,-0.7071067811865477,0.7071067811865474
2025-10-25 22:00:00+00:00,BE,0.14285714285714285,2025-10-27T02:25:56.356Z,2025-10-22T23:40:19.336Z,lifecycle,False,,22,5,10,1,-0.5000000000000004,0.8660254037844384
2025-10-25 23:00:00+00:00,BE,0.12244897959183676,2025-10-27T02:25:56.356Z,2025-10-22T23:40:01.162Z,lifecycle,False,,23,5,10,1,-0.25881904510252157,0.9659258262890681
2025-10-26 00:00:00+00:00,BE,0.09863945578231292,2025-10-27T01:40:07.685Z,2025-10-23T22:27:02.924Z,lifecycle,False,,0,6,10,1,0.0,1.0
2025-10-26 01:00:00+00:00,BE,0.1054421768707483,2025-10-27T03:39:33.269Z,2025-10-23T22:26:52.266Z,lifecycle,False,,1,6,10,1,0.25881904510252074,0.9659258262890683
2025-10-26 02:00:00+00:00,BE,0.09183673469387754,2025-10-27T02:55:38.895Z,2025-10-23T22:27:02.924Z,lifecycle,False,,2,6,10,1,0.49999999999999994,0.8660254037844387
2025-10-26 03:00:00+00:00,BE,0.08843537414965985,2025-10-27T03:55:00.504Z,2025-10-23T22:26:52.266Z,lifecycle,False,,3,6,10,1,0.7071067811865476,0.7071067811865476
2025-10-26 04:00:00+00:00,BE,0.09863945578231292,2025-10-27T01:24:59.992Z,2025-10-23T22:26:52.266Z,lifecycle,False,,4,6,10,1,0.8660254037844386,0.5000000000000001
2025-10-26 05:00:00+00:00,BE,0.11564625850340138,2025-10-27T01:24:53.182Z,2025-10-23T22:27:11.419Z,lifecycle,False,,5,6,10,1,0.9659258262890683,0.25881904510252074
2025-10-26 06:00:00+00:00,BE,0.11904761904761907,2025-10-27T01:40:22.696Z,2025-10-23T22:26:52.266Z,lifecycle,False,,6,6,10,1,1.0,6.123233995736766e-17
2025-10-26 07:00:00+00:00,BE,0.09183673469387754,2025-10-27T01:25:03.601Z,2025-10-23T22:27:02.924Z,lifecycle,False,,7,6,10,1,0.9659258262890683,-0.25881904510252063
2025-10-26 08:00:00+00:00,BE,0.044217687074829926,2025-10-27T02:26:06.039Z,2025-10-23T22:27:02.924Z,lifecycle,False,,8,6,10,1,0.8660254037844387,-0.4999999999999998
2025-10-26 09:00:00+00:00,BE,0.023809523809523836,2025-10-27T01:24:53.182Z,2025-10-23T22:26:52.266Z,lifecycle,False,,9,6,10,1,0.7071067811865476,-0.7071067811865475
2025-10-26 10:00:00+00:00,BE,0.017006802721088454,2025-10-27T01:24:43.275Z,2025-10-23T22:27:11.419Z,lifecycle,False,,10,6,10,1,0.49999999999999994,-0.8660254037844387
2025-10-26 11:00:00+00:00,BE,0.013605442176870763,2025-10-27T01:25:03.601Z,2025-10-23T22:27:02.924Z,lifecycle,False,,11,6,10,1,0.258819045102521,-0.9659258262890682
2025-10-26 12:00:00+00:00,BE,0.003401360544217691,2025-10-27T01:24:53.182Z,2025-10-23T22:26:52.266Z,lifecycle,False,,12,6,10,1,1.2246467991473532e-16,-1.0
2025-10-26 13:00:00+00:00,BE,0.0,2025-10-27T01:24:53.182Z,2025-10-23T22:26:52.266Z,lifecycle,False,,13,6,10,1,-0.2588190451025208,-0.9659258262890683
2025-10-26 14:00:00+00:00,BE,0.027210884353741527,2025-10-27T01:24:43.275Z,2025-10-23T22:27:02.924Z,lifecycle,False,,14,6,10,1,-0.4999999999999997,-0.8660254037844388
2025-10-26 15:00:00+00:00,BE,0.09183673469387754,2025-10-27T01:24:43.275Z,2025-10-23T22:27:11.419Z,lifecycle,False,,15,6,10,1,-0.7071067811865471,-0.7071067811865479
2025-10-26 16:00:00+00:00,BE,0.12925170068027209,2025-10-27T01:25:03.601Z,2025-10-23T22:27:11.419Z,lifecycle,False,,16,6,10,1,-0.8660254037844385,-0.5000000000000004
2025-10-26 17:00:00+00:00,BE,0.18707482993197277,2025-10-27T01:24:43.275Z,2025-10-23T22:27:02.924Z,lifecycle,False,,17,6,10,1,-0.9659258262890683,-0.25881904510252063
2025-10-26 18:00:00+00:00,BE,0.1768707482993197,2025-10-27T01:40:07.685Z,2025-10-23T22:27:02.924Z,lifecycle,False,,18,6,10,1,-1.0,-1.8369701987210297e-16
2025-10-26 19:00:00+00:00,BE,0.16666666666666669,2025-10-27T01:25:03.601Z,2025-10-23T22:27:02.924Z,lifecycle,False,,19,6,10,1,-0.9659258262890684,0.2588190451025203
2025-10-26 20:00:00+00:00,BE,0.14625850340136054,2025-10-27T02:25:56.356Z,2025-10-23T22:27:11.419Z,lifecycle,False,,20,6,10,1,-0.8660254037844386,0.5000000000000001
2025-10-26 21:00:00+00:00,BE,0.10204081632653061,2025-10-27T02:26:06.039Z,2025-10-23T22:27:11.419Z,lifecycle,False,,21,6,10,1,-0.7071067811865477,0.7071067811865474
2025-10-26 22:00:00+00:00,BE,0.09863945578231292,2025-10-27T01:40:22.696Z,2025-10-23T22:27:11.419Z,lifecycle,False,,22,6,10,1,-0.5000000000000004,0.8660254037844384
2025-10-26 23:00:00+00:00,BE,0.044217687074829926,2025-10-27T02:41:13.487Z,2025-10-23T23:11:39.813Z,lifecycle,False,,23,6,10,1,-0.25881904510252157,0.9659258262890681
2025-10-27 00:00:00+00:00,BE,0.06462585034013607,2025-10-27T03:26:00.476Z,2025-10-24T00:10:07.652Z,lifecycle,False,,0,0,10,0,0.0,1.0
2025-10-27 01:00:00+00:00,BE,0.06122448979591838,2025-10-27T03:39:48.071Z,2025-10-24T15:43:35.606Z,lifecycle,False,,1,0,10,0,0.25881904510252074,0.9659258262890683
2025-10-27 02:00:00+00:00,BE,0.040816326530612235,2025-10-27T03:39:33.269Z,2025-10-24T15:43:28.232Z,lifecycle,True,TIME_SLICER_AVERAGE,2,0,10,0,0.49999999999999994,0.8660254037844387
2025-10-27 03:00:00+00:00,BE,0.12585034013605445,2025-10-27T03:40:14.416Z,2025-10-24T15:43:10.312Z,lifecycle,True,TIME_SLICER_AVERAGE,3,0,10,0,0.7071067811865476,0.7071067811865476
2025-10-27 04:00:00+00:00,BE,0.1768707482993197,2025-10-27T03:26:28.721Z,2025-10-24T15:43:35.606Z,lifecycle,True,TIME_SLICER_AVERAGE,4,0,10,0,0.8660254037844386,0.5000000000000001
