datetime,zone,carbon,updatedAt,createdAt,emissionFactorType,isEstimated,estimationMethod,hour,dayofweek,month,is_weekend,hour_sin,hour_cos
2025-09-27 05:00:00+00:00,DE,354,2025-10-27T03:34:02.736Z,2025-09-24T23:11:51.697Z,lifecycle,False,,5,5,9,1,0.9659258262890683,0.25881904510252074
2025-09-27 06:00:00+00:00,DE,330,2025-10-27T03:33:46.927Z,2025-09-24T23:12:06.280Z,lifecycle,False,,6,5,9,1,1.0,6.123233995736766e-17
2025-09-27 07:00:00+00:00,DE,310,2025-10-27T03:34:18.368Z,2025-09-24T23:11:51.697Z,lifecycle,False,,7,5,9,1,0.9659258262890683,-0.25881904510252063
2025-09-27 08:00:00+00:00,DE,276,2025-10-27T03:33:46.927Z,2025-09-24T23:12:06.280Z,lifecycle,False,,8,5,9,1,0.8660254037844387,-0.4999999999999998
2025-09-27 09:00:00+00:00,DE,252,2025-10-27T03:34:18.368Z,2025-09-24T23:12:06.280Z,lifecycle,False,,9,5,9,1,0.7071067811865476,-0.7071067811865475
2025-09-27 10:00:00+00:00,DE,248,2025-10-27T03:34:02.736Z,2025-09-24T23:11:51.697Z,lifecycle,False,,10,5,9,1,0.49999999999999994,-0.8660254037844387
2025-09-27 11:00:00+00:00,DE,251,2025-10-27T03:33:52.088Z,2025-09-24T23:11:34.518Z,lifecycle,False,,11,5,9,1,0.258819045102521,-0.9659258262890682
2025-09-27 12:00:00+00:00,DE,249,2025-10-27T03:34:18.368Z,2025-09-24T23:11:51.697Z,lifecycle,False,,12,5,9,1,1.2246467991473532e-16,-1.0
2025-09-27 13:00:00+00:00,DE,259,2025-10-27T03:34:02.736Z,2025-09-24T23:11:51.697Z,lifecycle,False,,13,5,9,1,-0.2588190451025208,-0.9659258262890683
2025-09-27 14:00:00+00:00,DE,300,2025-10-27T03:34:18.368Z,2025-09-24T23:11:51.697Z,lifecycle,False,,14,5,9,1,-0.4999999999999997,-0.8660254037844388
2025-09-27 15:00:00+00:00,DE,355,2025-10-27T03:34:08.204Z,2025-09-24T23:11:34.518Z,lifecycle,False,,15,5,9,1,-0.7071067811865471,-0.7071067811865479
2025-09-27 16:00:00+00:00,DE,384,2025-10-27T03:34:08.204Z,2025-09-24T23:11:51.697Z,lifecycle,False,,16,5,9,1,-0.8660254037844385,-0.5000000000000004
2025-09-27 17:00:00+00:00,DE,388,2025-10-27T03:33:52.088Z,2025-09-24T23:12:06.280Z,lifecycle,False,,17,5,9,1,-0.9659258262890683,-0.25881904510252063
2025-09-27 18:00:00+00:00,DE,405,2025-10-27T03:34:08.204Z,2025-09-24T23:12:06.280Z,lifecycle,False,,18,5,9,1,-1.0,-1.8369701987210297e-16
2025-09-27 19:00:00+00:00,DE,413,2025-10-27T03:34:08.204Z,2025-09-24T23:12:06.280Z,lifecycle,False,,19,5,9,1,-0.9659258262890684,0.2588190451025203
2025-09-27 20:00:00+00:00,DE,422,2025-10-27T03:34:08.204Z,2025-09-24T23:12:06.280Z,lifecycle,False,,20,5,9,1,-0.8660254037844386,0.5000000000000001
2025-09-27 21:00:00+00:00,DE,433,2025-10-27T03:34:08.204Z,2025-09-24T23:11:51.697Z,lifecycle,False,,21,5,9,1,-0.7071067811865477,0.7071067811865474
2025-09-27 22:00:00+00:00,DE,432,2025-10-27T03:34:18.368Z,2025-09-24T23:11:51.697Z,lifecycle,False,,22,5,9,1,-0.5000000000000004,0.8660254037844384
2025-09-27 23:00:00+00:00,DE,439,2025-10-27T03:33:52.088Z,2025-09-24T23:11:51.697Z,lifecycle,False,,23,5,9,1,-0.25881904510252157,0.9659258262890681
2025-09-28 00:00:00+00:00,DE,450,2025-10-27T03:33:52.088Z,2025-09-25T22:55:23.931Z,lifecycle,False,,0,6,9,1,0.0,1.0
2025-09-28 01:00:00+00:00,DE,462,2025-10-27T03:34:18.368Z,2025-09-25T22:55:10.920Z,lifecycle,False,,1,6,9,1,0.25881904510252074,0.9659258262890683
2025-09-28 02:00:00+00:00,DE,452,2025-10-27T03:33:52.088Z,2025-09-25T23:40:29.373Z,lifecycle,False,,2,6,9,1,0.49999999999999994,0.8660254037844387
2025-09-28 03:00:00+00:00,DE,452,2025-10-17T00:15:34.358Z,2025-09-25T23:40:41.100Z,lifecycle,False,,3,6,9,1,0.7071067811865476,0.7071067811865476
2025-09-28 04:00:00+00:00,DE,457,2025-10-17T00:15:34.358Z,2025-09-25T23:40:13.788Z,lifecycle,False,,4,6,9,1,0.8660254037844386,0.5000000000000001
2025-09-28 05:00:00+00:00,DE,448,2025-10-17T00:15:33.291Z,2025-09-25T23:40:13.788Z,lifecycle,False,,5,6,9,1,0.9659258262890683,0.25881904510252074
2025-09-28 06:00:00+00:00,DE,386,2025-10-23T00:16:12.517Z,2025-09-25T23:40:41.100Z,lifecycle,False,,6,6,9,1,1.0,6.123233995736766e-17
2025-09-28 07:00:00+00:00,DE,312,2025-10-23T00:15:50.472Z,2025-09-25T23:40:13.788Z,lifecycle,False,,7,6,9,1,0.9659258262890683,-0.25881904510252063
2025-09-28 08:00:00+00:00,DE,249,2025-10-17T00:15:33.291Z,2025-09-25T23:40:13.788Z,lifecycle,False,,8,6,9,1,0.8660254037844387,-0.4999999999999998
2025-09-28 09:00:00+00:00,DE,197,2025-10-23T00:15:50.728Z,2025-09-25T23:40:41.100Z,lifecycle,False,,9,6,9,1,0.7071067811865476,-0.7071067811865475
2025-09-28 10:00:00+00:00,DE,175,2025-10-23T00:15:50.472Z,2025-09-25T23:40:41.100Z,lifecycle,False,,10,6,9,1,0.49999999999999994,-0.8660254037844387
2025-09-28 11:00:00+00:00,DE,177,2025-10-12T00:18:08.937Z,2025-09-25T23:40:29.373Z,lifecycle,False,,11,6,9,1,0.258819045102521,-0.9659258262890682
2025-09-28 12:00:00+00:00,DE,186,2025-10-12T00:18:07.793Z,2025-09-25T23:40:41.100Z,lifecycle,False,,12,6,9,1,1.2246467991473532e-16,-1.0
2025-09-28 13:00:00+00:00,DE,213,2025-10-23T00:15:50.728Z,2025-09-25T23:40:13.788Z,lifecycle,False,,13,6,9,1,-0.2588190451025208,-0.9659258262890683
2025-09-28 14:00:00+00:00,DE,301,2025-10-17T00:15:33.291Z,2025-09-25T23:40:13.788Z,lifecycle,False,,14,6,9,1,-0.4999999999999997,-0.8660254037844388
2025-09-28 15:00:00+00:00,DE,402,2025-10-23T00:15:50.472Z,2025-09-25T23:40:41.100Z,lifecycle,False,,15,6,9,1,-0.7071067811865471,-0.7071067811865479
2025-09-28 16:00:00+00:00,DE,458,2025-10-17T00:15:33.291Z,2025-09-25T23:40:41.100Z,lifecycle,False,,16,6,9,1,-0.8660254037844385,-0.5000000000000004
2025-09-28 17:00:00+00:00,DE,449,2025-10-23T00:15:50.472Z,2025-09-25T23:40:41.100Z,lifecycle,False,,17,6,9,1,-0.9659258262890683,-0.25881904510252063
2025-09-28 18:00:00+00:00,DE,440,2025-10-17T00:15:34.358Z,2025-09-25T23:40:13.788Z,lifecycle,False,,18,6,9,1,-1.0,-1.8369701987210297e-16
2025-09-28 19:00:00+00:00,DE,445,2025-10-23T00:16:12.517Z,2025-09-25T23:40:41.100Z,lifecycle,False,,19,6,9,1,-0.9659258262890684,0.2588190451025203
2025-09-28 20:00:00+00:00,DE,450,2025-10-17T00:15:33.441Z,2025-09-25T23:40:29.373Z,lifecycle,False,,20,6,9,1,-0.8660254037844386,0.5000000000000001
2025-09-28 21:00:00+00:00,DE,461,2025-10-23T00:15:50.728Z,2025-09-25T23:40:13.788Z,lifecycle,False,,21,6,9,1,-0.7071067811865477,0.7071067811865474
2025-09-28 22:00:00+00:00,DE,479,2025-10-23T00:15:50.728Z,2025-09-25T23:40:29.373Z,lifecycle,False,,22,6,9,1,-0.5000000000000004,0.8660254037844384
2025-09-28 23:00:00+00:00,DE,489,2025-10-23T00:16:12.517Z,2025-09-25T23:40:13.788Z,lifecycle,False,,23,6,9,1,-0.25881904510252157,0.9659258262890681
2025-09-29 00:00:00+00:00,DE,500,2025-10-17T00:15:33.291Z,2025-09-26T21:26:08.809Z,lifecycle,False,,0,0,9,0,0.0,1.0
2025-09-29 01:00:00+00:00,DE,508,2025-10-23T00:15:50.472Z,2025-09-26T21:25:35.413Z,lifecycle,False,,1,0,9,0,0.25881904510252074,0.9659258262890683
2025-09-29 02:00:00+00:00,DE,514,2025-10-17T00:15:34.358Z,2025-09-26T21:26:08.809Z,lifecycle,False,,2,0,9,0,0.49999999999999994,0.8660254037844387
2025-09-29 03:00:00+00:00,DE,518,2025-10-17T00:15:33.441Z,2025-09-26T21:25:35.413Z,lifecycle,False,,3,0,9,0,0.7071067811865476,0.7071067811865476
2025-09-29 04:00:00+00:00,DE,502,2025-10-23T00:15:50.728Z,2025-09-26T21:25:54.779Z,lifecycle,False,,4,0,9,0,0.8660254037844386,0.5000000000000001
2025-09-29 05:00:00+00:00,DE,486,2025-10-23T00:15:50.728Z,2025-09-26T21:25:54.779Z,lifecycle,False,,5,0,9,0,0.9659258262890683,0.25881904510252074
2025-09-29 06:00:00+00:00,DE,457,2025-10-12T00:18:08.937Z,2025-09-26T21:26:08.809Z,lifecycle,False,,6,0,9,0,1.0,6.123233995736766e-17
2025-09-29 07:00:00+00:00,DE,419,2025-10-23T00:15:50.728Z,2025-09-26T21:25:35.413Z,lifecycle,False,,7,0,9,0,0.9659258262890683,-0.25881904510252063
2025-09-29 08:00:00+00:00,DE,380,2025-10-17T00:15:33.441Z,2025-09-26T21:26:08.809Z,lifecycle,False,,8,0,9,0,0.8660254037844387,-0.4999999999999998
2025-09-29 09:00:00+00:00,DE,315,2025-10-23T00:15:50.728Z,2025-09-26T21:26:08.809Z,lifecycle,False,,9,0,9,0,0.7071067811865476,-0.7071067811865475
2025-09-29 10:00:00+00:00,DE,257,2025-10-23T00:15:50.728Z,2025-09-26T21:25:54.779Z,lifecycle,False,,10,0,9,0,0.49999999999999994,-0.8660254037844387
2025-09-29 11:00:00+00:00,DE,249,2025-10-23T00:15:50.472Z,2025-09-26T21:25:35.413Z,lifecycle,False,,11,0,9,0,0.258819045102521,-0.9659258262890682
2025-09-29 12:00:00+00:00,DE,275,2025-10-23T00:15:50.472Z,2025-09-26T21:25:54.779Z,lifecycle,False,,12,0,9,0,1.2246467991473532e-16,-1.0
2025-09-29 13:00:00+00:00,DE,329,2025-10-23T00:15:50.728Z,2025-09-26T21:26:08.809Z,lifecycle,False,,13,0,9,0,-0.2588190451025208,-0.9659258262890683
2025-09-29 14:00:00+00:00,DE,396,2025-10-17T00:15:33.441Z,2025-09-26T21:26:08.809Z,lifecycle,False,,14,0,9,0,-0.4999999999999997,-0.8660254037844388
2025-09-29 15:00:00+00:00,DE,454,2025-10-17T00:15:33.441Z,2025-09-26T21:25:35.413Z,lifecycle,False,,15,0,9,0,-0.7071067811865471,-0.7071067811865479
2025-09-29 16:00:00+00:00,DE,487,2025-10-12T00:18:27.185Z,2025-09-26T21:26:08.809Z,lifecycle,False,,16,0,9,0,-0.8660254037844385,-0.5000000000000004
2025-09-29 17:00:00+00:00,DE,484,2025-10-17T00:15:43.527Z,2025-09-26T21:25:54.779Z,lifecycle,False,,17,0,9,0,-0.9659258262890683,-0.25881904510252063
2025-09-29 18:00:00+00:00,DE,475,2025-10-17T00:15:43.527Z,2025-09-26T21:26:08.809Z,lifecycle,False,,18,0,9,0,-1.0,-1.8369701987210297e-16
2025-09-29 19:00:00+00:00,DE,476,2025-10-23T00:16:09.136Z,2025-09-26T21:26:08.809Z,lifecycle,False,,19,0,9,0,-0.9659258262890684,0.2588190451025203
2025-09-29 20:00:00+00:00,DE,486,2025-10-17T00:15:43.527Z,2025-09-26T21:26:08.809Z,lifecycle,False,,20,0,9,0,-0.8660254037844386,0.5000000000000001
2025-09-29 21:00:00+00:00,DE,491,2025-10-17T00:15:43.622Z,2025-09-26T21:25:54.779Z,lifecycle,False,,21,0,9,0,-0.7071067811865477,0.7071067811865474
2025-09-29 22:00:00+00:00,DE,492,2025-10-23T00:16:28.335Z,2025-09-26T23:10:45.420Z,lifecycle,False,,22,0,9,0,-0.5000000000000004,0.8660254037844384
2025-09-29 23:00:00+00:00,DE,485,2025-10-17T00:15:43.488Z,2025-09-26T23:11:13.893Z,lifecycle,False,,23,0,9,0,-0.25881904510252157,0.9659258262890681
2025-09-30 00:00:00+00:00,DE,488,2025-10-17T00:15:43.527Z,2025-09-27T22:40:21.333Z,lifecycle,False,,0,1,9,0,0.0,1.0
2025-09-30 01:00:00+00:00,DE,490,2025-10-17T00:15:43.622Z,2025-09-27T22:40:46.778Z,lifecycle,False,,1,1,9,0,0.25881904510252074,0.9659258262890683
2025-09-30 02:00:00+00:00,DE,499,2025-10-17T00:15:43.622Z,2025-09-27T23:41:57.292Z,lifecycle,False,,2,1,9,0,0.49999999999999994,0.8660254037844387
2025-09-30 03:00:00+00:00,DE,503,2025-10-23T00:16:09.005Z,2025-09-27T23:41:44.984Z,lifecycle,False,,3,1,9,0,0.7071067811865476,0.7071067811865476
2025-09-30 04:00:00+00:00,DE,494,2025-10-17T00:15:43.622Z,2025-09-27T23:41:44.984Z,lifecycle,False,,4,1,9,0,0.8660254037844386,0.5000000000000001
2025-09-30 05:00:00+00:00,DE,478,2025-10-17T00:15:43.622Z,2025-09-27T23:41:57.292Z,lifecycle,False,,5,1,9,0,0.9659258262890683,0.25881904510252074
2025-09-30 06:00:00+00:00,DE,457,2025-10-17T00:15:43.488Z,2025-09-27T23:41:32.323Z,lifecycle,False,,6,1,9,0,1.0,6.123233995736766e-17
2025-09-30 07:00:00+00:00,DE,428,2025-10-17T00:15:43.488Z,2025-09-27T23:41:32.323Z,lifecycle,False,,7,1,9,0,0.9659258262890683,-0.25881904510252063
2025-09-30 08:00:00+00:00,DE,378,2025-10-23T00:16:09.005Z,2025-09-27T23:41:32.323Z,lifecycle,False,,8,1,9,0,0.8660254037844387,-0.4999999999999998
2025-09-30 09:00:00+00:00,DE,332,2025-10-23T00:16:09.136Z,2025-09-27T23:41:44.984Z,lifecycle,False,,9,1,9,0,0.7071067811865476,-0.7071067811865475
2025-09-30 10:00:00+00:00,DE,296,2025-10-17T00:15:43.488Z,2025-09-27T23:41:57.292Z,lifecycle,False,,10,1,9,0,0.49999999999999994,-0.8660254037844387
2025-09-30 11:00:00+00:00,DE,301,2025-10-17T00:15:43.622Z,2025-09-27T23:41:32.323Z,lifecycle,False,,11,1,9,0,0.258819045102521,-0.9659258262890682
2025-09-30 12:00:00+00:00,DE,311,2025-10-17T00:15:43.488Z,2025-09-27T23:41:44.984Z,lifecycle,False,,12,1,9,0,1.2246467991473532e-16,-1.0
2025-09-30 13:00:00+00:00,DE,356,2025-10-17T00:15:43.488Z,2025-09-27T23:41:32.323Z,lifecycle,False,,13,1,9,0,-0.2588190451025208,-0.9659258262890683
2025-09-30 14:00:00+00:00,DE,407,2025-10-17T00:15:43.488Z,2025-09-27T23:41:32.323Z,lifecycle,False,,14,1,9,0,-0.4999999999999997,-0.8660254037844388
2025-09-30 15:00:00+00:00,DE,458,2025-10-23T00:16:09.005Z,2025-09-27T23:41:44.984Z,lifecycle,False,,15,1,9,0,-0.7071067811865471,-0.7071067811865479
2025-09-30 16:00:00+00:00,DE,489,2025-10-17T00:15:43.488Z,2025-09-27T23:41:44.984Z,lifecycle,False,,16,1,9,0,-0.8660254037844385,-0.5000000000000004
2025-09-30 17:00:00+00:00,DE,482,2025-10-17T00:15:43.527Z,2025-09-27T23:41:44.984Z,lifecycle,False,,17,1,9,0,-0.9659258262890683,-0.25881904510252063
2025-09-30 18:00:00+00:00,DE,474,2025-10-23T00:16:09.136Z,2025-09-27T23:41:57.292Z,lifecycle,False,,18,1,9,0,-1.0,-1.8369701987210297e-16
2025-09-30 19:00:00+00:00,DE,474,2025-10-17T00:15:43.622Z,2025-09-27T23:41:44.984Z,lifecycle,False,,19,1,9,0,-0.9659258262890684,0.2588190451025203
2025-09-30 20:00:00+00:00,DE,473,2025-10-23T00:16:28.335Z,2025-09-27T23:41:32.323Z,lifecycle,False,,20,1,9,0,-0.8660254037844386,0.5000000000000001
2025-09-30 21:00:00+00:00,DE,476,2025-10-23T00:16:09.005Z,2025-09-27T23:41:57.292Z,lifecycle,False,,21,1,9,0,-0.7071067811865477,0.7071067811865474
2025-09-30 22:00:00+00:00,DE,489,2025-10-23T00:16:09.136Z,2025-09-27T23:41:32.323Z,lifecycle,False,,22,1,9,0,-0.5000000000000004,0.8660254037844384
2025-09-30 23:00:00+00:00,DE,496,2025-10-10T00:33:49.359Z,2025-09-27T23:41:44.984Z,lifecycle,False,,23,1,9,0,-0.25881904510252157,0.9659258262890681
2025-10-01 00:00:00+00:00,DE,503,2025-10-11T00:34:31.371Z,2025-09-28T22:40:17.823Z,lifecycle,False,,0,2,10,0,0.0,1.0
2025-10-01 01:00:00+00:00,DE,498,2025-10-11T00:34:31.371Z,2025-09-28T22:40:28.476Z,lifecycle,False,,1,2,10,0,0.25881904510252074,0.9659258262890683
2025-10-01 02:00:00+00:00,DE,489,2025-10-11T00:34:13.859Z,2025-09-28T23:25:46.714Z,lifecycle,False,,2,2,10,0,0.49999999999999994,0.8660254037844387
2025-10-01 03:00:00+00:00,DE,518,2025-10-11T00:34:13.859Z,2025-09-28T23:25:28.638Z,lifecycle,False,,3,2,10,0,0.7071067811865476,0.7071067811865476
2025-10-01 04:00:00+00:00,DE,506,2025-10-11T00:34:31.371Z,2025-09-28T23:25:28.638Z,lifecycle,False,,4,2,10,0,0.8660254037844386,0.5000000000000001
2025-10-01 05:00:00+00:00,DE,485,2025-10-11T00:34:31.371Z,2025-09-28T23:25:28.638Z,lifecycle,False,,5,2,10,0,0.9659258262890683,0.25881904510252074
2025-10-01 06:00:00+00:00,DE,448,2025-10-11T00:34:31.371Z,2025-09-28T23:25:28.638Z,lifecycle,False,,6,2,10,0,1.0,6.123233995736766e-17
2025-10-01 07:00:00+00:00,DE,394,2025-10-11T00:34:31.371Z,2025-09-28T23:25:28.638Z,lifecycle,False,,7,2,10,0,0.9659258262890683,-0.25881904510252063
2025-10-01 08:00:00+00:00,DE,342,2025-10-11T00:34:13.859Z,2025-09-28T23:25:46.714Z,lifecycle,False,,8,2,10,0,0.8660254037844387,-0.4999999999999998
2025-10-01 09:00:00+00:00,DE,291,2025-10-11T00:33:48.404Z,2025-09-28T23:25:46.714Z,lifecycle,False,,9,2,10,0,0.7071067811865476,-0.7071067811865475
2025-10-01 10:00:00+00:00,DE,248,2025-10-11T00:33:48.404Z,2025-09-28T23:25:28.638Z,lifecycle,False,,10,2,10,0,0.49999999999999994,-0.8660254037844387
2025-10-01 11:00:00+00:00,DE,242,2025-10-11T00:34:13.859Z,2025-09-28T23:26:00.363Z,lifecycle,False,,11,2,10,0,0.258819045102521,-0.9659258262890682
2025-10-01 12:00:00+00:00,DE,271,2025-10-11T00:34:13.859Z,2025-09-28T23:25:28.638Z,lifecycle,False,,12,2,10,0,1.2246467991473532e-16,-1.0
2025-10-01 13:00:00+00:00,DE,331,2025-10-11T00:34:13.859Z,2025-09-28T23:25:28.638Z,lifecycle,False,,13,2,10,0,-0.2588190451025208,-0.9659258262890683
2025-10-01 14:00:00+00:00,DE,397,2025-10-11T00:33:48.404Z,2025-09-28T23:25:46.714Z,lifecycle,False,,14,2,10,0,-0.4999999999999997,-0.8660254037844388
2025-10-01 15:00:00+00:00,DE,463,2025-10-11T00:34:31.371Z,2025-09-28T23:25:28.638Z,lifecycle,False,,15,2,10,0,-0.7071067811865471,-0.7071067811865479
2025-10-01 16:00:00+00:00,DE,505,2025-10-11T00:34:13.859Z,2025-09-28T23:25:46.714Z,lifecycle,False,,16,2,10,0,-0.8660254037844385,-0.5000000000000004
2025-10-01 17:00:00+00:00,DE,500,2025-10-11T00:34:31.371Z,2025-09-28T23:25:46.714Z,lifecycle,False,,17,2,10,0,-0.9659258262890683,-0.25881904510252063
2025-10-01 18:00:00+00:00,DE,500,2025-10-11T00:34:31.371Z,2025-09-28T23:25:46.714Z,lifecycle,False,,18,2,10,0,-1.0,-1.8369701987210297e-16
2025-10-01 19:00:00+00:00,DE,487,2025-10-11T00:33:48.404Z,2025-09-28T23:25:28.638Z,lifecycle,False,,19,2,10,0,-0.9659258262890684,0.2588190451025203
2025-10-01 20:00:00+00:00,DE,467,2025-10-11T00:33:48.404Z,2025-09-28T23:26:00.363Z,lifecycle,False,,20,2,10,0,-0.8660254037844386,0.5000000000000001
2025-10-01 21:00:00+00:00,DE,446,2025-10-11T00:33:48.404Z,2025-09-28T23:26:00.363Z,lifecycle,False,,21,2,10,0,-0.7071067811865477,0.7071067811865474
2025-10-01 22:00:00+00:00,DE,436,2025-10-11T00:33:48.404Z,2025-09-28T23:25:46.714Z,lifecycle,False,,22,2,10,0,-0.5000000000000004,0.8660254037844384
2025-10-01 23:00:00+00:00,DE,440,2025-10-12T00:38:07.896Z,2025-09-28T23:26:00.363Z,lifecycle,False,,23,2,10,0,-0.25881904510252157,0.9659258262890681
2025-10-02 00:00:00+00:00,DE,447,2025-10-11T00:34:31.371Z,2025-09-29T23:27:46.886Z,lifecycle,False,,0,3,10,0,0.0,1.0
2025-10-02 01:00:00+00:00,DE,456,2025-10-11T00:33:48.404Z,2025-09-29T23:27:19.346Z,lifecycle,False,,1,3,10,0,0.25881904510252074,0.9659258262890683
2025-10-02 02:00:00+00:00,DE,467,2025-10-11T00:34:31.371Z,2025-09-29T23:27:19.346Z,lifecycle,False,,2,3,10,0,0.49999999999999994,0.8660254037844387
2025-10-02 03:00:00+00:00,DE,480,2025-10-11T00:34:31.371Z,2025-09-29T23:27:46.886Z,lifecycle,False,,3,3,10,0,0.7071067811865476,0.7071067811865476
2025-10-02 04:00:00+00:00,DE,473,2025-10-11T00:34:31.371Z,2025-09-29T23:27:46.886Z,lifecycle,False,,4,3,10,0,0.8660254037844386,0.5000000000000001
2025-10-02 05:00:00+00:00,DE,454,2025-10-11T00:34:31.371Z,2025-09-29T23:27:19.346Z,lifecycle,False,,5,3,10,0,0.9659258262890683,0.25881904510252074
2025-10-02 06:00:00+00:00,DE,426,2025-10-11T00:34:13.859Z,2025-09-29T23:27:19.346Z,lifecycle,False,,6,3,10,0,1.0,6.123233995736766e-17
2025-10-02 07:00:00+00:00,DE,378,2025-10-11T00:33:48.404Z,2025-09-29T23:27:46.886Z,lifecycle,False,,7,3,10,0,0.9659258262890683,-0.25881904510252063
2025-10-02 08:00:00+00:00,DE,304,2025-10-11T00:34:13.859Z,2025-09-29T23:27:46.886Z,lifecycle,False,,8,3,10,0,0.8660254037844387,-0.4999999999999998
2025-10-02 09:00:00+00:00,DE,235,2025-10-11T00:34:13.859Z,2025-09-29T23:27:58.168Z,lifecycle,False,,9,3,10,0,0.7071067811865476,-0.7071067811865475
2025-10-02 10:00:00+00:00,DE,203,2025-10-11T00:34:13.859Z,2025-09-29T23:27:19.346Z,lifecycle,False,,10,3,10,0,0.49999999999999994,-0.8660254037844387
2025-10-02 11:00:00+00:00,DE,198,2025-10-11T00:34:13.859Z,2025-09-29T23:27:46.886Z,lifecycle,False,,11,3,10,0,0.258819045102521,-0.9659258262890682
2025-10-02 12:00:00+00:00,DE,207,2025-10-11T00:34:13.859Z,2025-09-29T23:27:46.886Z,lifecycle,False,,12,3,10,0,1.2246467991473532e-16,-1.0
2025-10-02 13:00:00+00:00,DE,232,2025-10-11T00:33:48.404Z,2025-09-29T23:27:19.346Z,lifecycle,False,,13,3,10,0,-0.2588190451025208,-0.9659258262890683
2025-10-02 14:00:00+00:00,DE,303,2025-10-11T00:33:48.404Z,2025-09-29T23:27:58.168Z,lifecycle,False,,14,3,10,0,-0.4999999999999997,-0.8660254037844388
2025-10-02 15:00:00+00:00,DE,402,2025-10-11T00:34:13.859Z,2025-09-29T23:27:58.168Z,lifecycle,False,,15,3,10,0,-0.7071067811865471,-0.7071067811865479
2025-10-02 16:00:00+00:00,DE,458,2025-10-11T00:34:31.371Z,2025-09-29T23:27:19.346Z,lifecycle,False,,16,3,10,0,-0.8660254037844385,-0.5000000000000004
2025-10-02 17:00:00+00:00,DE,449,2025-10-11T00:34:41.020Z,2025-09-29T23:27:19.346Z,lifecycle,False,,17,3,10,0,-0.9659258262890683,-0.25881904510252063
2025-10-02 18:00:00+00:00,DE,429,2025-10-11T00:34:00.063Z,2025-09-29T23:27:19.346Z,lifecycle,False,,18,3,10,0,-1.0,-1.8369701987210297e-16
2025-10-02 19:00:00+00:00,DE,396,2025-10-11T00:34:23.928Z,2025-09-29T23:27:19.346Z,lifecycle,False,,19,3,10,0,-0.9659258262890684,0.2588190451025203
2025-10-02 20:00:00+00:00,DE,372,2025-10-11T00:34:41.020Z,2025-09-29T23:27:58.168Z,lifecycle,False,,20,3,10,0,-0.8660254037844386,0.5000000000000001
2025-10-02 21:00:00+00:00,DE,342,2025-10-11T00:34:23.928Z,2025-09-29T23:27:46.886Z,lifecycle,False,,21,3,10,0,-0.7071067811865477,0.7071067811865474
2025-10-02 22:00:00+00:00,DE,312,2025-10-11T00:34:00.063Z,2025-09-29T23:27:46.886Z,lifecycle,False,,22,3,10,0,-0.5000000000000004,0.8660254037844384
2025-10-02 23:00:00+00:00,DE,292,2025-10-12T00:38:07.896Z,2025-09-29T23:27:19.346Z,lifecycle,False,,23,3,10,0,-0.25881904510252157,0.9659258262890681
2025-10-03 00:00:00+00:00,DE,270,2025-10-12T00:37:50.999Z,2025-09-30T22:40:09.291Z,lifecycle,False,,0,4,10,0,0.0,1.0
2025-10-03 01:00:00+00:00,DE,264,2025-10-12T00:38:07.896Z,2025-09-30T22:40:36.478Z,lifecycle,False,,1,4,10,0,0.25881904510252074,0.9659258262890683
2025-10-03 02:00:00+00:00,DE,268,2025-10-12T00:38:30.714Z,2025-09-30T23:55:20.759Z,lifecycle,False,,2,4,10,0,0.49999999999999994,0.8660254037844387
2025-10-03 03:00:00+00:00,DE,277,2025-10-12T00:38:30.714Z,2025-09-30T23:55:31.672Z,lifecycle,False,,3,4,10,0,0.7071067811865476,0.7071067811865476
2025-10-03 04:00:00+00:00,DE,289,2025-10-12T00:38:07.896Z,2025-09-30T23:55:20.759Z,lifecycle,False,,4,4,10,0,0.8660254037844386,0.5000000000000001
2025-10-03 05:00:00+00:00,DE,289,2025-10-12T00:38:07.896Z,2025-09-30T23:55:31.672Z,lifecycle,False,,5,4,10,0,0.9659258262890683,0.25881904510252074
2025-10-03 06:00:00+00:00,DE,249,2025-10-12T00:37:50.999Z,2025-09-30T23:55:31.672Z,lifecycle,False,,6,4,10,0,1.0,6.123233995736766e-17
2025-10-03 07:00:00+00:00,DE,188,2025-10-12T00:38:30.714Z,2025-09-30T23:55:20.759Z,lifecycle,False,,7,4,10,0,0.9659258262890683,-0.25881904510252063
2025-10-03 08:00:00+00:00,DE,147,2025-10-12T00:38:30.714Z,2025-09-30T23:55:31.672Z,lifecycle,False,,8,4,10,0,0.8660254037844387,-0.4999999999999998
2025-10-03 09:00:00+00:00,DE,130,2025-10-12T00:38:30.714Z,2025-09-30T23:55:20.759Z,lifecycle,False,,9,4,10,0,0.7071067811865476,-0.7071067811865475
2025-10-03 10:00:00+00:00,DE,122,2025-10-12T00:38:30.714Z,2025-09-30T23:55:08.546Z,lifecycle,False,,10,4,10,0,0.49999999999999994,-0.8660254037844387
2025-10-03 11:00:00+00:00,DE,119,2025-10-12T00:37:50.999Z,2025-09-30T23:55:20.759Z,lifecycle,False,,11,4,10,0,0.258819045102521,-0.9659258262890682
2025-10-03 12:00:00+00:00,DE,124,2025-10-12T00:37:50.999Z,2025-09-30T23:55:08.546Z,lifecycle,False,,12,4,10,0,1.2246467991473532e-16,-1.0
2025-10-03 13:00:00+00:00,DE,134,2025-10-12T00:38:07.896Z,2025-09-30T23:55:31.672Z,lifecycle,False,,13,4,10,0,-0.2588190451025208,-0.9659258262890683
2025-10-03 14:00:00+00:00,DE,158,2025-10-12T00:38:30.714Z,2025-09-30T23:55:31.672Z,lifecycle,False,,14,4,10,0,-0.4999999999999997,-0.8660254037844388
2025-10-03 15:00:00+00:00,DE,199,2025-10-12T00:38:07.896Z,2025-09-30T23:55:08.546Z,lifecycle,False,,15,4,10,0,-0.7071067811865471,-0.7071067811865479
2025-10-03 16:00:00+00:00,DE,229,2025-10-12T00:38:17.488Z,2025-09-30T23:55:20.759Z,lifecycle,False,,16,4,10,0,-0.8660254037844385,-0.5000000000000004
2025-10-03 17:00:00+00:00,DE,214,2025-10-12T00:38:01.782Z,2025-09-30T23:55:31.672Z,lifecycle,False,,17,4,10,0,-0.9659258262890683,-0.25881904510252063
2025-10-03 18:00:00+00:00,DE,180,2025-10-12T00:38:17.488Z,2025-09-30T23:55:31.672Z,lifecycle,False,,18,4,10,0,-1.0,-1.8369701987210297e-16
2025-10-03 19:00:00+00:00,DE,163,2025-10-12T00:38:30.714Z,2025-09-30T23:55:08.546Z,lifecycle,False,,19,4,10,0,-0.9659258262890684,0.2588190451025203
2025-10-03 20:00:00+00:00,DE,158,2025-10-12T00:38:01.782Z,2025-09-30T23:55:08.546Z,lifecycle,False,,20,4,10,0,-0.8660254037844386,0.5000000000000001
2025-10-03 21:00:00+00:00,DE,149,2025-10-12T00:38:01.782Z,2025-09-30T23:55:08.546Z,lifecycle,False,,21,4,10,0,-0.7071067811865477,0.7071067811865474
2025-10-03 22:00:00+00:00,DE,141,2025-10-12T00:38:01.782Z,2025-09-30T23:55:08.546Z,lifecycle,False,,22,4,10,0,-0.5000000000000004,0.8660254037844384
2025-10-03 23:00:00+00:00,DE,134,2025-10-13T00:30:40.036Z,2025-09-30T23:55:31.672Z,lifecycle,False,,23,4,10,0,-0.25881904510252157,0.9659258262890681
2025-10-04 00:00:00+00:00,DE,133,2025-10-14T00:32:40.208Z,2025-10-01T22:39:56.342Z,lifecycle,False,,0,5,10,1,0.0,1.0
2025-10-04 01:00:00+00:00,DE,134,2025-10-13T00:30:13.167Z,2025-10-01T22:40:11.868Z,lifecycle,False,,1,5,10,1,0.25881904510252074,0.9659258262890683
2025-10-04 02:00:00+00:00,DE,136,2025-10-13T00:30:40.036Z,2025-10-02T00:09:49.381Z,lifecycle,False,,2,5,10,1,0.49999999999999994,0.8660254037844387
2025-10-04 03:00:00+00:00,DE,129,2025-10-13T00:30:36.092Z,2025-10-02T00:10:01.131Z,lifecycle,False,,3,5,10,1,0.7071067811865476,0.7071067811865476
2025-10-04 04:00:00+00:00,DE,123,2025-10-13T00:30:13.167Z,2025-10-02T00:09:34.641Z,lifecycle,False,,4,5,10,1,0.8660254037844386,0.5000000000000001
2025-10-04 05:00:00+00:00,DE,111,2025-10-13T00:30:13.167Z,2025-10-02T00:09:34.641Z,lifecycle,False,,5,5,10,1,0.9659258262890683,0.25881904510252074
2025-10-04 06:00:00+00:00,DE,105,2025-10-13T00:30:40.036Z,2025-10-02T00:09:34.641Z,lifecycle,False,,6,5,10,1,1.0,6.123233995736766e-17
2025-10-04 07:00:00+00:00,DE,114,2025-10-13T00:30:13.167Z,2025-10-02T00:10:01.131Z,lifecycle,False,,7,5,10,1,0.9659258262890683,-0.25881904510252063
2025-10-04 08:00:00+00:00,DE,112,2025-10-13T00:30:36.092Z,2025-10-02T00:10:01.131Z,lifecycle,False,,8,5,10,1,0.8660254037844387,-0.4999999999999998
2025-10-04 09:00:00+00:00,DE,104,2025-10-13T00:30:36.092Z,2025-10-02T00:10:01.131Z,lifecycle,False,,9,5,10,1,0.7071067811865476,-0.7071067811865475
2025-10-04 10:00:00+00:00,DE,99,2025-10-13T00:30:36.092Z,2025-10-02T00:09:49.381Z,lifecycle,False,,10,5,10,1,0.49999999999999994,-0.8660254037844387
2025-10-04 11:00:00+00:00,DE,99,2025-10-13T00:30:40.036Z,2025-10-02T00:10:01.131Z,lifecycle,False,,11,5,10,1,0.258819045102521,-0.9659258262890682
2025-10-04 12:00:00+00:00,DE,100,2025-10-13T00:30:36.092Z,2025-10-02T00:10:01.131Z,lifecycle,False,,12,5,10,1,1.2246467991473532e-16,-1.0
2025-10-04 13:00:00+00:00,DE,101,2025-10-13T00:30:40.036Z,2025-10-02T00:09:49.381Z,lifecycle,False,,13,5,10,1,-0.2588190451025208,-0.9659258262890683
2025-10-04 14:00:00+00:00,DE,101,2025-10-13T00:30:40.036Z,2025-10-02T00:10:01.131Z,lifecycle,False,,14,5,10,1,-0.4999999999999997,-0.8660254037844388
2025-10-04 15:00:00+00:00,DE,104,2025-10-13T00:30:36.092Z,2025-10-02T00:10:01.131Z,lifecycle,False,,15,5,10,1,-0.7071067811865471,-0.7071067811865479
2025-10-04 16:00:00+00:00,DE,109,2025-10-13T00:30:23.262Z,2025-10-02T00:10:01.131Z,lifecycle,False,,16,5,10,1,-0.8660254037844385,-0.5000000000000004
2025-10-04 17:00:00+00:00,DE,112,2025-10-13T00:30:23.262Z,2025-10-02T00:09:49.381Z,lifecycle,False,,17,5,10,1,-0.9659258262890683,-0.25881904510252063
2025-10-04 18:00:00+00:00,DE,111,2025-10-13T00:30:23.262Z,2025-10-02T00:09:34.641Z,lifecycle,False,,18,5,10,1,-1.0,-1.8369701987210297e-16
2025-10-04 19:00:00+00:00,DE,111,2025-10-13T00:30:45.576Z,2025-10-02T00:10:01.131Z,lifecycle,False,,19,5,10,1,-0.9659258262890684,0.2588190451025203
2025-10-04 20:00:00+00:00,DE,112,2025-10-13T00:30:45.576Z,2025-10-02T00:09:34.641Z,lifecycle,False,,20,5,10,1,-0.8660254037844386,0.5000000000000001
2025-10-04 21:00:00+00:00,DE,110,2025-10-13T00:30:23.262Z,2025-10-02T00:09:49.381Z,lifecycle,False,,21,5,10,1,-0.7071067811865477,0.7071067811865474
2025-10-04 22:00:00+00:00,DE,114,2025-10-12T00:38:36.047Z,2025-10-02T00:09:49.381Z,lifecycle,False,,22,5,10,1,-0.5000000000000004,0.8660254037844384
2025-10-04 23:00:00+00:00,DE,115,2025-10-15T00:31:45.874Z,2025-10-02T00:09:34.641Z,lifecycle,False,,23,5,10,1,-0.25881904510252157,0.9659258262890681
2025-10-05 00:00:00+00:00,DE,119,2025-10-14T00:32:18.744Z,2025-10-02T21:12:26.247Z,lifecycle,False,,0,6,10,1,0.0,1.0
2025-10-05 01:00:00+00:00,DE,119,2025-10-14T00:32:48.177Z,2025-10-02T21:11:46.978Z,lifecycle,False,,1,6,10,1,0.25881904510252074,0.9659258262890683
2025-10-05 02:00:00+00:00,DE,120,2025-10-14T00:32:48.177Z,2025-10-02T21:11:46.978Z,lifecycle,False,,2,6,10,1,0.49999999999999994,0.8660254037844387
2025-10-05 03:00:00+00:00,DE,121,2025-10-14T00:32:40.208Z,2025-10-02T21:12:26.247Z,lifecycle,False,,3,6,10,1,0.7071067811865476,0.7071067811865476
2025-10-05 04:00:00+00:00,DE,120,2025-10-14T00:32:48.177Z,2025-10-02T21:11:55.226Z,lifecycle,False,,4,6,10,1,0.8660254037844386,0.5000000000000001
2025-10-05 05:00:00+00:00,DE,117,2025-10-14T00:32:40.208Z,2025-10-02T21:11:55.226Z,lifecycle,False,,5,6,10,1,0.9659258262890683,0.25881904510252074
2025-10-05 06:00:00+00:00,DE,111,2025-10-14T00:32:40.208Z,2025-10-02T21:12:26.247Z,lifecycle,False,,6,6,10,1,1.0,6.123233995736766e-17
2025-10-05 07:00:00+00:00,DE,107,2025-10-14T00:32:18.744Z,2025-10-02T21:11:46.978Z,lifecycle,False,,7,6,10,1,0.9659258262890683,-0.25881904510252063
2025-10-05 08:00:00+00:00,DE,104,2025-10-14T00:32:18.744Z,2025-10-02T21:11:55.226Z,lifecycle,False,,8,6,10,1,0.8660254037844387,-0.4999999999999998
2025-10-05 09:00:00+00:00,DE,103,2025-10-14T00:32:48.177Z,2025-10-02T21:12:26.247Z,lifecycle,False,,9,6,10,1,0.7071067811865476,-0.7071067811865475
2025-10-05 10:00:00+00:00,DE,100,2025-10-14T00:32:18.744Z,2025-10-02T21:11:55.226Z,lifecycle,False,,10,6,10,1,0.49999999999999994,-0.8660254037844387
2025-10-05 11:00:00+00:00,DE,100,2025-10-14T00:32:18.744Z,2025-10-02T21:11:55.226Z,lifecycle,False,,11,6,10,1,0.258819045102521,-0.9659258262890682
2025-10-05 12:00:00+00:00,DE,102,2025-10-14T00:32:40.208Z,2025-10-02T21:11:46.978Z,lifecycle,False,,12,6,10,1,1.2246467991473532e-16,-1.0
2025-10-05 13:00:00+00:00,DE,105,2025-10-14T00:32:48.177Z,2025-10-02T21:11:46.978Z,lifecycle,False,,13,6,10,1,-0.2588190451025208,-0.9659258262890683
2025-10-05 14:00:00+00:00,DE,110,2025-10-14T00:32:40.208Z,2025-10-02T21:11:55.226Z,lifecycle,False,,14,6,10,1,-0.4999999999999997,-0.8660254037844388
2025-10-05 15:00:00+00:00,DE,121,2025-10-14T00:32:40.208Z,2025-10-02T21:11:46.978Z,lifecycle,False,,15,6,10,1,-0.7071067811865471,-0.7071067811865479
2025-10-05 16:00:00+00:00,DE,149,2025-10-15T00:31:45.874Z,2025-10-02T21:12:26.247Z,lifecycle,False,,16,6,10,1,-0.8660254037844385,-0.5000000000000004
2025-10-05 17:00:00+00:00,DE,173,2025-10-15T00:31:45.874Z,2025-10-02T21:11:55.226Z,lifecycle,False,,17,6,10,1,-0.9659258262890683,-0.25881904510252063
2025-10-05 18:00:00+00:00,DE,168,2025-10-15T00:31:50.874Z,2025-10-02T21:11:55.226Z,lifecycle,False,,18,6,10,1,-1.0,-1.8369701987210297e-16
2025-10-05 19:00:00+00:00,DE,164,2025-10-15T00:31:50.874Z,2025-10-02T21:12:26.247Z,lifecycle,False,,19,6,10,1,-0.9659258262890684,0.2588190451025203
2025-10-05 20:00:00+00:00,DE,156,2025-10-14T00:32:29.614Z,2025-10-02T21:12:26.247Z,lifecycle,False,,20,6,10,1,-0.8660254037844386,0.5000000000000001
2025-10-05 21:00:00+00:00,DE,143,2025-10-15T00:31:50.874Z,2025-10-02T21:11:46.978Z,lifecycle,False,,21,6,10,1,-0.7071067811865477,0.7071067811865474
2025-10-05 22:00:00+00:00,DE,144,2025-10-13T00:30:49.324Z,2025-10-02T23:55:30.369Z,lifecycle,False,,22,6,10,1,-0.5000000000000004,0.8660254037844384
2025-10-05 23:00:00+00:00,DE,132,2025-10-15T00:31:26.023Z,2025-10-02T23:56:13.555Z,lifecycle,False,,23,6,10,1,-0.25881904510252157,0.9659258262890681
2025-10-06 00:00:00+00:00,DE,135,2025-10-15T00:31:26.023Z,2025-10-03T21:10:48.574Z,lifecycle,False,,0,0,10,0,0.0,1.0
2025-10-06 01:00:00+00:00,DE,141,2025-10-15T00:31:50.874Z,2025-10-03T21:11:07.634Z,lifecycle,False,,1,0,10,0,0.25881904510252074,0.9659258262890683
2025-10-06 02:00:00+00:00,DE,148,2025-10-15T00:31:26.023Z,2025-10-03T21:11:07.634Z,lifecycle,False,,2,0,10,0,0.49999999999999994,0.8660254037844387
2025-10-06 03:00:00+00:00,DE,168,2025-10-15T00:31:45.874Z,2025-10-03T21:10:48.574Z,lifecycle,False,,3,0,10,0,0.7071067811865476,0.7071067811865476
2025-10-06 04:00:00+00:00,DE,208,2025-10-15T00:31:45.874Z,2025-10-03T21:10:48.574Z,lifecycle,False,,4,0,10,0,0.8660254037844386,0.5000000000000001
2025-10-06 05:00:00+00:00,DE,251,2025-10-15T00:31:45.874Z,2025-10-03T21:10:48.574Z,lifecycle,False,,5,0,10,0,0.9659258262890683,0.25881904510252074
2025-10-06 06:00:00+00:00,DE,273,2025-10-15T00:31:45.874Z,2025-10-03T21:11:25.087Z,lifecycle,False,,6,0,10,0,1.0,6.123233995736766e-17
2025-10-06 07:00:00+00:00,DE,270,2025-10-15T00:31:50.874Z,2025-10-03T21:11:25.087Z,lifecycle,False,,7,0,10,0,0.9659258262890683,-0.25881904510252063
2025-10-06 08:00:00+00:00,DE,275,2025-10-15T00:31:45.874Z,2025-10-03T21:10:48.574Z,lifecycle,False,,8,0,10,0,0.8660254037844387,-0.4999999999999998
2025-10-06 09:00:00+00:00,DE,274,2025-10-15T00:31:45.874Z,2025-10-03T21:11:25.087Z,lifecycle,False,,9,0,10,0,0.7071067811865476,-0.7071067811865475
2025-10-06 10:00:00+00:00,DE,272,2025-10-15T00:31:26.023Z,2025-10-03T21:10:48.574Z,lifecycle,False,,10,0,10,0,0.49999999999999994,-0.8660254037844387
2025-10-06 11:00:00+00:00,DE,274,2025-10-15T00:31:50.874Z,2025-10-03T21:11:25.087Z,lifecycle,False,,11,0,10,0,0.258819045102521,-0.9659258262890682
2025-10-06 12:00:00+00:00,DE,285,2025-10-15T00:31:26.023Z,2025-10-03T21:11:07.634Z,lifecycle,False,,12,0,10,0,1.2246467991473532e-16,-1.0
2025-10-06 13:00:00+00:00,DE,304,2025-10-15T00:31:26.023Z,2025-10-03T21:11:07.634Z,lifecycle,False,,13,0,10,0,-0.2588190451025208,-0.9659258262890683
2025-10-06 14:00:00+00:00,DE,336,2025-10-15T00:31:50.874Z,2025-10-03T21:11:25.087Z,lifecycle,False,,14,0,10,0,-0.4999999999999997,-0.8660254037844388
2025-10-06 15:00:00+00:00,DE,358,2025-10-15T00:31:45.874Z,2025-10-03T21:10:48.574Z,lifecycle,False,,15,0,10,0,-0.7071067811865471,-0.7071067811865479
2025-10-06 16:00:00+00:00,DE,381,2025-10-15T00:31:59.273Z,2025-10-03T21:11:25.087Z,lifecycle,False,,16,0,10,0,-0.8660254037844385,-0.5000000000000004
2025-10-06 17:00:00+00:00,DE,394,2025-10-15T00:31:54.444Z,2025-10-03T21:10:48.574Z,lifecycle,False,,17,0,10,0,-0.9659258262890683,-0.25881904510252063
2025-10-06 18:00:00+00:00,DE,413,2025-10-15T00:31:59.273Z,2025-10-03T21:11:25.087Z,lifecycle,False,,18,0,10,0,-1.0,-1.8369701987210297e-16
2025-10-06 19:00:00+00:00,DE,433,2025-10-15T00:31:54.444Z,2025-10-03T21:11:25.087Z,lifecycle,False,,19,0,10,0,-0.9659258262890684,0.2588190451025203
2025-10-06 20:00:00+00:00,DE,457,2025-10-15T00:31:59.273Z,2025-10-03T21:11:07.634Z,lifecycle,False,,20,0,10,0,-0.8660254037844386,0.5000000000000001
2025-10-06 21:00:00+00:00,DE,471,2025-10-15T00:31:35.530Z,2025-10-03T21:11:07.634Z,lifecycle,False,,21,0,10,0,-0.7071067811865477,0.7071067811865474
2025-10-06 22:00:00+00:00,DE,479,2025-10-14T00:32:29.614Z,2025-10-03T23:45:05.909Z,lifecycle,False,,22,0,10,0,-0.5000000000000004,0.8660254037844384
2025-10-06 23:00:00+00:00,DE,490,2025-10-14T00:32:58.724Z,2025-10-03T23:45:05.909Z,lifecycle,False,,23,0,10,0,-0.25881904510252157,0.9659258262890681
2025-10-07 00:00:00+00:00,DE,502,2025-10-16T00:33:09.017Z,2025-10-04T22:41:07.846Z,lifecycle,False,,0,1,10,0,0.0,1.0
2025-10-07 01:00:00+00:00,DE,508,2025-10-14T00:32:50.177Z,2025-10-04T22:40:36.796Z,lifecycle,False,,1,1,10,0,0.25881904510252074,0.9659258262890683
2025-10-07 02:00:00+00:00,DE,505,2025-10-14T00:32:29.614Z,2025-10-04T23:56:05.076Z,lifecycle,False,,2,1,10,0,0.49999999999999994,0.8660254037844387
2025-10-07 03:00:00+00:00,DE,504,2025-10-14T00:32:58.724Z,2025-10-04T23:56:05.076Z,lifecycle,False,,3,1,10,0,0.7071067811865476,0.7071067811865476
2025-10-07 04:00:00+00:00,DE,492,2025-10-14T00:32:29.614Z,2025-10-04T23:55:48.559Z,lifecycle,False,,4,1,10,0,0.8660254037844386,0.5000000000000001
2025-10-07 05:00:00+00:00,DE,483,2025-10-15T00:31:59.273Z,2025-10-04T23:55:48.559Z,lifecycle,False,,5,1,10,0,0.9659258262890683,0.25881904510252074
2025-10-07 06:00:00+00:00,DE,470,2025-10-16T00:33:31.809Z,2025-10-04T23:55:18.487Z,lifecycle,False,,6,1,10,0,1.0,6.123233995736766e-17
2025-10-07 07:00:00+00:00,DE,453,2025-10-16T00:33:09.017Z,2025-10-04T23:55:18.487Z,lifecycle,False,,7,1,10,0,0.9659258262890683,-0.25881904510252063
2025-10-07 08:00:00+00:00,DE,431,2025-10-16T00:33:31.809Z,2025-10-04T23:56:05.076Z,lifecycle,False,,8,1,10,0,0.8660254037844387,-0.4999999999999998
2025-10-07 09:00:00+00:00,DE,410,2025-10-16T00:33:09.017Z,2025-10-04T23:55:18.487Z,lifecycle,False,,9,1,10,0,0.7071067811865476,-0.7071067811865475
2025-10-07 10:00:00+00:00,DE,394,2025-10-16T00:33:09.017Z,2025-10-04T23:55:48.559Z,lifecycle,False,,10,1,10,0,0.49999999999999994,-0.8660254037844387
2025-10-07 11:00:00+00:00,DE,392,2025-10-16T00:33:34.795Z,2025-10-04T23:56:05.076Z,lifecycle,False,,11,1,10,0,0.258819045102521,-0.9659258262890682
2025-10-07 12:00:00+00:00,DE,402,2025-10-16T00:33:31.809Z,2025-10-04T23:55:48.559Z,lifecycle,False,,12,1,10,0,1.2246467991473532e-16,-1.0
2025-10-07 13:00:00+00:00,DE,418,2025-10-16T00:33:34.795Z,2025-10-04T23:55:18.487Z,lifecycle,False,,13,1,10,0,-0.2588190451025208,-0.9659258262890683
2025-10-07 14:00:00+00:00,DE,435,2025-10-16T00:33:09.017Z,2025-10-04T23:55:18.487Z,lifecycle,False,,14,1,10,0,-0.4999999999999997,-0.8660254037844388
2025-10-07 15:00:00+00:00,DE,459,2025-10-16T00:33:31.809Z,2025-10-04T23:55:18.487Z,lifecycle,False,,15,1,10,0,-0.7071067811865471,-0.7071067811865479
2025-10-07 16:00:00+00:00,DE,475,2025-10-15T00:31:59.273Z,2025-10-04T23:56:05.076Z,lifecycle,False,,16,1,10,0,-0.8660254037844385,-0.5000000000000004
2025-10-07 17:00:00+00:00,DE,473,2025-10-15T00:31:54.444Z,2025-10-04T23:56:05.076Z,lifecycle,False,,17,1,10,0,-0.9659258262890683,-0.25881904510252063
2025-10-07 18:00:00+00:00,DE,488,2025-10-15T00:31:59.273Z,2025-10-04T23:55:48.559Z,lifecycle,False,,18,1,10,0,-1.0,-1.8369701987210297e-16
2025-10-07 19:00:00+00:00,DE,495,2025-10-15T00:31:35.530Z,2025-10-04T23:56:05.076Z,lifecycle,False,,19,1,10,0,-0.9659258262890684,0.2588190451025203
2025-10-07 20:00:00+00:00,DE,501,2025-10-15T00:31:35.530Z,2025-10-04T23:56:05.076Z,lifecycle,False,,20,1,10,0,-0.8660254037844386,0.5000000000000001
2025-10-07 21:00:00+00:00,DE,512,2025-10-14T00:32:54.738Z,2025-10-04T23:56:05.076Z,lifecycle,False,,21,1,10,0,-0.7071067811865477,0.7071067811865474
2025-10-07 22:00:00+00:00,DE,519,2025-10-14T00:33:03.303Z,2025-10-04T23:56:05.076Z,lifecycle,False,,22,1,10,0,-0.5000000000000004,0.8660254037844384
2025-10-07 23:00:00+00:00,DE,513,2025-10-17T00:31:47.146Z,2025-10-04T23:55:18.487Z,lifecycle,False,,23,1,10,0,-0.25881904510252157,0.9659258262890681
2025-10-08 00:00:00+00:00,DE,509,2025-10-17T00:31:22.696Z,2025-10-05T22:40:38.322Z,lifecycle,False,,0,2,10,0,0.0,1.0
2025-10-08 01:00:00+00:00,DE,509,2025-10-17T00:31:47.146Z,2025-10-05T22:40:38.322Z,lifecycle,False,,1,2,10,0,0.25881904510252074,0.9659258262890683
2025-10-08 02:00:00+00:00,DE,514,2025-10-17T00:31:22.696Z,2025-10-05T23:41:59.142Z,lifecycle,False,,2,2,10,0,0.49999999999999994,0.8660254037844387
2025-10-08 03:00:00+00:00,DE,523,2025-10-17T00:31:42.444Z,2025-10-05T23:41:59.142Z,lifecycle,False,,3,2,10,0,0.7071067811865476,0.7071067811865476
2025-10-08 04:00:00+00:00,DE,511,2025-10-17T00:31:47.146Z,2025-10-05T23:42:12.367Z,lifecycle,False,,4,2,10,0,0.8660254037844386,0.5000000000000001
2025-10-08 05:00:00+00:00,DE,497,2025-10-17T00:31:42.444Z,2025-10-05T23:41:59.142Z,lifecycle,False,,5,2,10,0,0.9659258262890683,0.25881904510252074
2025-10-08 06:00:00+00:00,DE,482,2025-10-18T00:29:34.439Z,2025-10-05T23:42:24.437Z,lifecycle,False,,6,2,10,0,1.0,6.123233995736766e-17
2025-10-08 07:00:00+00:00,DE,465,2025-10-18T00:29:14.611Z,2025-10-05T23:42:12.367Z,lifecycle,False,,7,2,10,0,0.9659258262890683,-0.25881904510252063
2025-10-08 08:00:00+00:00,DE,442,2025-10-18T00:29:34.439Z,2025-10-05T23:42:24.437Z,lifecycle,False,,8,2,10,0,0.8660254037844387,-0.4999999999999998
2025-10-08 09:00:00+00:00,DE,411,2025-10-17T00:31:47.146Z,2025-10-05T23:42:12.367Z,lifecycle,False,,9,2,10,0,0.7071067811865476,-0.7071067811865475
2025-10-08 10:00:00+00:00,DE,387,2025-10-16T00:33:43.163Z,2025-10-05T23:41:59.142Z,lifecycle,False,,10,2,10,0,0.49999999999999994,-0.8660254037844387
2025-10-08 11:00:00+00:00,DE,379,2025-10-16T00:33:43.163Z,2025-10-05T23:41:59.142Z,lifecycle,False,,11,2,10,0,0.258819045102521,-0.9659258262890682
2025-10-08 12:00:00+00:00,DE,392,2025-10-16T00:33:43.163Z,2025-10-05T23:41:59.142Z,lifecycle,False,,12,2,10,0,1.2246467991473532e-16,-1.0
2025-10-08 13:00:00+00:00,DE,415,2025-10-17T00:31:42.444Z,2025-10-05T23:42:12.367Z,lifecycle,False,,13,2,10,0,-0.2588190451025208,-0.9659258262890683
2025-10-08 14:00:00+00:00,DE,456,2025-10-17T00:31:42.444Z,2025-10-05T23:42:24.437Z,lifecycle,False,,14,2,10,0,-0.4999999999999997,-0.8660254037844388
2025-10-08 15:00:00+00:00,DE,486,2025-10-17T00:31:22.696Z,2025-10-05T23:41:59.142Z,lifecycle,False,,15,2,10,0,-0.7071067811865471,-0.7071067811865479
2025-10-08 16:00:00+00:00,DE,507,2025-10-17T00:31:56.005Z,2025-10-05T23:42:12.367Z,lifecycle,False,,16,2,10,0,-0.8660254037844385,-0.5000000000000004
2025-10-08 17:00:00+00:00,DE,514,2025-10-17T00:31:31.467Z,2025-10-05T23:41:59.142Z,lifecycle,False,,17,2,10,0,-0.9659258262890683,-0.25881904510252063
2025-10-08 18:00:00+00:00,DE,521,2025-10-17T00:31:31.467Z,2025-10-05T23:42:12.367Z,lifecycle,False,,18,2,10,0,-1.0,-1.8369701987210297e-16
2025-10-08 19:00:00+00:00,DE,534,2025-10-17T00:31:56.005Z,2025-10-05T23:41:59.142Z,lifecycle,False,,19,2,10,0,-0.9659258262890684,0.2588190451025203
2025-10-08 20:00:00+00:00,DE,543,2025-10-17T00:31:31.467Z,2025-10-05T23:42:24.437Z,lifecycle,False,,20,2,10,0,-0.8660254037844386,0.5000000000000001
2025-10-08 21:00:00+00:00,DE,543,2025-10-16T00:33:17.975Z,2025-10-05T23:41:59.142Z,lifecycle,False,,21,2,10,0,-0.7071067811865477,0.7071067811865474
2025-10-08 22:00:00+00:00,DE,549,2025-10-17T00:31:52.787Z,2025-10-05T23:41:59.142Z,lifecycle,False,,22,2,10,0,-0.5000000000000004,0.8660254037844384
2025-10-08 23:00:00+00:00,DE,556,2025-10-18T00:29:14.611Z,2025-10-05T23:41:59.142Z,lifecycle,False,,23,2,10,0,-0.25881904510252157,0.9659258262890681
2025-10-09 00:00:00+00:00,DE,557,2025-10-18T00:29:34.439Z,2025-10-06T22:55:09.864Z,lifecycle,False,,0,3,10,0,0.0,1.0
2025-10-09 01:00:00+00:00,DE,549,2025-10-18T00:29:34.439Z,2025-10-06T22:54:52.776Z,lifecycle,False,,1,3,10,0,0.25881904510252074,0.9659258262890683
2025-10-09 02:00:00+00:00,DE,544,2025-10-18T00:29:14.611Z,2025-10-06T23:42:24.482Z,lifecycle,False,,2,3,10,0,0.49999999999999994,0.8660254037844387
2025-10-09 03:00:00+00:00,DE,542,2025-10-18T00:29:39.789Z,2025-10-06T23:42:24.482Z,lifecycle,False,,3,3,10,0,0.7071067811865476,0.7071067811865476
2025-10-09 04:00:00+00:00,DE,525,2025-10-18T00:29:14.611Z,2025-10-06T23:42:39.935Z,lifecycle,False,,4,3,10,0,0.8660254037844386,0.5000000000000001
2025-10-09 05:00:00+00:00,DE,501,2025-10-18T00:29:39.789Z,2025-10-06T23:42:39.935Z,lifecycle,False,,5,3,10,0,0.9659258262890683,0.25881904510252074
2025-10-09 06:00:00+00:00,DE,479,2025-10-18T00:29:39.789Z,2025-10-06T23:42:24.482Z,lifecycle,False,,6,3,10,0,1.0,6.123233995736766e-17
2025-10-09 07:00:00+00:00,DE,453,2025-10-18T00:29:39.789Z,2025-10-06T23:42:24.482Z,lifecycle,False,,7,3,10,0,0.9659258262890683,-0.25881904510252063
2025-10-09 08:00:00+00:00,DE,426,2025-10-18T00:29:39.789Z,2025-10-06T23:42:52.814Z,lifecycle,False,,8,3,10,0,0.8660254037844387,-0.4999999999999998
2025-10-09 09:00:00+00:00,DE,390,2025-10-18T00:29:14.611Z,2025-10-06T23:42:24.482Z,lifecycle,False,,9,3,10,0,0.7071067811865476,-0.7071067811865475
2025-10-09 10:00:00+00:00,DE,379,2025-10-18T00:29:34.439Z,2025-10-06T23:42:39.935Z,lifecycle,False,,10,3,10,0,0.49999999999999994,-0.8660254037844387
2025-10-09 11:00:00+00:00,DE,382,2025-10-18T00:29:14.611Z,2025-10-06T23:42:39.935Z,lifecycle,False,,11,3,10,0,0.258819045102521,-0.9659258262890682
2025-10-09 12:00:00+00:00,DE,385,2025-10-18T00:29:34.439Z,2025-10-06T23:42:52.814Z,lifecycle,False,,12,3,10,0,1.2246467991473532e-16,-1.0
2025-10-09 13:00:00+00:00,DE,392,2025-10-18T00:29:39.789Z,2025-10-06T23:42:39.935Z,lifecycle,False,,13,3,10,0,-0.2588190451025208,-0.9659258262890683
2025-10-09 14:00:00+00:00,DE,413,2025-10-18T00:29:39.789Z,2025-10-06T23:42:24.482Z,lifecycle,False,,14,3,10,0,-0.4999999999999997,-0.8660254037844388
2025-10-09 15:00:00+00:00,DE,432,2025-10-18T00:29:14.611Z,2025-10-06T23:42:39.935Z,lifecycle,False,,15,3,10,0,-0.7071067811865471,-0.7071067811865479
2025-10-09 16:00:00+00:00,DE,435,2025-10-18T00:29:42.323Z,2025-10-06T23:42:52.814Z,lifecycle,False,,16,3,10,0,-0.8660254037844385,-0.5000000000000004
2025-10-09 17:00:00+00:00,DE,428,2025-10-18T00:29:42.323Z,2025-10-06T23:42:39.935Z,lifecycle,False,,17,3,10,0,-0.9659258262890683,-0.25881904510252063
2025-10-09 18:00:00+00:00,DE,426,2025-10-18T00:29:22.966Z,2025-10-06T23:42:39.935Z,lifecycle,False,,18,3,10,0,-1.0,-1.8369701987210297e-16
2025-10-09 19:00:00+00:00,DE,410,2025-10-18T00:29:42.323Z,2025-10-06T23:42:52.814Z,lifecycle,False,,19,3,10,0,-0.9659258262890684,0.2588190451025203
2025-10-09 20:00:00+00:00,DE,401,2025-10-18T00:29:22.966Z,2025-10-06T23:42:52.814Z,lifecycle,False,,20,3,10,0,-0.8660254037844386,0.5000000000000001
2025-10-09 21:00:00+00:00,DE,390,2025-10-18T00:29:48.061Z,2025-10-06T23:42:39.935Z,lifecycle,False,,21,3,10,0,-0.7071067811865477,0.7071067811865474
2025-10-09 22:00:00+00:00,DE,374,2025-10-18T00:29:48.061Z,2025-10-06T23:42:24.482Z,lifecycle,False,,22,3,10,0,-0.5000000000000004,0.8660254037844384
2025-10-09 23:00:00+00:00,DE,364,2025-10-19T00:30:33.156Z,2025-10-06T23:42:52.814Z,lifecycle,False,,23,3,10,0,-0.25881904510252157,0.9659258262890681
2025-10-10 00:00:00+00:00,DE,369,2025-10-19T00:30:49.655Z,2025-10-07T23:11:27.681Z,lifecycle,False,,0,4,10,0,0.0,1.0
2025-10-10 01:00:00+00:00,DE,366,2025-10-19T00:30:57.145Z,2025-10-07T23:11:27.681Z,lifecycle,False,,1,4,10,0,0.25881904510252074,0.9659258262890683
2025-10-10 02:00:00+00:00,DE,364,2025-10-19T00:30:33.156Z,2025-10-07T23:10:59.975Z,lifecycle,False,,2,4,10,0,0.49999999999999994,0.8660254037844387
2025-10-10 03:00:00+00:00,DE,370,2025-10-19T00:30:57.145Z,2025-10-07T23:10:59.975Z,lifecycle,False,,3,4,10,0,0.7071067811865476,0.7071067811865476
2025-10-10 04:00:00+00:00,DE,371,2025-10-19T00:30:33.156Z,2025-10-07T23:10:59.975Z,lifecycle,False,,4,4,10,0,0.8660254037844386,0.5000000000000001
2025-10-10 05:00:00+00:00,DE,379,2025-10-19T00:30:57.145Z,2025-10-07T23:10:59.975Z,lifecycle,False,,5,4,10,0,0.9659258262890683,0.25881904510252074
2025-10-10 06:00:00+00:00,DE,375,2025-10-19T00:30:33.156Z,2025-10-07T23:11:12.438Z,lifecycle,False,,6,4,10,0,1.0,6.123233995736766e-17
2025-10-10 07:00:00+00:00,DE,354,2025-10-19T00:30:33.156Z,2025-10-07T23:10:59.975Z,lifecycle,False,,7,4,10,0,0.9659258262890683,-0.25881904510252063
2025-10-10 08:00:00+00:00,DE,335,2025-10-19T00:30:57.145Z,2025-10-07T23:11:12.438Z,lifecycle,False,,8,4,10,0,0.8660254037844387,-0.4999999999999998
2025-10-10 09:00:00+00:00,DE,336,2025-10-19T00:30:57.145Z,2025-10-07T23:10:59.975Z,lifecycle,False,,9,4,10,0,0.7071067811865476,-0.7071067811865475
2025-10-10 10:00:00+00:00,DE,340,2025-10-19T00:30:33.156Z,2025-10-07T23:11:12.438Z,lifecycle,False,,10,4,10,0,0.49999999999999994,-0.8660254037844387
2025-10-10 11:00:00+00:00,DE,334,2025-10-19T00:30:33.156Z,2025-10-07T23:11:12.438Z,lifecycle,False,,11,4,10,0,0.258819045102521,-0.9659258262890682
2025-10-10 12:00:00+00:00,DE,335,2025-10-19T00:30:57.145Z,2025-10-07T23:11:12.438Z,lifecycle,False,,12,4,10,0,1.2246467991473532e-16,-1.0
2025-10-10 13:00:00+00:00,DE,346,2025-10-19T00:30:57.145Z,2025-10-07T23:10:59.975Z,lifecycle,False,,13,4,10,0,-0.2588190451025208,-0.9659258262890683
2025-10-10 14:00:00+00:00,DE,378,2025-10-19T00:30:57.145Z,2025-10-07T23:11:12.438Z,lifecycle,False,,14,4,10,0,-0.4999999999999997,-0.8660254037844388
2025-10-10 15:00:00+00:00,DE,400,2025-10-19T00:30:49.655Z,2025-10-07T23:11:12.438Z,lifecycle,False,,15,4,10,0,-0.7071067811865471,-0.7071067811865479
2025-10-10 16:00:00+00:00,DE,405,2025-10-19T00:30:41.246Z,2025-10-07T23:11:27.681Z,lifecycle,False,,16,4,10,0,-0.8660254037844385,-0.5000000000000004
2025-10-10 17:00:00+00:00,DE,402,2025-10-19T00:31:05.551Z,2025-10-07T23:11:27.681Z,lifecycle,False,,17,4,10,0,-0.9659258262890683,-0.25881904510252063
2025-10-10 18:00:00+00:00,DE,395,2025-10-19T00:30:41.246Z,2025-10-07T23:10:59.975Z,lifecycle,False,,18,4,10,0,-1.0,-1.8369701987210297e-16
2025-10-10 19:00:00+00:00,DE,391,2025-10-19T00:31:05.551Z,2025-10-07T23:11:27.681Z,lifecycle,False,,19,4,10,0,-0.9659258262890684,0.2588190451025203
2025-10-10 20:00:00+00:00,DE,399,2025-10-19T00:30:41.246Z,2025-10-07T23:10:59.975Z,lifecycle,False,,20,4,10,0,-0.8660254037844386,0.5000000000000001
2025-10-10 21:00:00+00:00,DE,389,2025-10-19T00:30:41.246Z,2025-10-07T23:10:59.975Z,lifecycle,False,,21,4,10,0,-0.7071067811865477,0.7071067811865474
2025-10-10 22:00:00+00:00,DE,356,2025-10-18T00:29:42.323Z,2025-10-07T23:11:27.681Z,lifecycle,False,,22,4,10,0,-0.5000000000000004,0.8660254037844384
2025-10-10 23:00:00+00:00,DE,345,2025-10-20T00:28:55.218Z,2025-10-07T23:11:12.438Z,lifecycle,False,,23,4,10,0,-0.25881904510252157,0.9659258262890681
2025-10-11 00:00:00+00:00,DE,339,2025-10-21T00:28:37.203Z,2025-10-08T22:40:35.601Z,lifecycle,False,,0,5,10,1,0.0,1.0
2025-10-11 01:00:00+00:00,DE,327,2025-10-20T00:29:15.499Z,2025-10-08T22:40:20.242Z,lifecycle,False,,1,5,10,1,0.25881904510252074,0.9659258262890683
2025-10-11 02:00:00+00:00,DE,325,2025-10-20T00:29:15.499Z,2025-10-08T23:54:40.301Z,lifecycle,False,,2,5,10,1,0.49999999999999994,0.8660254037844387
2025-10-11 03:00:00+00:00,DE,328,2025-10-21T00:28:30.542Z,2025-10-08T23:55:08.225Z,lifecycle,False,,3,5,10,1,0.7071067811865476,0.7071067811865476
2025-10-11 04:00:00+00:00,DE,357,2025-10-20T00:28:55.218Z,2025-10-08T23:54:40.301Z,lifecycle,False,,4,5,10,1,0.8660254037844386,0.5000000000000001
2025-10-11 05:00:00+00:00,DE,379,2025-10-20T00:28:55.218Z,2025-10-08T23:55:08.225Z,lifecycle,False,,5,5,10,1,0.9659258262890683,0.25881904510252074
2025-10-11 06:00:00+00:00,DE,374,2025-10-21T00:28:14.045Z,2025-10-08T23:54:40.301Z,lifecycle,False,,6,5,10,1,1.0,6.123233995736766e-17
2025-10-11 07:00:00+00:00,DE,343,2025-10-21T00:28:30.542Z,2025-10-08T23:54:55.011Z,lifecycle,False,,7,5,10,1,0.9659258262890683,-0.25881904510252063
2025-10-11 08:00:00+00:00,DE,294,2025-10-20T00:29:15.499Z,2025-10-08T23:55:08.225Z,lifecycle,False,,8,5,10,1,0.8660254037844387,-0.4999999999999998
2025-10-11 09:00:00+00:00,DE,260,2025-10-21T00:28:14.045Z,2025-10-08T23:55:08.225Z,lifecycle,False,,9,5,10,1,0.7071067811865476,-0.7071067811865475
2025-10-11 10:00:00+00:00,DE,242,2025-10-21T00:28:14.045Z,2025-10-08T23:54:40.301Z,lifecycle,False,,10,5,10,1,0.49999999999999994,-0.8660254037844387
2025-10-11 11:00:00+00:00,DE,235,2025-10-21T00:28:37.203Z,2025-10-08T23:54:55.011Z,lifecycle,False,,11,5,10,1,0.258819045102521,-0.9659258262890682
2025-10-11 12:00:00+00:00,DE,238,2025-10-21T00:28:14.045Z,2025-10-08T23:54:40.301Z,lifecycle,False,,12,5,10,1,1.2246467991473532e-16,-1.0
2025-10-11 13:00:00+00:00,DE,284,2025-10-20T00:29:15.499Z,2025-10-08T23:54:55.011Z,lifecycle,False,,13,5,10,1,-0.2588190451025208,-0.9659258262890683
2025-10-11 14:00:00+00:00,DE,363,2025-10-21T00:28:14.045Z,2025-10-08T23:55:08.225Z,lifecycle,False,,14,5,10,1,-0.4999999999999997,-0.8660254037844388
2025-10-11 15:00:00+00:00,DE,429,2025-10-21T00:28:30.542Z,2025-10-08T23:54:55.011Z,lifecycle,False,,15,5,10,1,-0.7071067811865471,-0.7071067811865479
2025-10-11 16:00:00+00:00,DE,456,2025-10-21T00:28:37.203Z,2025-10-08T23:54:40.301Z,lifecycle,False,,16,5,10,1,-0.8660254037844385,-0.5000000000000004
2025-10-11 17:00:00+00:00,DE,463,2025-10-21T00:28:37.203Z,2025-10-08T23:54:55.011Z,lifecycle,False,,17,5,10,1,-0.9659258262890683,-0.25881904510252063
2025-10-11 18:00:00+00:00,DE,481,2025-10-21T00:28:14.045Z,2025-10-08T23:55:08.225Z,lifecycle,False,,18,5,10,1,-1.0,-1.8369701987210297e-16
2025-10-11 19:00:00+00:00,DE,486,2025-10-20T00:29:23.841Z,2025-10-08T23:54:55.011Z,lifecycle,False,,19,5,10,1,-0.9659258262890684,0.2588190451025203
2025-10-11 20:00:00+00:00,DE,494,2025-10-21T00:28:30.542Z,2025-10-08T23:55:08.225Z,lifecycle,False,,20,5,10,1,-0.8660254037844386,0.5000000000000001
2025-10-11 21:00:00+00:00,DE,478,2025-10-20T00:29:27.668Z,2025-10-08T23:54:55.011Z,lifecycle,False,,21,5,10,1,-0.7071067811865477,0.7071067811865474
2025-10-11 22:00:00+00:00,DE,457,2025-10-21T00:28:14.045Z,2025-10-08T23:55:08.225Z,lifecycle,False,,22,5,10,1,-0.5000000000000004,0.8660254037844384
2025-10-11 23:00:00+00:00,DE,439,2025-10-21T00:28:37.203Z,2025-10-08T23:55:08.225Z,lifecycle,False,,23,5,10,1,-0.25881904510252157,0.9659258262890681
2025-10-12 00:00:00+00:00,DE,412,2025-10-21T00:28:37.203Z,2025-10-09T22:54:39.660Z,lifecycle,False,,0,6,10,1,0.0,1.0
2025-10-12 01:00:00+00:00,DE,404,2025-10-21T00:28:37.203Z,2025-10-09T22:55:09.554Z,lifecycle,False,,1,6,10,1,0.25881904510252074,0.9659258262890683
2025-10-12 02:00:00+00:00,DE,385,2025-10-21T00:28:37.203Z,2025-10-09T23:25:41.496Z,lifecycle,False,,2,6,10,1,0.49999999999999994,0.8660254037844387
2025-10-12 03:00:00+00:00,DE,384,2025-10-21T00:28:14.045Z,2025-10-09T23:25:41.496Z,lifecycle,False,,3,6,10,1,0.7071067811865476,0.7071067811865476
2025-10-12 04:00:00+00:00,DE,400,2025-10-21T00:28:14.045Z,2025-10-09T23:25:41.496Z,lifecycle,False,,4,6,10,1,0.8660254037844386,0.5000000000000001
2025-10-12 05:00:00+00:00,DE,400,2025-10-21T00:28:37.203Z,2025-10-09T23:26:01.562Z,lifecycle,False,,5,6,10,1,0.9659258262890683,0.25881904510252074
2025-10-12 06:00:00+00:00,DE,380,2025-10-21T00:28:30.542Z,2025-10-09T23:25:41.496Z,lifecycle,False,,6,6,10,1,1.0,6.123233995736766e-17
2025-10-12 07:00:00+00:00,DE,352,2025-10-21T00:28:14.045Z,2025-10-09T23:26:01.562Z,lifecycle,False,,7,6,10,1,0.9659258262890683,-0.25881904510252063
2025-10-12 08:00:00+00:00,DE,301,2025-10-21T00:28:30.542Z,2025-10-09T23:25:41.496Z,lifecycle,False,,8,6,10,1,0.8660254037844387,-0.4999999999999998
2025-10-12 09:00:00+00:00,DE,263,2025-10-21T00:28:14.045Z,2025-10-09T23:26:14.729Z,lifecycle,False,,9,6,10,1,0.7071067811865476,-0.7071067811865475
2025-10-12 10:00:00+00:00,DE,248,2025-10-21T00:28:30.542Z,2025-10-09T23:26:14.729Z,lifecycle,False,,10,6,10,1,0.49999999999999994,-0.8660254037844387
2025-10-12 11:00:00+00:00,DE,251,2025-10-21T00:28:37.203Z,2025-10-09T23:26:01.562Z,lifecycle,False,,11,6,10,1,0.258819045102521,-0.9659258262890682
2025-10-12 12:00:00+00:00,DE,274,2025-10-21T00:28:37.203Z,2025-10-09T23:26:01.562Z,lifecycle,False,,12,6,10,1,1.2246467991473532e-16,-1.0
2025-10-12 13:00:00+00:00,DE,326,2025-10-21T00:28:30.542Z,2025-10-09T23:25:41.496Z,lifecycle,False,,13,6,10,1,-0.2588190451025208,-0.9659258262890683
2025-10-12 14:00:00+00:00,DE,397,2025-10-21T00:28:37.203Z,2025-10-09T23:25:41.496Z,lifecycle,False,,14,6,10,1,-0.4999999999999997,-0.8660254037844388
2025-10-12 15:00:00+00:00,DE,467,2025-10-21T00:28:30.542Z,2025-10-09T23:25:41.496Z,lifecycle,False,,15,6,10,1,-0.7071067811865471,-0.7071067811865479
2025-10-12 16:00:00+00:00,DE,504,2025-10-21T00:28:44.876Z,2025-10-09T23:25:41.496Z,lifecycle,False,,16,6,10,1,-0.8660254037844385,-0.5000000000000004
2025-10-12 17:00:00+00:00,DE,514,2025-10-21T00:28:22.208Z,2025-10-09T23:26:01.562Z,lifecycle,False,,17,6,10,1,-0.9659258262890683,-0.25881904510252063
2025-10-12 18:00:00+00:00,DE,534,2025-10-21T00:28:35.455Z,2025-10-09T23:25:41.496Z,lifecycle,False,,18,6,10,1,-1.0,-1.8369701987210297e-16
2025-10-12 19:00:00+00:00,DE,549,2025-10-21T00:28:35.455Z,2025-10-09T23:26:14.729Z,lifecycle,False,,19,6,10,1,-0.9659258262890684,0.2588190451025203
2025-10-12 20:00:00+00:00,DE,556,2025-10-21T00:28:22.208Z,2025-10-09T23:25:41.496Z,lifecycle,False,,20,6,10,1,-0.8660254037844386,0.5000000000000001
2025-10-12 21:00:00+00:00,DE,555,2025-10-21T00:28:35.455Z,2025-10-09T23:26:01.562Z,lifecycle,False,,21,6,10,1,-0.7071067811865477,0.7071067811865474
2025-10-12 22:00:00+00:00,DE,555,2025-10-21T00:28:22.208Z,2025-10-09T23:26:14.729Z,lifecycle,False,,22,6,10,1,-0.5000000000000004,0.8660254037844384
2025-10-12 23:00:00+00:00,DE,557,2025-10-22T00:44:24.399Z,2025-10-09T23:26:01.562Z,lifecycle,False,,23,6,10,1,-0.25881904510252157,0.9659258262890681
2025-10-13 00:00:00+00:00,DE,568,2025-10-22T00:44:18.909Z,2025-10-10T21:39:59.848Z,lifecycle,False,,0,0,10,0,0.0,1.0
2025-10-13 01:00:00+00:00,DE,568,2025-10-22T00:44:18.909Z,2025-10-10T21:40:10.357Z,lifecycle,False,,1,0,10,0,0.25881904510252074,0.9659258262890683
2025-10-13 02:00:00+00:00,DE,579,2025-10-22T00:44:18.909Z,2025-10-10T21:39:43.599Z,lifecycle,False,,2,0,10,0,0.49999999999999994,0.8660254037844387
2025-10-13 03:00:00+00:00,DE,580,2025-10-22T00:43:58.421Z,2025-10-10T21:40:10.357Z,lifecycle,False,,3,0,10,0,0.7071067811865476,0.7071067811865476
2025-10-13 04:00:00+00:00,DE,553,2025-10-22T00:43:58.421Z,2025-10-10T21:39:43.599Z,lifecycle,False,,4,0,10,0,0.8660254037844386,0.5000000000000001
2025-10-13 05:00:00+00:00,DE,544,2025-10-22T00:44:24.399Z,2025-10-10T21:39:43.599Z,lifecycle,False,,5,0,10,0,0.9659258262890683,0.25881904510252074
2025-10-13 06:00:00+00:00,DE,526,2025-10-22T00:44:24.399Z,2025-10-10T21:40:10.357Z,lifecycle,False,,6,0,10,0,1.0,6.123233995736766e-17
2025-10-13 07:00:00+00:00,DE,504,2025-10-22T00:44:24.399Z,2025-10-10T21:40:10.357Z,lifecycle,False,,7,0,10,0,0.9659258262890683,-0.25881904510252063
2025-10-13 08:00:00+00:00,DE,478,2025-10-22T00:44:24.399Z,2025-10-10T21:40:10.357Z,lifecycle,False,,8,0,10,0,0.8660254037844387,-0.4999999999999998
2025-10-13 09:00:00+00:00,DE,448,2025-10-22T00:44:18.909Z,2025-10-10T21:40:10.357Z,lifecycle,False,,9,0,10,0,0.7071067811865476,-0.7071067811865475
2025-10-13 10:00:00+00:00,DE,433,2025-10-22T00:44:18.909Z,2025-10-10T21:39:43.599Z,lifecycle,False,,10,0,10,0,0.49999999999999994,-0.8660254037844387
2025-10-13 11:00:00+00:00,DE,431,2025-10-22T00:43:58.421Z,2025-10-10T21:39:43.599Z,lifecycle,False,,11,0,10,0,0.258819045102521,-0.9659258262890682
2025-10-13 12:00:00+00:00,DE,445,2025-10-22T00:44:24.399Z,2025-10-10T21:39:43.599Z,lifecycle,False,,12,0,10,0,1.2246467991473532e-16,-1.0
2025-10-13 13:00:00+00:00,DE,468,2025-10-22T00:44:24.399Z,2025-10-10T21:39:43.599Z,lifecycle,False,,13,0,10,0,-0.2588190451025208,-0.9659258262890683
2025-10-13 14:00:00+00:00,DE,484,2025-10-22T00:44:24.399Z,2025-10-10T21:39:59.848Z,lifecycle,False,,14,0,10,0,-0.4999999999999997,-0.8660254037844388
2025-10-13 15:00:00+00:00,DE,510,2025-10-22T00:44:18.909Z,2025-10-10T21:39:43.599Z,lifecycle,False,,15,0,10,0,-0.7071067811865471,-0.7071067811865479
2025-10-13 16:00:00+00:00,DE,523,2025-10-22T00:44:24.399Z,2025-10-10T21:40:10.357Z,lifecycle,False,,16,0,10,0,-0.8660254037844385,-0.5000000000000004
2025-10-13 17:00:00+00:00,DE,520,2025-10-22T00:44:32.183Z,2025-10-10T21:40:10.357Z,lifecycle,False,,17,0,10,0,-0.9659258262890683,-0.25881904510252063
2025-10-13 18:00:00+00:00,DE,528,2025-10-22T00:44:32.183Z,2025-10-10T21:39:59.848Z,lifecycle,False,,18,0,10,0,-1.0,-1.8369701987210297e-16
2025-10-13 19:00:00+00:00,DE,536,2025-10-22T00:44:32.183Z,2025-10-10T21:40:10.357Z,lifecycle,False,,19,0,10,0,-0.9659258262890684,0.2588190451025203
2025-10-13 20:00:00+00:00,DE,547,2025-10-22T00:44:26.950Z,2025-10-10T21:39:59.848Z,lifecycle,False,,20,0,10,0,-0.8660254037844386,0.5000000000000001
2025-10-13 21:00:00+00:00,DE,547,2025-10-22T00:44:26.950Z,2025-10-10T21:39:59.848Z,lifecycle,False,,21,0,10,0,-0.7071067811865477,0.7071067811865474
2025-10-13 22:00:00+00:00,DE,543,2025-10-22T00:44:32.183Z,2025-10-10T23:25:07.935Z,lifecycle,False,,22,0,10,0,-0.5000000000000004,0.8660254037844384
2025-10-13 23:00:00+00:00,DE,536,2025-10-23T00:32:43.007Z,2025-10-10T23:24:50.478Z,lifecycle,False,,23,0,10,0,-0.25881904510252157,0.9659258262890681
2025-10-14 00:00:00+00:00,DE,530,2025-10-23T00:32:21.977Z,2025-10-11T22:40:39.864Z,lifecycle,False,,0,1,10,0,0.0,1.0
2025-10-14 01:00:00+00:00,DE,521,2025-10-23T00:32:43.007Z,2025-10-11T22:40:08.374Z,lifecycle,False,,1,1,10,0,0.25881904510252074,0.9659258262890683
2025-10-14 02:00:00+00:00,DE,512,2025-10-23T00:32:44.880Z,2025-10-11T23:10:08.792Z,lifecycle,False,,2,1,10,0,0.49999999999999994,0.8660254037844387
2025-10-14 03:00:00+00:00,DE,507,2025-10-23T00:32:44.880Z,2025-10-11T23:09:54.229Z,lifecycle,False,,3,1,10,0,0.7071067811865476,0.7071067811865476
2025-10-14 04:00:00+00:00,DE,506,2025-10-23T00:32:21.977Z,2025-10-11T23:09:54.229Z,lifecycle,False,,4,1,10,0,0.8660254037844386,0.5000000000000001
2025-10-14 05:00:00+00:00,DE,496,2025-10-23T00:32:43.007Z,2025-10-11T23:10:08.792Z,lifecycle,False,,5,1,10,0,0.9659258262890683,0.25881904510252074
2025-10-14 06:00:00+00:00,DE,475,2025-10-23T00:32:44.880Z,2025-10-11T23:09:54.229Z,lifecycle,False,,6,1,10,0,1.0,6.123233995736766e-17
2025-10-14 07:00:00+00:00,DE,456,2025-10-23T00:32:21.977Z,2025-10-11T23:09:54.229Z,lifecycle,False,,7,1,10,0,0.9659258262890683,-0.25881904510252063
2025-10-14 08:00:00+00:00,DE,431,2025-10-23T00:32:43.007Z,2025-10-11T23:09:54.229Z,lifecycle,False,,8,1,10,0,0.8660254037844387,-0.4999999999999998
2025-10-14 09:00:00+00:00,DE,406,2025-10-23T00:32:43.007Z,2025-10-11T23:09:54.229Z,lifecycle,False,,9,1,10,0,0.7071067811865476,-0.7071067811865475
2025-10-14 10:00:00+00:00,DE,384,2025-10-23T00:32:43.007Z,2025-10-11T23:10:08.792Z,lifecycle,False,,10,1,10,0,0.49999999999999994,-0.8660254037844387
2025-10-14 11:00:00+00:00,DE,385,2025-10-23T00:32:43.007Z,2025-10-11T23:10:08.792Z,lifecycle,False,,11,1,10,0,0.258819045102521,-0.9659258262890682
2025-10-14 12:00:00+00:00,DE,402,2025-10-23T00:32:43.007Z,2025-10-11T23:09:54.229Z,lifecycle,False,,12,1,10,0,1.2246467991473532e-16,-1.0
2025-10-14 13:00:00+00:00,DE,433,2025-10-23T00:32:21.977Z,2025-10-11T23:09:54.229Z,lifecycle,False,,13,1,10,0,-0.2588190451025208,-0.9659258262890683
2025-10-14 14:00:00+00:00,DE,472,2025-10-23T00:32:21.977Z,2025-10-11T23:09:54.229Z,lifecycle,False,,14,1,10,0,-0.4999999999999997,-0.8660254037844388
2025-10-14 15:00:00+00:00,DE,507,2025-10-23T00:32:21.977Z,2025-10-11T23:10:22.851Z,lifecycle,False,,15,1,10,0,-0.7071067811865471,-0.7071067811865479
2025-10-14 16:00:00+00:00,DE,530,2025-10-23T00:32:43.007Z,2025-10-11T23:10:08.792Z,lifecycle,False,,16,1,10,0,-0.8660254037844385,-0.5000000000000004
2025-10-14 17:00:00+00:00,DE,534,2025-10-23T00:32:48.486Z,2025-10-11T23:10:08.792Z,lifecycle,False,,17,1,10,0,-0.9659258262890683,-0.25881904510252063
2025-10-14 18:00:00+00:00,DE,538,2025-10-23T00:32:29.933Z,2025-10-11T23:10:22.851Z,lifecycle,False,,18,1,10,0,-1.0,-1.8369701987210297e-16
2025-10-14 19:00:00+00:00,DE,554,2025-10-23T00:32:52.736Z,2025-10-11T23:10:22.851Z,lifecycle,False,,19,1,10,0,-0.9659258262890684,0.2588190451025203
2025-10-14 20:00:00+00:00,DE,574,2025-10-23T00:32:52.736Z,2025-10-11T23:10:22.851Z,lifecycle,False,,20,1,10,0,-0.8660254037844386,0.5000000000000001
2025-10-14 21:00:00+00:00,DE,583,2025-10-23T00:32:52.736Z,2025-10-11T23:10:22.851Z,lifecycle,False,,21,1,10,0,-0.7071067811865477,0.7071067811865474
2025-10-14 22:00:00+00:00,DE,586,2025-10-23T00:32:29.933Z,2025-10-11T23:10:08.792Z,lifecycle,False,,22,1,10,0,-0.5000000000000004,0.8660254037844384
2025-10-14 23:00:00+00:00,DE,586,2025-10-24T00:32:16.935Z,2025-10-11T23:10:22.851Z,lifecycle,False,,23,1,10,0,-0.25881904510252157,0.9659258262890681
2025-10-15 00:00:00+00:00,DE,587,2025-10-24T00:32:39.282Z,2025-10-12T22:41:43.618Z,lifecycle,False,,0,2,10,0,0.0,1.0
2025-10-15 01:00:00+00:00,DE,583,2025-10-24T00:32:39.282Z,2025-10-12T22:40:36.158Z,lifecycle,False,,1,2,10,0,0.25881904510252074,0.9659258262890683
2025-10-15 02:00:00+00:00,DE,582,2025-10-24T00:32:16.935Z,2025-10-12T23:25:03.329Z,lifecycle,False,,2,2,10,0,0.49999999999999994,0.8660254037844387
2025-10-15 03:00:00+00:00,DE,580,2025-10-24T00:32:39.282Z,2025-10-12T23:25:03.329Z,lifecycle,False,,3,2,10,0,0.7071067811865476,0.7071067811865476
2025-10-15 04:00:00+00:00,DE,565,2025-10-24T00:32:39.282Z,2025-10-12T23:25:08.291Z,lifecycle,False,,4,2,10,0,0.8660254037844386,0.5000000000000001
2025-10-15 05:00:00+00:00,DE,550,2025-10-24T00:32:39.282Z,2025-10-12T23:25:08.291Z,lifecycle,False,,5,2,10,0,0.9659258262890683,0.25881904510252074
2025-10-15 06:00:00+00:00,DE,533,2025-10-24T00:32:16.935Z,2025-10-12T23:24:50.600Z,lifecycle,False,,6,2,10,0,1.0,6.123233995736766e-17
2025-10-15 07:00:00+00:00,DE,507,2025-10-24T00:32:39.282Z,2025-10-12T23:25:03.329Z,lifecycle,False,,7,2,10,0,0.9659258262890683,-0.25881904510252063
2025-10-15 08:00:00+00:00,DE,477,2025-10-24T00:32:52.121Z,2025-10-12T23:25:08.291Z,lifecycle,False,,8,2,10,0,0.8660254037844387,-0.4999999999999998
2025-10-15 09:00:00+00:00,DE,448,2025-10-24T00:32:16.935Z,2025-10-12T23:25:03.329Z,lifecycle,False,,9,2,10,0,0.7071067811865476,-0.7071067811865475
2025-10-15 10:00:00+00:00,DE,435,2025-10-24T00:32:16.935Z,2025-10-12T23:24:50.600Z,lifecycle,False,,10,2,10,0,0.49999999999999994,-0.8660254037844387
2025-10-15 11:00:00+00:00,DE,439,2025-10-24T00:32:16.935Z,2025-10-12T23:25:03.329Z,lifecycle,False,,11,2,10,0,0.258819045102521,-0.9659258262890682
2025-10-15 12:00:00+00:00,DE,449,2025-10-24T00:32:39.282Z,2025-10-12T23:24:50.600Z,lifecycle,False,,12,2,10,0,1.2246467991473532e-16,-1.0
2025-10-15 13:00:00+00:00,DE,464,2025-10-24T00:32:52.121Z,2025-10-12T23:24:50.600Z,lifecycle,False,,13,2,10,0,-0.2588190451025208,-0.9659258262890683
2025-10-15 14:00:00+00:00,DE,484,2025-10-24T00:32:52.121Z,2025-10-12T23:24:50.600Z,lifecycle,False,,14,2,10,0,-0.4999999999999997,-0.8660254037844388
2025-10-15 15:00:00+00:00,DE,503,2025-10-24T00:32:39.282Z,2025-10-12T23:25:08.291Z,lifecycle,False,,15,2,10,0,-0.7071067811865471,-0.7071067811865479
2025-10-15 16:00:00+00:00,DE,507,2025-10-24T00:32:47.570Z,2025-10-12T23:25:03.329Z,lifecycle,False,,16,2,10,0,-0.8660254037844385,-0.5000000000000004
2025-10-15 17:00:00+00:00,DE,499,2025-10-24T00:32:47.570Z,2025-10-12T23:24:50.600Z,lifecycle,False,,17,2,10,0,-0.9659258262890683,-0.25881904510252063
2025-10-15 18:00:00+00:00,DE,502,2025-10-24T00:32:59.925Z,2025-10-12T23:25:03.329Z,lifecycle,False,,18,2,10,0,-1.0,-1.8369701987210297e-16
2025-10-15 19:00:00+00:00,DE,503,2025-10-24T00:32:59.925Z,2025-10-12T23:25:08.291Z,lifecycle,False,,19,2,10,0,-0.9659258262890684,0.2588190451025203
2025-10-15 20:00:00+00:00,DE,503,2025-10-24T00:32:47.570Z,2025-10-12T23:25:03.329Z,lifecycle,False,,20,2,10,0,-0.8660254037844386,0.5000000000000001
2025-10-15 21:00:00+00:00,DE,489,2025-10-24T00:32:47.570Z,2025-10-12T23:25:08.291Z,lifecycle,False,,21,2,10,0,-0.7071067811865477,0.7071067811865474
2025-10-15 22:00:00+00:00,DE,471,2025-10-24T00:32:59.925Z,2025-10-12T23:24:50.600Z,lifecycle,False,,22,2,10,0,-0.5000000000000004,0.8660254037844384
2025-10-15 23:00:00+00:00,DE,465,2025-10-26T00:34:25.941Z,2025-10-12T23:24:50.600Z,lifecycle,False,,23,2,10,0,-0.25881904510252157,0.9659258262890681
2025-10-16 00:00:00+00:00,DE,465,2025-10-26T00:34:06.029Z,2025-10-13T22:55:28.018Z,lifecycle,False,,0,3,10,0,0.0,1.0
2025-10-16 01:00:00+00:00,DE,471,2025-10-26T00:34:25.941Z,2025-10-13T22:55:42.787Z,lifecycle,False,,1,3,10,0,0.25881904510252074,0.9659258262890683
2025-10-16 02:00:00+00:00,DE,471,2025-10-26T00:34:25.413Z,2025-10-13T23:24:53.868Z,lifecycle,False,,2,3,10,0,0.49999999999999994,0.8660254037844387
2025-10-16 03:00:00+00:00,DE,471,2025-10-26T00:34:06.029Z,2025-10-13T23:25:19.124Z,lifecycle,False,,3,3,10,0,0.7071067811865476,0.7071067811865476
2025-10-16 04:00:00+00:00,DE,473,2025-10-26T00:34:25.413Z,2025-10-13T23:25:19.124Z,lifecycle,False,,4,3,10,0,0.8660254037844386,0.5000000000000001
2025-10-16 05:00:00+00:00,DE,464,2025-10-26T00:34:25.413Z,2025-10-13T23:25:19.124Z,lifecycle,False,,5,3,10,0,0.9659258262890683,0.25881904510252074
2025-10-16 06:00:00+00:00,DE,455,2025-10-26T00:34:25.413Z,2025-10-13T23:25:07.097Z,lifecycle,False,,6,3,10,0,1.0,6.123233995736766e-17
2025-10-16 07:00:00+00:00,DE,443,2025-10-26T00:34:25.941Z,2025-10-13T23:25:07.097Z,lifecycle,False,,7,3,10,0,0.9659258262890683,-0.25881904510252063
2025-10-16 08:00:00+00:00,DE,417,2025-10-26T00:34:25.941Z,2025-10-13T23:25:07.097Z,lifecycle,False,,8,3,10,0,0.8660254037844387,-0.4999999999999998
2025-10-16 09:00:00+00:00,DE,391,2025-10-26T00:34:25.941Z,2025-10-13T23:25:07.097Z,lifecycle,False,,9,3,10,0,0.7071067811865476,-0.7071067811865475
2025-10-16 10:00:00+00:00,DE,374,2025-10-26T00:34:06.029Z,2025-10-13T23:24:53.868Z,lifecycle,False,,10,3,10,0,0.49999999999999994,-0.8660254037844387
2025-10-16 11:00:00+00:00,DE,369,2025-10-26T00:34:25.413Z,2025-10-13T23:24:53.868Z,lifecycle,False,,11,3,10,0,0.258819045102521,-0.9659258262890682
2025-10-16 12:00:00+00:00,DE,378,2025-10-26T00:34:06.029Z,2025-10-13T23:25:19.124Z,lifecycle,False,,12,3,10,0,1.2246467991473532e-16,-1.0
2025-10-16 13:00:00+00:00,DE,392,2025-10-26T00:34:25.413Z,2025-10-13T23:25:07.097Z,lifecycle,False,,13,3,10,0,-0.2588190451025208,-0.9659258262890683
2025-10-16 14:00:00+00:00,DE,431,2025-10-26T00:34:06.029Z,2025-10-13T23:25:19.124Z,lifecycle,False,,14,3,10,0,-0.4999999999999997,-0.8660254037844388
2025-10-16 15:00:00+00:00,DE,458,2025-10-26T00:34:25.413Z,2025-10-13T23:25:07.097Z,lifecycle,False,,15,3,10,0,-0.7071067811865471,-0.7071067811865479
2025-10-16 16:00:00+00:00,DE,462,2025-10-26T00:34:06.029Z,2025-10-13T23:25:19.124Z,lifecycle,False,,16,3,10,0,-0.8660254037844385,-0.5000000000000004
2025-10-16 17:00:00+00:00,DE,461,2025-10-26T00:34:06.029Z,2025-10-13T23:25:19.124Z,lifecycle,False,,17,3,10,0,-0.9659258262890683,-0.25881904510252063
2025-10-16 18:00:00+00:00,DE,462,2025-10-26T00:34:25.413Z,2025-10-13T23:25:07.097Z,lifecycle,False,,18,3,10,0,-1.0,-1.8369701987210297e-16
2025-10-16 19:00:00+00:00,DE,467,2025-10-26T00:34:25.941Z,2025-10-13T23:25:19.124Z,lifecycle,False,,19,3,10,0,-0.9659258262890684,0.2588190451025203
2025-10-16 20:00:00+00:00,DE,473,2025-10-26T00:34:25.413Z,2025-10-13T23:25:19.124Z,lifecycle,False,,20,3,10,0,-0.8660254037844386,0.5000000000000001
2025-10-16 21:00:00+00:00,DE,469,2025-10-26T00:34:25.941Z,2025-10-13T23:25:07.097Z,lifecycle,False,,21,3,10,0,-0.7071067811865477,0.7071067811865474
2025-10-16 22:00:00+00:00,DE,467,2025-10-26T00:34:25.413Z,2025-10-13T23:25:19.124Z,lifecycle,False,,22,3,10,0,-0.5000000000000004,0.8660254037844384
2025-10-16 23:00:00+00:00,DE,464,2025-10-26T00:34:06.029Z,2025-10-13T23:25:07.097Z,lifecycle,False,,23,3,10,0,-0.25881904510252157,0.9659258262890681
2025-10-17 00:00:00+00:00,DE,467,2025-10-26T00:34:25.941Z,2025-10-14T22:55:41.271Z,lifecycle,False,,0,4,10,0,0.0,1.0
2025-10-17 01:00:00+00:00,DE,469,2025-10-26T00:34:06.029Z,2025-10-14T22:56:36.659Z,lifecycle,False,,1,4,10,0,0.25881904510252074,0.9659258262890683
2025-10-17 02:00:00+00:00,DE,470,2025-10-26T00:34:25.941Z,2025-10-14T23:26:06.780Z,lifecycle,False,,2,4,10,0,0.49999999999999994,0.8660254037844387
2025-10-17 03:00:00+00:00,DE,481,2025-10-26T00:34:25.941Z,2025-10-14T23:26:06.780Z,lifecycle,False,,3,4,10,0,0.7071067811865476,0.7071067811865476
2025-10-17 04:00:00+00:00,DE,493,2025-10-26T00:34:06.029Z,2025-10-14T23:26:15.840Z,lifecycle,False,,4,4,10,0,0.8660254037844386,0.5000000000000001
2025-10-17 05:00:00+00:00,DE,489,2025-10-26T00:34:25.941Z,2025-10-14T23:26:15.840Z,lifecycle,False,,5,4,10,0,0.9659258262890683,0.25881904510252074
2025-10-17 06:00:00+00:00,DE,485,2025-10-26T00:34:06.029Z,2025-10-14T23:26:06.780Z,lifecycle,False,,6,4,10,0,1.0,6.123233995736766e-17
2025-10-17 07:00:00+00:00,DE,472,2025-10-26T00:34:25.413Z,2025-10-14T23:25:51.908Z,lifecycle,False,,7,4,10,0,0.9659258262890683,-0.25881904510252063
2025-10-17 08:00:00+00:00,DE,441,2025-10-26T00:34:06.029Z,2025-10-14T23:26:15.840Z,lifecycle,False,,8,4,10,0,0.8660254037844387,-0.4999999999999998
2025-10-17 09:00:00+00:00,DE,399,2025-10-26T00:34:25.413Z,2025-10-14T23:26:06.780Z,lifecycle,False,,9,4,10,0,0.7071067811865476,-0.7071067811865475
2025-10-17 10:00:00+00:00,DE,389,2025-10-26T00:34:25.941Z,2025-10-14T23:26:06.780Z,lifecycle,False,,10,4,10,0,0.49999999999999994,-0.8660254037844387
2025-10-17 11:00:00+00:00,DE,388,2025-10-26T00:34:06.029Z,2025-10-14T23:26:06.780Z,lifecycle,False,,11,4,10,0,0.258819045102521,-0.9659258262890682
2025-10-17 12:00:00+00:00,DE,396,2025-10-26T00:34:25.413Z,2025-10-14T23:26:15.840Z,lifecycle,False,,12,4,10,0,1.2246467991473532e-16,-1.0
2025-10-17 13:00:00+00:00,DE,417,2025-10-26T00:34:25.941Z,2025-10-14T23:25:51.908Z,lifecycle,False,,13,4,10,0,-0.2588190451025208,-0.9659258262890683
2025-10-17 14:00:00+00:00,DE,445,2025-10-26T00:34:25.941Z,2025-10-14T23:26:15.840Z,lifecycle,False,,14,4,10,0,-0.4999999999999997,-0.8660254037844388
2025-10-17 15:00:00+00:00,DE,464,2025-10-26T00:34:06.029Z,2025-10-14T23:25:51.908Z,lifecycle,False,,15,4,10,0,-0.7071067811865471,-0.7071067811865479
2025-10-17 16:00:00+00:00,DE,471,2025-10-26T00:34:33.608Z,2025-10-14T23:25:51.908Z,lifecycle,False,,16,4,10,0,-0.8660254037844385,-0.5000000000000004
2025-10-17 17:00:00+00:00,DE,474,2025-10-26T00:34:33.011Z,2025-10-14T23:26:15.840Z,lifecycle,False,,17,4,10,0,-0.9659258262890683,-0.25881904510252063
2025-10-17 18:00:00+00:00,DE,474,2025-10-26T00:34:33.608Z,2025-10-14T23:26:06.780Z,lifecycle,False,,18,4,10,0,-1.0,-1.8369701987210297e-16
2025-10-17 19:00:00+00:00,DE,471,2025-10-26T00:34:33.608Z,2025-10-14T23:25:51.908Z,lifecycle,False,,19,4,10,0,-0.9659258262890684,0.2588190451025203
2025-10-17 20:00:00+00:00,DE,481,2025-10-26T00:34:15.242Z,2025-10-14T23:25:51.908Z,lifecycle,False,,20,4,10,0,-0.8660254037844386,0.5000000000000001
2025-10-17 21:00:00+00:00,DE,470,2025-10-26T00:34:33.608Z,2025-10-14T23:26:15.840Z,lifecycle,False,,21,4,10,0,-0.7071067811865477,0.7071067811865474
2025-10-17 22:00:00+00:00,DE,472,2025-10-26T00:34:33.011Z,2025-10-14T23:26:15.840Z,lifecycle,False,,22,4,10,0,-0.5000000000000004,0.8660254037844384
2025-10-17 23:00:00+00:00,DE,479,2025-10-26T00:34:33.011Z,2025-10-14T23:25:51.908Z,lifecycle,False,,23,4,10,0,-0.25881904510252157,0.9659258262890681
2025-10-18 00:00:00+00:00,DE,487,2025-10-27T01:30:45.990Z,2025-10-15T22:39:53.727Z,lifecycle,False,,0,5,10,1,0.0,1.0
2025-10-18 01:00:00+00:00,DE,480,2025-10-27T01:30:37.120Z,2025-10-15T22:39:53.727Z,lifecycle,False,,1,5,10,1,0.25881904510252074,0.9659258262890683
2025-10-18 02:00:00+00:00,DE,478,2025-10-27T01:30:37.120Z,2025-10-15T23:56:35.065Z,lifecycle,False,,2,5,10,1,0.49999999999999994,0.8660254037844387
2025-10-18 03:00:00+00:00,DE,481,2025-10-27T01:30:45.990Z,2025-10-15T23:56:27.344Z,lifecycle,False,,3,5,10,1,0.7071067811865476,0.7071067811865476
2025-10-18 04:00:00+00:00,DE,499,2025-10-27T01:30:37.120Z,2025-10-15T23:56:27.344Z,lifecycle,False,,4,5,10,1,0.8660254037844386,0.5000000000000001
2025-10-18 05:00:00+00:00,DE,522,2025-10-27T01:30:37.120Z,2025-10-15T23:56:27.344Z,lifecycle,False,,5,5,10,1,0.9659258262890683,0.25881904510252074
2025-10-18 06:00:00+00:00,DE,504,2025-10-27T01:30:45.990Z,2025-10-15T23:56:17.524Z,lifecycle,False,,6,5,10,1,1.0,6.123233995736766e-17
2025-10-18 07:00:00+00:00,DE,444,2025-10-27T01:30:15.979Z,2025-10-15T23:56:17.524Z,lifecycle,False,,7,5,10,1,0.9659258262890683,-0.25881904510252063
2025-10-18 08:00:00+00:00,DE,350,2025-10-27T01:30:37.120Z,2025-10-15T23:56:17.524Z,lifecycle,False,,8,5,10,1,0.8660254037844387,-0.4999999999999998
2025-10-18 09:00:00+00:00,DE,260,2025-10-27T01:30:37.120Z,2025-10-15T23:56:27.344Z,lifecycle,False,,9,5,10,1,0.7071067811865476,-0.7071067811865475
2025-10-18 10:00:00+00:00,DE,224,2025-10-27T01:30:37.120Z,2025-10-15T23:56:35.065Z,lifecycle,False,,10,5,10,1,0.49999999999999994,-0.8660254037844387
2025-10-18 11:00:00+00:00,DE,226,2025-10-27T01:30:37.120Z,2025-10-15T23:56:17.524Z,lifecycle,False,,11,5,10,1,0.258819045102521,-0.9659258262890682
2025-10-18 12:00:00+00:00,DE,241,2025-10-27T01:30:37.120Z,2025-10-15T23:56:17.524Z,lifecycle,False,,12,5,10,1,1.2246467991473532e-16,-1.0
2025-10-18 13:00:00+00:00,DE,299,2025-10-27T01:30:37.120Z,2025-10-15T23:56:17.524Z,lifecycle,False,,13,5,10,1,-0.2588190451025208,-0.9659258262890683
2025-10-18 14:00:00+00:00,DE,394,2025-10-27T01:30:37.120Z,2025-10-15T23:56:35.065Z,lifecycle,False,,14,5,10,1,-0.4999999999999997,-0.8660254037844388
2025-10-18 15:00:00+00:00,DE,504,2025-10-27T01:30:45.990Z,2025-10-15T23:56:27.344Z,lifecycle,False,,15,5,10,1,-0.7071067811865471,-0.7071067811865479
2025-10-18 16:00:00+00:00,DE,512,2025-10-27T01:30:15.979Z,2025-10-15T23:56:35.065Z,lifecycle,False,,16,5,10,1,-0.8660254037844385,-0.5000000000000004
2025-10-18 17:00:00+00:00,DE,492,2025-10-27T01:31:02.878Z,2025-10-15T23:56:17.524Z,lifecycle,False,,17,5,10,1,-0.9659258262890683,-0.25881904510252063
2025-10-18 18:00:00+00:00,DE,456,2025-10-27T01:31:02.878Z,2025-10-15T23:56:27.344Z,lifecycle,False,,18,5,10,1,-1.0,-1.8369701987210297e-16
2025-10-18 19:00:00+00:00,DE,425,2025-10-27T01:30:23.712Z,2025-10-15T23:56:27.344Z,lifecycle,False,,19,5,10,1,-0.9659258262890684,0.2588190451025203
2025-10-18 20:00:00+00:00,DE,402,2025-10-27T01:31:02.878Z,2025-10-15T23:56:27.344Z,lifecycle,False,,20,5,10,1,-0.8660254037844386,0.5000000000000001
2025-10-18 21:00:00+00:00,DE,376,2025-10-27T01:30:44.894Z,2025-10-15T23:56:35.065Z,lifecycle,False,,21,5,10,1,-0.7071067811865477,0.7071067811865474
2025-10-18 22:00:00+00:00,DE,335,2025-10-27T01:31:02.878Z,2025-10-15T23:56:27.344Z,lifecycle,False,,22,5,10,1,-0.5000000000000004,0.8660254037844384
2025-10-18 23:00:00+00:00,DE,309,2025-10-27T01:30:44.894Z,2025-10-15T23:56:35.065Z,lifecycle,False,,23,5,10,1,-0.25881904510252157,0.9659258262890681
2025-10-19 00:00:00+00:00,DE,301,2025-10-27T01:30:44.894Z,2025-10-16T22:40:16.740Z,lifecycle,False,,0,6,10,1,0.0,1.0
2025-10-19 01:00:00+00:00,DE,301,2025-10-27T01:30:23.712Z,2025-10-16T22:40:29.352Z,lifecycle,False,,1,6,10,1,0.25881904510252074,0.9659258262890683
2025-10-19 02:00:00+00:00,DE,298,2025-10-27T01:30:44.894Z,2025-10-16T23:40:59.962Z,lifecycle,False,,2,6,10,1,0.49999999999999994,0.8660254037844387
2025-10-19 03:00:00+00:00,DE,293,2025-10-27T01:30:44.894Z,2025-10-16T23:40:37.918Z,lifecycle,False,,3,6,10,1,0.7071067811865476,0.7071067811865476
2025-10-19 04:00:00+00:00,DE,295,2025-10-27T01:31:02.878Z,2025-10-16T23:40:17.156Z,lifecycle,False,,4,6,10,1,0.8660254037844386,0.5000000000000001
2025-10-19 05:00:00+00:00,DE,292,2025-10-27T01:31:02.878Z,2025-10-16T23:40:37.918Z,lifecycle,False,,5,6,10,1,0.9659258262890683,0.25881904510252074
2025-10-19 06:00:00+00:00,DE,276,2025-10-27T01:30:23.712Z,2025-10-16T23:40:17.156Z,lifecycle,False,,6,6,10,1,1.0,6.123233995736766e-17
2025-10-19 07:00:00+00:00,DE,234,2025-10-27T01:30:23.712Z,2025-10-16T23:40:59.962Z,lifecycle,False,,7,6,10,1,0.9659258262890683,-0.25881904510252063
2025-10-19 08:00:00+00:00,DE,188,2025-10-27T01:30:44.894Z,2025-10-16T23:40:37.918Z,lifecycle,False,,8,6,10,1,0.8660254037844387,-0.4999999999999998
2025-10-19 09:00:00+00:00,DE,170,2025-10-27T01:30:44.894Z,2025-10-16T23:40:17.156Z,lifecycle,False,,9,6,10,1,0.7071067811865476,-0.7071067811865475
2025-10-19 10:00:00+00:00,DE,162,2025-10-26T00:34:36.656Z,2025-10-16T23:40:17.156Z,lifecycle,False,,10,6,10,1,0.49999999999999994,-0.8660254037844387
2025-10-19 11:00:00+00:00,DE,161,2025-10-27T01:30:23.712Z,2025-10-16T23:40:17.156Z,lifecycle,False,,11,6,10,1,0.258819045102521,-0.9659258262890682
2025-10-19 12:00:00+00:00,DE,163,2025-10-27T01:30:44.894Z,2025-10-16T23:40:37.918Z,lifecycle,False,,12,6,10,1,1.2246467991473532e-16,-1.0
2025-10-19 13:00:00+00:00,DE,171,2025-10-27T01:30:23.712Z,2025-10-16T23:40:17.156Z,lifecycle,False,,13,6,10,1,-0.2588190451025208,-0.9659258262890683
2025-10-19 14:00:00+00:00,DE,239,2025-10-27T01:31:02.878Z,2025-10-16T23:40:37.918Z,lifecycle,False,,14,6,10,1,-0.4999999999999997,-0.8660254037844388
2025-10-19 15:00:00+00:00,DE,285,2025-10-27T01:30:23.712Z,2025-10-16T23:40:59.962Z,lifecycle,False,,15,6,10,1,-0.7071067811865471,-0.7071067811865479
2025-10-19 16:00:00+00:00,DE,267,2025-10-27T01:31:02.878Z,2025-10-16T23:40:59.962Z,lifecycle,False,,16,6,10,1,-0.8660254037844385,-0.5000000000000004
2025-10-19 17:00:00+00:00,DE,223,2025-10-27T01:31:02.878Z,2025-10-16T23:40:37.918Z,lifecycle,False,,17,6,10,1,-0.9659258262890683,-0.25881904510252063
2025-10-19 18:00:00+00:00,DE,207,2025-10-27T01:30:23.712Z,2025-10-16T23:40:59.962Z,lifecycle,False,,18,6,10,1,-1.0,-1.8369701987210297e-16
2025-10-19 19:00:00+00:00,DE,211,2025-10-27T01:30:44.894Z,2025-10-16T23:40:17.156Z,lifecycle,False,,19,6,10,1,-0.9659258262890684,0.2588190451025203
2025-10-19 20:00:00+00:00,DE,228,2025-10-27T01:30:44.894Z,2025-10-16T23:40:37.918Z,lifecycle,False,,20,6,10,1,-0.8660254037844386,0.5000000000000001
2025-10-19 21:00:00+00:00,DE,221,2025-10-27T01:31:02.878Z,2025-10-16T23:40:37.918Z,lifecycle,False,,21,6,10,1,-0.7071067811865477,0.7071067811865474
2025-10-19 22:00:00+00:00,DE,219,2025-10-27T01:30:44.894Z,2025-10-16T23:40:17.156Z,lifecycle,False,,22,6,10,1,-0.5000000000000004,0.8660254037844384
2025-10-19 23:00:00+00:00,DE,228,2025-10-27T01:30:23.712Z,2025-10-16T23:40:37.918Z,lifecycle,False,,23,6,10,1,-0.25881904510252157,0.9659258262890681
2025-10-20 00:00:00+00:00,DE,226,2025-10-27T01:30:44.894Z,2025-10-17T21:40:24.227Z,lifecycle,False,,0,0,10,0,0.0,1.0
2025-10-20 01:00:00+00:00,DE,226,2025-10-27T01:30:44.894Z,2025-10-17T21:40:14.509Z,lifecycle,False,,1,0,10,0,0.25881904510252074,0.9659258262890683
2025-10-20 02:00:00+00:00,DE,233,2025-10-27T01:30:23.712Z,2025-10-17T21:40:14.509Z,lifecycle,False,,2,0,10,0,0.49999999999999994,0.8660254037844387
2025-10-20 03:00:00+00:00,DE,257,2025-10-27T01:30:23.712Z,2025-10-17T21:40:24.227Z,lifecycle,False,,3,0,10,0,0.7071067811865476,0.7071067811865476
2025-10-20 04:00:00+00:00,DE,263,2025-10-27T01:31:02.878Z,2025-10-17T21:40:14.509Z,lifecycle,False,,4,0,10,0,0.8660254037844386,0.5000000000000001
2025-10-20 05:00:00+00:00,DE,275,2025-10-27T01:30:44.894Z,2025-10-17T21:40:24.227Z,lifecycle,False,,5,0,10,0,0.9659258262890683,0.25881904510252074
2025-10-20 06:00:00+00:00,DE,270,2025-10-27T01:31:02.878Z,2025-10-17T21:40:03.524Z,lifecycle,False,,6,0,10,0,1.0,6.123233995736766e-17
2025-10-20 07:00:00+00:00,DE,259,2025-10-27T01:30:44.894Z,2025-10-17T21:40:03.524Z,lifecycle,False,,7,0,10,0,0.9659258262890683,-0.25881904510252063
2025-10-20 08:00:00+00:00,DE,246,2025-10-27T01:30:44.894Z,2025-10-17T21:40:24.227Z,lifecycle,False,,8,0,10,0,0.8660254037844387,-0.4999999999999998
2025-10-20 09:00:00+00:00,DE,237,2025-10-27T01:30:48.854Z,2025-10-17T21:40:14.509Z,lifecycle,False,,9,0,10,0,0.7071067811865476,-0.7071067811865475
2025-10-20 10:00:00+00:00,DE,234,2025-10-27T01:30:48.854Z,2025-10-17T21:40:24.227Z,lifecycle,False,,10,0,10,0,0.49999999999999994,-0.8660254037844387
2025-10-20 11:00:00+00:00,DE,233,2025-10-27T01:30:23.712Z,2025-10-17T21:40:03.524Z,lifecycle,False,,11,0,10,0,0.258819045102521,-0.9659258262890682
2025-10-20 12:00:00+00:00,DE,237,2025-10-27T01:30:27.625Z,2025-10-17T21:40:03.524Z,lifecycle,False,,12,0,10,0,1.2246467991473532e-16,-1.0
2025-10-20 13:00:00+00:00,DE,258,2025-10-27T01:30:27.625Z,2025-10-17T21:40:03.524Z,lifecycle,False,,13,0,10,0,-0.2588190451025208,-0.9659258262890683
2025-10-20 14:00:00+00:00,DE,286,2025-10-27T01:31:06.363Z,2025-10-17T21:40:24.227Z,lifecycle,False,,14,0,10,0,-0.4999999999999997,-0.8660254037844388
2025-10-20 15:00:00+00:00,DE,296,2025-10-27T01:30:27.625Z,2025-10-17T21:40:03.524Z,lifecycle,False,,15,0,10,0,-0.7071067811865471,-0.7071067811865479
2025-10-20 16:00:00+00:00,DE,282,2025-10-27T01:30:48.854Z,2025-10-17T21:40:24.227Z,lifecycle,False,,16,0,10,0,-0.8660254037844385,-0.5000000000000004
2025-10-20 17:00:00+00:00,DE,269,2025-10-27T01:31:06.363Z,2025-10-17T21:40:24.227Z,lifecycle,False,,17,0,10,0,-0.9659258262890683,-0.25881904510252063
2025-10-20 18:00:00+00:00,DE,248,2025-10-27T01:31:06.363Z,2025-10-17T21:40:24.227Z,lifecycle,False,,18,0,10,0,-1.0,-1.8369701987210297e-16
2025-10-20 19:00:00+00:00,DE,234,2025-10-27T01:30:48.854Z,2025-10-17T21:40:14.509Z,lifecycle,False,,19,0,10,0,-0.9659258262890684,0.2588190451025203
2025-10-20 20:00:00+00:00,DE,220,2025-10-27T01:31:06.363Z,2025-10-17T21:40:03.524Z,lifecycle,False,,20,0,10,0,-0.8660254037844386,0.5000000000000001
2025-10-20 21:00:00+00:00,DE,212,2025-10-27T01:30:48.854Z,2025-10-17T21:40:24.227Z,lifecycle,False,,21,0,10,0,-0.7071067811865477,0.7071067811865474
2025-10-20 22:00:00+00:00,DE,206,2025-10-27T01:31:06.363Z,2025-10-17T23:40:01.058Z,lifecycle,False,,22,0,10,0,-0.5000000000000004,0.8660254037844384
2025-10-20 23:00:00+00:00,DE,199,2025-10-27T01:31:06.363Z,2025-10-17T23:39:48.605Z,lifecycle,False,,23,0,10,0,-0.25881904510252157,0.9659258262890681
2025-10-21 00:00:00+00:00,DE,196,2025-10-27T01:31:06.363Z,2025-10-19T00:24:28.995Z,lifecycle,False,,0,1,10,0,0.0,1.0
2025-10-21 01:00:00+00:00,DE,190,2025-10-24T01:40:10.929Z,2025-10-19T00:24:39.087Z,lifecycle,False,,1,1,10,0,0.25881904510252074,0.9659258262890683
2025-10-21 02:00:00+00:00,DE,191,2025-10-24T02:25:12.904Z,2025-10-19T00:24:28.995Z,lifecycle,False,,2,1,10,0,0.49999999999999994,0.8660254037844387
2025-10-21 03:00:00+00:00,DE,198,2025-10-24T03:55:23.715Z,2025-10-19T00:43:03.292Z,lifecycle,False,,3,1,10,0,0.7071067811865476,0.7071067811865476
2025-10-21 04:00:00+00:00,DE,198,2025-10-24T04:54:43.547Z,2025-10-19T00:42:48.763Z,lifecycle,False,,4,1,10,0,0.8660254037844386,0.5000000000000001
2025-10-21 05:00:00+00:00,DE,214,2025-10-24T05:39:40.854Z,2025-10-19T00:43:03.292Z,lifecycle,False,,5,1,10,0,0.9659258262890683,0.25881904510252074
2025-10-21 06:00:00+00:00,DE,226,2025-10-24T06:25:49.188Z,2025-10-19T00:43:03.292Z,lifecycle,False,,6,1,10,0,1.0,6.123233995736766e-17
2025-10-21 07:00:00+00:00,DE,222,2025-10-24T07:27:00.935Z,2025-10-19T00:42:48.763Z,lifecycle,False,,7,1,10,0,0.9659258262890683,-0.25881904510252063
2025-10-21 08:00:00+00:00,DE,187,2025-10-24T08:56:58.663Z,2025-10-19T00:43:03.292Z,lifecycle,False,,8,1,10,0,0.8660254037844387,-0.4999999999999998
2025-10-21 09:00:00+00:00,DE,169,2025-10-24T09:27:33.412Z,2025-10-19T00:43:03.292Z,lifecycle,False,,9,1,10,0,0.7071067811865476,-0.7071067811865475
2025-10-21 10:00:00+00:00,DE,163,2025-10-24T08:27:42.553Z,2025-10-19T00:42:57.597Z,lifecycle,False,,10,1,10,0,0.49999999999999994,-0.8660254037844387
2025-10-21 11:00:00+00:00,DE,175,2025-10-24T11:25:33.094Z,2025-10-19T00:42:57.597Z,lifecycle,False,,11,1,10,0,0.258819045102521,-0.9659258262890682
2025-10-21 12:00:00+00:00,DE,175,2025-10-24T12:25:35.691Z,2025-10-19T00:42:48.763Z,lifecycle,False,,12,1,10,0,1.2246467991473532e-16,-1.0
2025-10-21 13:00:00+00:00,DE,204,2025-10-24T13:25:02.942Z,2025-10-19T00:42:48.763Z,lifecycle,False,,13,1,10,0,-0.2588190451025208,-0.9659258262890683
2025-10-21 14:00:00+00:00,DE,233,2025-10-24T14:54:32.895Z,2025-10-19T00:43:03.292Z,lifecycle,False,,14,1,10,0,-0.4999999999999997,-0.8660254037844388
2025-10-21 15:00:00+00:00,DE,295,2025-10-24T15:24:16.832Z,2025-10-19T00:43:03.292Z,lifecycle,False,,15,1,10,0,-0.7071067811865471,-0.7071067811865479
2025-10-21 16:00:00+00:00,DE,319,2025-10-24T16:29:38.058Z,2025-10-19T00:42:48.763Z,lifecycle,False,,16,1,10,0,-0.8660254037844385,-0.5000000000000004
2025-10-21 17:00:00+00:00,DE,322,2025-10-24T16:29:26.747Z,2025-10-19T00:42:57.597Z,lifecycle,False,,17,1,10,0,-0.9659258262890683,-0.25881904510252063
2025-10-21 18:00:00+00:00,DE,322,2025-10-24T18:26:36.345Z,2025-10-19T00:42:48.763Z,lifecycle,False,,18,1,10,0,-1.0,-1.8369701987210297e-16
2025-10-21 19:00:00+00:00,DE,308,2025-10-24T15:24:09.253Z,2025-10-19T00:42:57.597Z,lifecycle,False,,19,1,10,0,-0.9659258262890684,0.2588190451025203
2025-10-21 20:00:00+00:00,DE,304,2025-10-24T15:24:16.832Z,2025-10-19T00:43:03.292Z,lifecycle,False,,20,1,10,0,-0.8660254037844386,0.5000000000000001
2025-10-21 21:00:00+00:00,DE,300,2025-10-24T21:24:56.937Z,2025-10-19T00:42:48.763Z,lifecycle,False,,21,1,10,0,-0.7071067811865477,0.7071067811865474
2025-10-21 22:00:00+00:00,DE,312,2025-10-24T15:24:09.253Z,2025-10-19T00:42:48.763Z,lifecycle,False,,22,1,10,0,-0.5000000000000004,0.8660254037844384
2025-10-21 23:00:00+00:00,DE,319,2025-10-24T15:24:16.832Z,2025-10-19T00:42:48.763Z,lifecycle,False,,23,1,10,0,-0.25881904510252157,0.9659258262890681
2025-10-22 00:00:00+00:00,DE,320,2025-10-24T15:23:56.601Z,2025-10-19T23:41:30.942Z,lifecycle,False,,0,2,10,0,0.0,1.0
2025-10-22 01:00:00+00:00,DE,330,2025-10-24T15:24:16.832Z,2025-10-19T23:40:42.281Z,lifecycle,False,,1,2,10,0,0.25881904510252074,0.9659258262890683
2025-10-22 02:00:00+00:00,DE,348,2025-10-24T15:24:16.832Z,2025-10-19T23:41:30.942Z,lifecycle,False,,2,2,10,0,0.49999999999999994,0.8660254037844387
2025-10-22 03:00:00+00:00,DE,379,2025-10-24T15:23:56.601Z,2025-10-19T23:40:42.281Z,lifecycle,False,,3,2,10,0,0.7071067811865476,0.7071067811865476
2025-10-22 04:00:00+00:00,DE,409,2025-10-25T00:26:02.107Z,2025-10-19T23:41:30.942Z,lifecycle,False,,4,2,10,0,0.8660254037844386,0.5000000000000001
2025-10-22 05:00:00+00:00,DE,421,2025-10-25T00:26:10.428Z,2025-10-19T23:41:41.482Z,lifecycle,False,,5,2,10,0,0.9659258262890683,0.25881904510252074
2025-10-22 06:00:00+00:00,DE,435,2025-10-25T06:25:33.659Z,2025-10-19T23:41:41.482Z,lifecycle,False,,6,2,10,0,1.0,6.123233995736766e-17
2025-10-22 07:00:00+00:00,DE,424,2025-10-25T06:25:33.659Z,2025-10-19T23:40:42.281Z,lifecycle,False,,7,2,10,0,0.9659258262890683,-0.25881904510252063
2025-10-22 08:00:00+00:00,DE,404,2025-10-25T08:54:06.941Z,2025-10-19T23:40:42.281Z,lifecycle,False,,8,2,10,0,0.8660254037844387,-0.4999999999999998
2025-10-22 09:00:00+00:00,DE,391,2025-10-25T08:53:59.933Z,2025-10-19T23:41:30.942Z,lifecycle,False,,9,2,10,0,0.7071067811865476,-0.7071067811865475
2025-10-22 10:00:00+00:00,DE,383,2025-10-25T08:54:06.941Z,2025-10-19T23:41:30.942Z,lifecycle,False,,10,2,10,0,0.49999999999999994,-0.8660254037844387
2025-10-22 11:00:00+00:00,DE,376,2025-10-25T08:53:48.201Z,2025-10-19T23:40:42.281Z,lifecycle,False,,11,2,10,0,0.258819045102521,-0.9659258262890682
2025-10-22 12:00:00+00:00,DE,397,2025-10-25T08:53:48.201Z,2025-10-19T23:41:30.942Z,lifecycle,False,,12,2,10,0,1.2246467991473532e-16,-1.0
2025-10-22 13:00:00+00:00,DE,436,2025-10-25T12:25:37.702Z,2025-10-19T23:41:30.942Z,lifecycle,False,,13,2,10,0,-0.2588190451025208,-0.9659258262890683
2025-10-22 14:00:00+00:00,DE,471,2025-10-25T12:25:37.702Z,2025-10-19T23:41:41.482Z,lifecycle,False,,14,2,10,0,-0.4999999999999997,-0.8660254037844388
2025-10-22 15:00:00+00:00,DE,498,2025-10-25T15:26:03.871Z,2025-10-19T23:41:30.942Z,lifecycle,False,,15,2,10,0,-0.7071067811865471,-0.7071067811865479
2025-10-22 16:00:00+00:00,DE,510,2025-10-25T15:26:03.871Z,2025-10-19T23:41:30.942Z,lifecycle,False,,16,2,10,0,-0.8660254037844385,-0.5000000000000004
2025-10-22 17:00:00+00:00,DE,513,2025-10-25T15:25:41.151Z,2025-10-19T23:41:30.942Z,lifecycle,False,,17,2,10,0,-0.9659258262890683,-0.25881904510252063
2025-10-22 18:00:00+00:00,DE,516,2025-10-25T18:25:06.506Z,2025-10-19T23:41:30.942Z,lifecycle,False,,18,2,10,0,-1.0,-1.8369701987210297e-16
2025-10-22 19:00:00+00:00,DE,529,2025-10-25T18:25:06.506Z,2025-10-19T23:40:42.281Z,lifecycle,False,,19,2,10,0,-0.9659258262890684,0.2588190451025203
2025-10-22 20:00:00+00:00,DE,537,2025-10-25T20:40:52.257Z,2025-10-19T23:41:30.942Z,lifecycle,False,,20,2,10,0,-0.8660254037844386,0.5000000000000001
2025-10-22 21:00:00+00:00,DE,524,2025-10-25T20:41:13.368Z,2025-10-19T23:41:30.942Z,lifecycle,False,,21,2,10,0,-0.7071067811865477,0.7071067811865474
2025-10-22 22:00:00+00:00,DE,491,2025-10-25T12:25:24.136Z,2025-10-19T23:40:42.281Z,lifecycle,False,,22,2,10,0,-0.5000000000000004,0.8660254037844384
2025-10-22 23:00:00+00:00,DE,448,2025-10-25T23:25:10.541Z,2025-10-19T23:41:30.942Z,lifecycle,False,,23,2,10,0,-0.25881904510252157,0.9659258262890681
2025-10-23 00:00:00+00:00,DE,383,2025-10-26T00:09:47.342Z,2025-10-20T23:55:22.430Z,lifecycle,False,,0,3,10,0,0.0,1.0
2025-10-23 01:00:00+00:00,DE,284,2025-10-24T23:40:39.100Z,2025-10-20T23:55:12.317Z,lifecycle,False,,1,3,10,0,0.25881904510252074,0.9659258262890683
2025-10-23 02:00:00+00:00,DE,229,2025-10-26T02:40:59.874Z,2025-10-20T23:54:54.871Z,lifecycle,False,,2,3,10,0,0.49999999999999994,0.8660254037844387
2025-10-23 03:00:00+00:00,DE,216,2025-10-26T03:25:07.587Z,2025-10-20T23:55:12.317Z,lifecycle,False,,3,3,10,0,0.7071067811865476,0.7071067811865476
2025-10-23 04:00:00+00:00,DE,224,2025-10-26T04:25:50.877Z,2025-10-20T23:55:22.430Z,lifecycle,False,,4,3,10,0,0.8660254037844386,0.5000000000000001
2025-10-23 05:00:00+00:00,DE,248,2025-10-26T05:27:20.228Z,2025-10-20T23:55:12.317Z,lifecycle,False,,5,3,10,0,0.9659258262890683,0.25881904510252074
2025-10-23 06:00:00+00:00,DE,246,2025-10-26T05:27:12.882Z,2025-10-20T23:55:12.317Z,lifecycle,False,,6,3,10,0,1.0,6.123233995736766e-17
2025-10-23 07:00:00+00:00,DE,235,2025-10-26T05:27:20.228Z,2025-10-20T23:55:12.317Z,lifecycle,False,,7,3,10,0,0.9659258262890683,-0.25881904510252063
2025-10-23 08:00:00+00:00,DE,226,2025-10-26T06:10:13.593Z,2025-10-20T23:54:54.871Z,lifecycle,False,,8,3,10,0,0.8660254037844387,-0.4999999999999998
2025-10-23 09:00:00+00:00,DE,228,2025-10-26T06:25:14.593Z,2025-10-20T23:54:54.871Z,lifecycle,False,,9,3,10,0,0.7071067811865476,-0.7071067811865475
2025-10-23 10:00:00+00:00,DE,211,2025-10-26T10:24:51.258Z,2025-10-20T23:55:22.430Z,lifecycle,False,,10,3,10,0,0.49999999999999994,-0.8660254037844387
2025-10-23 11:00:00+00:00,DE,197,2025-10-26T10:24:51.258Z,2025-10-20T23:55:12.317Z,lifecycle,False,,11,3,10,0,0.258819045102521,-0.9659258262890682
2025-10-23 12:00:00+00:00,DE,190,2025-10-26T10:24:51.258Z,2025-10-20T23:55:12.317Z,lifecycle,False,,12,3,10,0,1.2246467991473532e-16,-1.0
2025-10-23 13:00:00+00:00,DE,199,2025-10-26T10:25:01.955Z,2025-10-20T23:54:54.871Z,lifecycle,False,,13,3,10,0,-0.2588190451025208,-0.9659258262890683
2025-10-23 14:00:00+00:00,DE,198,2025-10-26T14:41:16.175Z,2025-10-20T23:54:54.871Z,lifecycle,False,,14,3,10,0,-0.4999999999999997,-0.8660254037844388
2025-10-23 15:00:00+00:00,DE,219,2025-10-26T10:25:09.086Z,2025-10-20T23:55:22.430Z,lifecycle,False,,15,3,10,0,-0.7071067811865471,-0.7071067811865479
2025-10-23 16:00:00+00:00,DE,208,2025-10-26T15:26:31.553Z,2025-10-20T23:55:22.430Z,lifecycle,False,,16,3,10,0,-0.8660254037844385,-0.5000000000000004
2025-10-23 17:00:00+00:00,DE,203,2025-10-26T17:25:04.189Z,2025-10-20T23:55:22.430Z,lifecycle,False,,17,3,10,0,-0.9659258262890683,-0.25881904510252063
2025-10-23 18:00:00+00:00,DE,188,2025-10-26T10:40:14.231Z,2025-10-20T23:54:54.871Z,lifecycle,False,,18,3,10,0,-1.0,-1.8369701987210297e-16
2025-10-23 19:00:00+00:00,DE,170,2025-10-26T11:39:51.088Z,2025-10-20T23:55:12.317Z,lifecycle,False,,19,3,10,0,-0.9659258262890684,0.2588190451025203
2025-10-23 20:00:00+00:00,DE,159,2025-10-26T11:39:51.088Z,2025-10-20T23:55:22.430Z,lifecycle,False,,20,3,10,0,-0.8660254037844386,0.5000000000000001
2025-10-23 21:00:00+00:00,DE,139,2025-10-26T13:10:09.636Z,2025-10-20T23:55:22.430Z,lifecycle,False,,21,3,10,0,-0.7071067811865477,0.7071067811865474
2025-10-23 22:00:00+00:00,DE,137,2025-10-26T22:54:43.452Z,2025-10-20T23:55:22.430Z,lifecycle,False,,22,3,10,0,-0.5000000000000004,0.8660254037844384
2025-10-23 23:00:00+00:00,DE,133,2025-10-26T23:25:19.692Z,2025-10-20T23:54:54.871Z,lifecycle,False,,23,3,10,0,-0.25881904510252157,0.9659258262890681
2025-10-24 00:00:00+00:00,DE,130,2025-10-26T23:25:19.692Z,2025-10-21T22:41:36.923Z,lifecycle,False,,0,4,10,0,0.0,1.0
2025-10-24 01:00:00+00:00,DE,128,2025-10-26T23:25:19.692Z,2025-10-21T22:41:36.923Z,lifecycle,False,,1,4,10,0,0.25881904510252074,0.9659258262890683
2025-10-24 02:00:00+00:00,DE,136,2025-10-26T23:24:58.772Z,2025-10-21T23:39:45.754Z,lifecycle,False,,2,4,10,0,0.49999999999999994,0.8660254037844387
2025-10-24 03:00:00+00:00,DE,141,2025-10-27T03:26:18.851Z,2025-10-21T23:40:05.165Z,lifecycle,False,,3,4,10,0,0.7071067811865476,0.7071067811865476
2025-10-24 04:00:00+00:00,DE,143,2025-10-27T03:39:41.435Z,2025-10-21T23:40:05.165Z,lifecycle,False,,4,4,10,0,0.8660254037844386,0.5000000000000001
2025-10-24 05:00:00+00:00,DE,163,2025-10-27T03:26:18.851Z,2025-10-21T23:40:05.165Z,lifecycle,False,,5,4,10,0,0.9659258262890683,0.25881904510252074
2025-10-24 06:00:00+00:00,DE,166,2025-10-26T16:40:04.891Z,2025-10-21T23:40:05.165Z,lifecycle,False,,6,4,10,0,1.0,6.123233995736766e-17
2025-10-24 07:00:00+00:00,DE,153,2025-10-26T03:56:11.738Z,2025-10-21T23:40:05.165Z,lifecycle,False,,7,4,10,0,0.9659258262890683,-0.25881904510252063
2025-10-24 08:00:00+00:00,DE,124,2025-10-26T03:56:01.900Z,2025-10-21T23:40:05.165Z,lifecycle,False,,8,4,10,0,0.8660254037844387,-0.4999999999999998
2025-10-24 09:00:00+00:00,DE,105,2025-10-26T07:39:50.823Z,2025-10-21T23:39:45.754Z,lifecycle,False,,9,4,10,0,0.7071067811865476,-0.7071067811865475
2025-10-24 10:00:00+00:00,DE,105,2025-10-26T07:39:50.823Z,2025-10-21T23:39:45.754Z,lifecycle,False,,10,4,10,0,0.49999999999999994,-0.8660254037844387
2025-10-24 11:00:00+00:00,DE,106,2025-10-26T03:55:40.693Z,2025-10-21T23:39:45.754Z,lifecycle,False,,11,4,10,0,0.258819045102521,-0.9659258262890682
2025-10-24 12:00:00+00:00,DE,105,2025-10-26T03:55:40.693Z,2025-10-21T23:40:14.055Z,lifecycle,False,,12,4,10,0,1.2246467991473532e-16,-1.0
2025-10-24 13:00:00+00:00,DE,106,2025-10-26T03:56:01.900Z,2025-10-21T23:40:05.165Z,lifecycle,False,,13,4,10,0,-0.2588190451025208,-0.9659258262890683
2025-10-24 14:00:00+00:00,DE,116,2025-10-27T03:40:05.595Z,2025-10-21T23:40:05.165Z,lifecycle,False,,14,4,10,0,-0.4999999999999997,-0.8660254037844388
2025-10-24 15:00:00+00:00,DE,139,2025-10-27T03:39:41.435Z,2025-10-21T23:39:45.754Z,lifecycle,False,,15,4,10,0,-0.7071067811865471,-0.7071067811865479
2025-10-24 16:00:00+00:00,DE,165,2025-10-27T02:41:34.362Z,2025-10-21T23:40:05.165Z,lifecycle,False,,16,4,10,0,-0.8660254037844385,-0.5000000000000004
2025-10-24 17:00:00+00:00,DE,168,2025-10-27T02:41:04.889Z,2025-10-21T23:39:45.754Z,lifecycle,False,,17,4,10,0,-0.9659258262890683,-0.25881904510252063
2025-10-24 18:00:00+00:00,DE,155,2025-10-27T02:25:52.212Z,2025-10-21T23:40:14.055Z,lifecycle,False,,18,4,10,0,-1.0,-1.8369701987210297e-16
2025-10-24 19:00:00+00:00,DE,144,2025-10-27T02:26:02.654Z,2025-10-21T23:39:45.754Z,lifecycle,False,,19,4,10,0,-0.9659258262890684,0.2588190451025203
2025-10-24 20:00:00+00:00,DE,142,2025-10-27T02:26:02.654Z,2025-10-21T23:40:14.055Z,lifecycle,False,,20,4,10,0,-0.8660254037844386,0.5000000000000001
2025-10-24 21:00:00+00:00,DE,143,2025-10-27T02:25:52.212Z,2025-10-21T23:40:05.165Z,lifecycle,False,,21,4,10,0,-0.7071067811865477,0.7071067811865474
2025-10-24 22:00:00+00:00,DE,145,2025-10-27T02:25:38.064Z,2025-10-21T23:39:45.754Z,lifecycle,False,,22,4,10,0,-0.5000000000000004,0.8660254037844384
2025-10-24 23:00:00+00:00,DE,144,2025-10-27T02:25:52.212Z,2025-10-21T23:40:05.165Z,lifecycle,False,,23,4,10,0,-0.25881904510252157,0.9659258262890681
2025-10-25 00:00:00+00:00,DE,139,2025-10-27T02:25:52.212Z,2025-10-22T22:41:16.054Z,lifecycle,False,,0,5,10,1,0.0,1.0
2025-10-25 01:00:00+00:00,DE,130,2025-10-27T02:25:52.212Z,2025-10-22T22:41:16.054Z,lifecycle,False,,1,5,10,1,0.25881904510252074,0.9659258262890683
2025-10-25 02:00:00+00:00,DE,127,2025-10-27T03:40:05.595Z,2025-10-22T23:40:01.162Z,lifecycle,False,,2,5,10,1,0.49999999999999994,0.8660254037844387
2025-10-25 03:00:00+00:00,DE,128,2025-10-27T03:39:41.435Z,2025-10-22T23:40:10.784Z,lifecycle,False,,3,5,10,1,0.7071067811865476,0.7071067811865476
2025-10-25 04:00:00+00:00,DE,127,2025-10-27T02:26:02.654Z,2025-10-22T23:40:10.784Z,lifecycle,False,,4,5,10,1,0.8660254037844386,0.5000000000000001
2025-10-25 05:00:00+00:00,DE,119,2025-10-27T02:25:52.212Z,2025-10-22T23:40:01.162Z,lifecycle,False,,5,5,10,1,0.9659258262890683,0.25881904510252074
2025-10-25 06:00:00+00:00,DE,112,2025-10-27T02:25:52.212Z,2025-10-22T23:40:10.784Z,lifecycle,False,,6,5,10,1,1.0,6.123233995736766e-17
2025-10-25 07:00:00+00:00,DE,111,2025-10-27T02:26:02.654Z,2025-10-22T23:40:10.784Z,lifecycle,False,,7,5,10,1,0.9659258262890683,-0.25881904510252063
2025-10-25 08:00:00+00:00,DE,105,2025-10-27T02:25:38.064Z,2025-10-22T23:40:10.784Z,lifecycle,False,,8,5,10,1,0.8660254037844387,-0.4999999999999998
2025-10-25 09:00:00+00:00,DE,102,2025-10-27T02:26:02.654Z,2025-10-22T23:40:10.784Z,lifecycle,False,,9,5,10,1,0.7071067811865476,-0.7071067811865475
2025-10-25 10:00:00+00:00,DE,106,2025-10-27T02:26:02.654Z,2025-10-22T23:40:10.784Z,lifecycle,False,,10,5,10,1,0.49999999999999994,-0.8660254037844387
2025-10-25 11:00:00+00:00,DE,105,2025-10-27T02:25:52.212Z,2025-10-22T23:40:01.162Z,lifecycle,False,,11,5,10,1,0.258819045102521,-0.9659258262890682
2025-10-25 12:00:00+00:00,DE,109,2025-10-27T02:25:38.064Z,2025-10-22T23:40:19.336Z,lifecycle,False,,12,5,10,1,1.2246467991473532e-16,-1.0
2025-10-25 13:00:00+00:00,DE,108,2025-10-27T02:26:02.654Z,2025-10-22T23:40:19.336Z,lifecycle,False,,13,5,10,1,-0.2588190451025208,-0.9659258262890683
2025-10-25 14:00:00+00:00,DE,111,2025-10-27T02:25:38.064Z,2025-10-22T23:40:01.162Z,lifecycle,False,,14,5,10,1,-0.4999999999999997,-0.8660254037844388
2025-10-25 15:00:00+00:00,DE,114,2025-10-27T02:26:02.654Z,2025-10-22T23:40:01.162Z,lifecycle,True,FORECASTS_HIERARCHY,15,5,10,1,-0.7071067811865471,-0.7071067811865479
2025-10-25 16:00:00+00:00,DE,133,2025-10-27T02:25:38.064Z,2025-10-22T23:40:10.784Z,lifecycle,True,FORECASTS_HIERARCHY,16,5,10,1,-0.8660254037844385,-0.5000000000000004
2025-10-25 17:00:00+00:00,DE,136,2025-10-27T02:26:02.654Z,2025-10-22T23:40:10.784Z,lifecycle,True,FORECASTS_HIERARCHY,17,5,10,1,-0.9659258262890683,-0.25881904510252063
2025-10-25 18:00:00+00:00,DE,129,2025-10-27T02:25:38.064Z,2025-10-22T23:40:19.336Z,lifecycle,True,FORECASTS_HIERARCHY,18,5,10,1,-1.0,-1.8369701987210297e-16
2025-10-25 19:00:00+00:00,DE,121,2025-10-27T02:25:52.212Z,2025-10-22T23:40:01.162Z,lifecycle,True,FORECASTS_HIERARCHY,19,5,10,1,-0.9659258262890684,0.2588190451025203
2025-10-25 20:00:00+00:00,DE,119,2025-10-27T02:26:02.654Z,2025-10-22T23:40:10.784Z,lifecycle,True,FORECASTS_HIERARCHY,20,5,10,1,-0.8660254037844386,0.5000000000000001
2025-10-25 21:00:00+00:00,DE,105,2025-10-27T02:25:56.356Z,2025-10-22T23:40:10.784Z,lifecycle,True,FORECASTS_HIERARCHY,21,5,10,1,-0.7071067811865477,0.7071067811865474
2025-10-25 22:00:00+00:00,DE,234,2025-10-27T02:25:45.431Z,2025-10-22T23:40:19.336Z,lifecycle,True,FORECASTS_HIERARCHY,22,5,10,1,-0.5000000000000004,0.8660254037844384
2025-10-25 23:00:00+00:00,DE,208,2025-10-27T02:25:56.356Z,2025-10-22T23:40:10.784Z,lifecycle,True,FORECASTS_HIERARCHY,23,5,10,1,-0.25881904510252157,0.9659258262890681
2025-10-26 00:00:00+00:00,DE,178,2025-10-27T01:40:22.696Z,2025-10-23T22:27:02.924Z,lifecycle,True,FORECASTS_HIERARCHY,0,6,10,1,0.0,1.0
2025-10-26 01:00:00+00:00,DE,167,2025-10-27T03:26:23.363Z,2025-10-23T22:26:52.266Z,lifecycle,True,FORECASTS_HIERARCHY,1,6,10,1,0.25881904510252074,0.9659258262890683
2025-10-26 02:00:00+00:00,DE,157,2025-10-27T02:56:02.045Z,2025-10-23T22:26:52.266Z,lifecycle,True,FORECASTS_HIERARCHY,2,6,10,1,0.49999999999999994,0.8660254037844387
2025-10-26 03:00:00+00:00,DE,154,2025-10-27T03:55:08.031Z,2025-10-23T22:27:02.924Z,lifecycle,True,FORECASTS_HIERARCHY,3,6,10,1,0.7071067811865476,0.7071067811865476
2025-10-26 04:00:00+00:00,DE,191,2025-10-27T03:39:48.071Z,2025-10-23T22:27:11.419Z,lifecycle,True,FORECASTS_HIERARCHY,4,6,10,1,0.8660254037844386,0.5000000000000001
2025-10-26 05:00:00+00:00,DE,210,2025-10-27T03:39:33.269Z,2025-10-23T22:26:52.266Z,lifecycle,True,FORECASTS_HIERARCHY,5,6,10,1,0.9659258262890683,0.25881904510252074
2025-10-26 06:00:00+00:00,DE,208,2025-10-27T01:25:03.601Z,2025-10-23T22:27:02.924Z,lifecycle,True,FORECASTS_HIERARCHY,6,6,10,1,1.0,6.123233995736766e-17
2025-10-26 07:00:00+00:00,DE,173,2025-10-27T01:25:03.601Z,2025-10-23T22:27:11.419Z,lifecycle,True,FORECASTS_HIERARCHY,7,6,10,1,0.9659258262890683,-0.25881904510252063
2025-10-26 08:00:00+00:00,DE,107,2025-10-27T01:25:03.601Z,2025-10-23T22:27:11.419Z,lifecycle,True,FORECASTS_HIERARCHY,8,6,10,1,0.8660254037844387,-0.4999999999999998
2025-10-26 09:00:00+00:00,DE,92,2025-10-27T01:24:43.275Z,2025-10-23T22:27:11.419Z,lifecycle,True,FORECASTS_HIERARCHY,9,6,10,1,0.7071067811865476,-0.7071067811865475
2025-10-26 10:00:00+00:00,DE,90,2025-10-27T01:25:03.601Z,2025-10-23T22:26:52.266Z,lifecycle,True,FORECASTS_HIERARCHY,10,6,10,1,0.49999999999999994,-0.8660254037844387
2025-10-26 11:00:00+00:00,DE,88,2025-10-27T01:24:43.275Z,2025-10-23T22:27:02.924Z,lifecycle,True,FORECASTS_HIERARCHY,11,6,10,1,0.258819045102521,-0.9659258262890682
2025-10-26 12:00:00+00:00,DE,90,2025-10-27T01:24:53.182Z,2025-10-23T22:27:11.419Z,lifecycle,True,FORECASTS_HIERARCHY,12,6,10,1,1.2246467991473532e-16,-1.0
2025-10-26 13:00:00+00:00,DE,98,2025-10-27T01:24:43.275Z,2025-10-23T22:26:52.266Z,lifecycle,True,FORECASTS_HIERARCHY,13,6,10,1,-0.2588190451025208,-0.9659258262890683
2025-10-26 14:00:00+00:00,DE,156,2025-10-27T01:24:53.182Z,2025-10-23T22:27:11.419Z,lifecycle,True,FORECASTS_HIERARCHY,14,6,10,1,-0.4999999999999997,-0.8660254037844388
2025-10-26 15:00:00+00:00,DE,285,2025-10-27T01:24:43.275Z,2025-10-23T22:27:02.924Z,lifecycle,True,FORECASTS_HIERARCHY,15,6,10,1,-0.7071067811865471,-0.7071067811865479
2025-10-26 16:00:00+00:00,DE,330,2025-10-27T01:24:43.275Z,2025-10-23T22:27:02.924Z,lifecycle,True,FORECASTS_HIERARCHY,16,6,10,1,-0.8660254037844385,-0.5000000000000004
2025-10-26 17:00:00+00:00,DE,339,2025-10-27T01:24:43.275Z,2025-10-23T22:27:02.924Z,lifecycle,True,FORECASTS_HIERARCHY,17,6,10,1,-0.9659258262890683,-0.25881904510252063
2025-10-26 18:00:00+00:00,DE,332,2025-10-27T01:40:37.455Z,2025-10-23T22:26:52.266Z,lifecycle,True,FORECASTS_HIERARCHY,18,6,10,1,-1.0,-1.8369701987210297e-16
2025-10-26 19:00:00+00:00,DE,334,2025-10-27T01:24:53.182Z,2025-10-23T22:27:02.924Z,lifecycle,True,FORECASTS_HIERARCHY,19,6,10,1,-0.9659258262890684,0.2588190451025203
2025-10-26 20:00:00+00:00,DE,317,2025-10-27T01:24:53.182Z,2025-10-23T22:27:11.419Z,lifecycle,True,FORECASTS_HIERARCHY,20,6,10,1,-0.8660254037844386,0.5000000000000001
2025-10-26 21:00:00+00:00,DE,285,2025-10-27T01:24:43.275Z,2025-10-23T22:27:02.924Z,lifecycle,True,FORECASTS_HIERARCHY,21,6,10,1,-0.7071067811865477,0.7071067811865474
2025-10-26 22:00:00+00:00,DE,240,2025-10-27T02:26:06.039Z,2025-10-23T22:27:02.924Z,lifecycle,True,FORECASTS_HIERARCHY,22,6,10,1,-0.5000000000000004,0.8660254037844384
2025-10-26 23:00:00+00:00,DE,80,2025-10-27T02:41:27.556Z,2025-10-23T23:11:24.002Z,lifecycle,True,FORECASTS_HIERARCHY,23,6,10,1,-0.25881904510252157,0.9659258262890681
2025-10-27 00:00:00+00:00,DE,168,2025-10-27T03:26:28.721Z,2025-10-24T00:09:58.307Z,lifecycle,True,FORECASTS_HIERARCHY,0,0,10,0,0.0,1.0
2025-10-27 01:00:00+00:00,DE,164,2025-10-27T03:55:12.119Z,2025-10-24T15:43:35.606Z,lifecycle,True,FORECASTS_HIERARCHY,1,0,10,0,0.25881904510252074,0.9659258262890683
2025-10-27 02:00:00+00:00,DE,180,2025-10-27T03:55:12.119Z,2025-10-24T15:43:35.606Z,lifecycle,True,FORECASTS_HIERARCHY,2,0,10,0,0.49999999999999994,0.8660254037844387
2025-10-27 03:00:00+00:00,DE,191,2025-10-27T03:39:48.071Z,2025-10-24T15:43:28.232Z,lifecycle,True,FORECASTS_HIERARCHY,3,0,10,0,0.7071067811865476,0.7071067811865476
2025-10-27 04:00:00+00:00,DE,209,2025-10-27T03:26:14.721Z,2025-10-24T15:43:28.232Z,lifecycle,True,FORECASTS_HIERARCHY,4,0,10,0,0.8660254037844386,0.5000000000000001
