datetime,zone,carbon,updatedAt,createdAt,emissionFactorType,isEstimated,estimationMethod,hour,dayofweek,month,is_weekend,hour_sin,hour_cos
2025-09-27 05:00:00+00:00,DE,0.5404339250493096,2025-10-27T03:34:02.736Z,2025-09-24T23:11:51.697Z,lifecycle,False,,5,5,9,1,0.9659258262890683,0.25881904510252074
2025-09-27 06:00:00+00:00,DE,0.49309664694280075,2025-10-27T03:33:46.927Z,2025-09-24T23:12:06.280Z,lifecycle,False,,6,5,9,1,1.0,6.123233995736766e-17
2025-09-27 07:00:00+00:00,DE,0.4536489151873767,2025-10-27T03:34:18.368Z,2025-09-24T23:11:51.697Z,lifecycle,False,,7,5,9,1,0.9659258262890683,-0.25881904510252063
2025-09-27 08:00:00+00:00,DE,0.3865877712031558,2025-10-27T03:33:46.927Z,2025-09-24T23:12:06.280Z,lifecycle,False,,8,5,9,1,0.8660254037844387,-0.4999999999999998
2025-09-27 09:00:00+00:00,DE,0.339250493096647,2025-10-27T03:34:18.368Z,2025-09-24T23:12:06.280Z,lifecycle,False,,9,5,9,1,0.7071067811865476,-0.7071067811865475
2025-09-27 10:00:00+00:00,DE,0.33136094674556216,2025-10-27T03:34:02.736Z,2025-09-24T23:11:51.697Z,lifecycle,False,,10,5,9,1,0.49999999999999994,-0.8660254037844387
2025-09-27 11:00:00+00:00,DE,0.3372781065088758,2025-10-27T03:33:52.088Z,2025-09-24T23:11:34.518Z,lifecycle,False,,11,5,9,1,0.258819045102521,-0.9659258262890682
2025-09-27 12:00:00+00:00,DE,0.33333333333333337,2025-10-27T03:34:18.368Z,2025-09-24T23:11:51.697Z,lifecycle,False,,12,5,9,1,1.2246467991473532e-16,-1.0
2025-09-27 13:00:00+00:00,DE,0.3530571992110454,2025-10-27T03:34:02.736Z,2025-09-24T23:11:51.697Z,lifecycle,False,,13,5,9,1,-0.2588190451025208,-0.9659258262890683
2025-09-27 14:00:00+00:00,DE,0.4339250493096647,2025-10-27T03:34:18.368Z,2025-09-24T23:11:51.697Z,lifecycle,False,,14,5,9,1,-0.4999999999999997,-0.8660254037844388
2025-09-27 15:00:00+00:00,DE,0.5424063116370809,2025-10-27T03:34:08.204Z,2025-09-24T23:11:34.518Z,lifecycle,False,,15,5,9,1,-0.7071067811865471,-0.7071067811865479
2025-09-27 16:00:00+00:00,DE,0.5996055226824458,2025-10-27T03:34:08.204Z,2025-09-24T23:11:51.697Z,lifecycle,False,,16,5,9,1,-0.8660254037844385,-0.5000000000000004
2025-09-27 17:00:00+00:00,DE,0.6074950690335306,2025-10-27T03:33:52.088Z,2025-09-24T23:12:06.280Z,lifecycle,False,,17,5,9,1,-0.9659258262890683,-0.25881904510252063
2025-09-27 18:00:00+00:00,DE,0.6410256410256411,2025-10-27T03:34:08.204Z,2025-09-24T23:12:06.280Z,lifecycle,False,,18,5,9,1,-1.0,-1.8369701987210297e-16
2025-09-27 19:00:00+00:00,DE,0.6568047337278107,2025-10-27T03:34:08.204Z,2025-09-24T23:12:06.280Z,lifecycle,False,,19,5,9,1,-0.9659258262890684,0.2588190451025203
2025-09-27 20:00:00+00:00,DE,0.6745562130177515,2025-10-27T03:34:08.204Z,2025-09-24T23:12:06.280Z,lifecycle,False,,20,5,9,1,-0.8660254037844386,0.5000000000000001
2025-09-27 21:00:00+00:00,DE,0.6962524654832347,2025-10-27T03:34:08.204Z,2025-09-24T23:11:51.697Z,lifecycle,False,,21,5,9,1,-0.7071067811865477,0.7071067811865474
2025-09-27 22:00:00+00:00,DE,0.6942800788954635,2025-10-27T03:34:18.368Z,2025-09-24T23:11:51.697Z,lifecycle,False,,22,5,9,1,-0.5000000000000004,0.8660254037844384
2025-09-27 23:00:00+00:00,DE,0.708086785009862,2025-10-27T03:33:52.088Z,2025-09-24T23:11:51.697Z,lifecycle,False,,23,5,9,1,-0.25881904510252157,0.9659258262890681
2025-09-28 00:00:00+00:00,DE,0.7297830374753452,2025-10-27T03:33:52.088Z,2025-09-25T22:55:23.931Z,lifecycle,False,,0,6,9,1,0.0,1.0
2025-09-28 01:00:00+00:00,DE,0.7534516765285996,2025-10-27T03:34:18.368Z,2025-09-25T22:55:10.920Z,lifecycle,False,,1,6,9,1,0.25881904510252074,0.9659258262890683
2025-09-28 02:00:00+00:00,DE,0.7337278106508875,2025-10-27T03:33:52.088Z,2025-09-25T23:40:29.373Z,lifecycle,False,,2,6,9,1,0.49999999999999994,0.8660254037844387
2025-09-28 03:00:00+00:00,DE,0.7337278106508875,2025-10-17T00:15:34.358Z,2025-09-25T23:40:41.100Z,lifecycle,False,,3,6,9,1,0.7071067811865476,0.7071067811865476
2025-09-28 04:00:00+00:00,DE,0.7435897435897436,2025-10-17T00:15:34.358Z,2025-09-25T23:40:13.788Z,lifecycle,False,,4,6,9,1,0.8660254037844386,0.5000000000000001
2025-09-28 05:00:00+00:00,DE,0.7258382642998028,2025-10-17T00:15:33.291Z,2025-09-25T23:40:13.788Z,lifecycle,False,,5,6,9,1,0.9659258262890683,0.25881904510252074
2025-09-28 06:00:00+00:00,DE,0.6035502958579881,2025-10-23T00:16:12.517Z,2025-09-25T23:40:41.100Z,lifecycle,False,,6,6,9,1,1.0,6.123233995736766e-17
2025-09-28 07:00:00+00:00,DE,0.45759368836291914,2025-10-23T00:15:50.472Z,2025-09-25T23:40:13.788Z,lifecycle,False,,7,6,9,1,0.9659258262890683,-0.25881904510252063
2025-09-28 08:00:00+00:00,DE,0.33333333333333337,2025-10-17T00:15:33.291Z,2025-09-25T23:40:13.788Z,lifecycle,False,,8,6,9,1,0.8660254037844387,-0.4999999999999998
2025-09-28 09:00:00+00:00,DE,0.2307692307692308,2025-10-23T00:15:50.728Z,2025-09-25T23:40:41.100Z,lifecycle,False,,9,6,9,1,0.7071067811865476,-0.7071067811865475
2025-09-28 10:00:00+00:00,DE,0.18737672583826434,2025-10-23T00:15:50.472Z,2025-09-25T23:40:41.100Z,lifecycle,False,,10,6,9,1,0.49999999999999994,-0.8660254037844387
2025-09-28 11:00:00+00:00,DE,0.1913214990138067,2025-10-12T00:18:08.937Z,2025-09-25T23:40:29.373Z,lifecycle,False,,11,6,9,1,0.258819045102521,-0.9659258262890682
2025-09-28 12:00:00+00:00,DE,0.20907297830374758,2025-10-12T00:18:07.793Z,2025-09-25T23:40:41.100Z,lifecycle,False,,12,6,9,1,1.2246467991473532e-16,-1.0
2025-09-28 13:00:00+00:00,DE,0.26232741617357,2025-10-23T00:15:50.728Z,2025-09-25T23:40:13.788Z,lifecycle,False,,13,6,9,1,-0.2588190451025208,-0.9659258262890683
2025-09-28 14:00:00+00:00,DE,0.4358974358974359,2025-10-17T00:15:33.291Z,2025-09-25T23:40:13.788Z,lifecycle,False,,14,6,9,1,-0.4999999999999997,-0.8660254037844388
2025-09-28 15:00:00+00:00,DE,0.6351084812623274,2025-10-23T00:15:50.472Z,2025-09-25T23:40:41.100Z,lifecycle,False,,15,6,9,1,-0.7071067811865471,-0.7071067811865479
2025-09-28 16:00:00+00:00,DE,0.7455621301775148,2025-10-17T00:15:33.291Z,2025-09-25T23:40:41.100Z,lifecycle,False,,16,6,9,1,-0.8660254037844385,-0.5000000000000004
2025-09-28 17:00:00+00:00,DE,0.727810650887574,2025-10-23T00:15:50.472Z,2025-09-25T23:40:41.100Z,lifecycle,False,,17,6,9,1,-0.9659258262890683,-0.25881904510252063
2025-09-28 18:00:00+00:00,DE,0.7100591715976331,2025-10-17T00:15:34.358Z,2025-09-25T23:40:13.788Z,lifecycle,False,,18,6,9,1,-1.0,-1.8369701987210297e-16
2025-09-28 19:00:00+00:00,DE,0.7199211045364892,2025-10-23T00:16:12.517Z,2025-09-25T23:40:41.100Z,lifecycle,False,,19,6,9,1,-0.9659258262890684,0.2588190451025203
2025-09-28 20:00:00+00:00,DE,0.7297830374753452,2025-10-17T00:15:33.441Z,2025-09-25T23:40:29.373Z,lifecycle,False,,20,6,9,1,-0.8660254037844386,0.5000000000000001
2025-09-28 21:00:00+00:00,DE,0.7514792899408285,2025-10-23T00:15:50.728Z,2025-09-25T23:40:13.788Z,lifecycle,False,,21,6,9,1,-0.7071067811865477,0.7071067811865474
2025-09-28 22:00:00+00:00,DE,0.7869822485207101,2025-10-23T00:15:50.728Z,2025-09-25T23:40:29.373Z,lifecycle,False,,22,6,9,1,-0.5000000000000004,0.8660254037844384
2025-09-28 23:00:00+00:00,DE,0.8067061143984221,2025-10-23T00:16:12.517Z,2025-09-25T23:40:13.788Z,lifecycle,False,,23,6,9,1,-0.25881904510252157,0.9659258262890681
2025-09-29 00:00:00+00:00,DE,0.8284023668639053,2025-10-17T00:15:33.291Z,2025-09-26T21:26:08.809Z,lifecycle,False,,0,0,9,0,0.0,1.0
2025-09-29 01:00:00+00:00,DE,0.8441814595660749,2025-10-23T00:15:50.472Z,2025-09-26T21:25:35.413Z,lifecycle,False,,1,0,9,0,0.25881904510252074,0.9659258262890683
2025-09-29 02:00:00+00:00,DE,0.8560157790927022,2025-10-17T00:15:34.358Z,2025-09-26T21:26:08.809Z,lifecycle,False,,2,0,9,0,0.49999999999999994,0.8660254037844387
2025-09-29 03:00:00+00:00,DE,0.8639053254437871,2025-10-17T00:15:33.441Z,2025-09-26T21:25:35.413Z,lifecycle,False,,3,0,9,0,0.7071067811865476,0.7071067811865476
2025-09-29 04:00:00+00:00,DE,0.8323471400394478,2025-10-23T00:15:50.728Z,2025-09-26T21:25:54.779Z,lifecycle,False,,4,0,9,0,0.8660254037844386,0.5000000000000001
2025-09-29 05:00:00+00:00,DE,0.8007889546351085,2025-10-23T00:15:50.728Z,2025-09-26T21:25:54.779Z,lifecycle,False,,5,0,9,0,0.9659258262890683,0.25881904510252074
2025-09-29 06:00:00+00:00,DE,0.7435897435897436,2025-10-12T00:18:08.937Z,2025-09-26T21:26:08.809Z,lifecycle,False,,6,0,9,0,1.0,6.123233995736766e-17
2025-09-29 07:00:00+00:00,DE,0.6686390532544378,2025-10-23T00:15:50.728Z,2025-09-26T21:25:35.413Z,lifecycle,False,,7,0,9,0,0.9659258262890683,-0.25881904510252063
2025-09-29 08:00:00+00:00,DE,0.591715976331361,2025-10-17T00:15:33.441Z,2025-09-26T21:26:08.809Z,lifecycle,False,,8,0,9,0,0.8660254037844387,-0.4999999999999998
2025-09-29 09:00:00+00:00,DE,0.4635108481262328,2025-10-23T00:15:50.728Z,2025-09-26T21:26:08.809Z,lifecycle,False,,9,0,9,0,0.7071067811865476,-0.7071067811865475
2025-09-29 10:00:00+00:00,DE,0.34911242603550297,2025-10-23T00:15:50.728Z,2025-09-26T21:25:54.779Z,lifecycle,False,,10,0,9,0,0.49999999999999994,-0.8660254037844387
2025-09-29 11:00:00+00:00,DE,0.33333333333333337,2025-10-23T00:15:50.472Z,2025-09-26T21:25:35.413Z,lifecycle,False,,11,0,9,0,0.258819045102521,-0.9659258262890682
2025-09-29 12:00:00+00:00,DE,0.3846153846153846,2025-10-23T00:15:50.472Z,2025-09-26T21:25:54.779Z,lifecycle,False,,12,0,9,0,1.2246467991473532e-16,-1.0
2025-09-29 13:00:00+00:00,DE,0.49112426035502954,2025-10-23T00:15:50.728Z,2025-09-26T21:26:08.809Z,lifecycle,False,,13,0,9,0,-0.2588190451025208,-0.9659258262890683
2025-09-29 14:00:00+00:00,DE,0.6232741617357002,2025-10-17T00:15:33.441Z,2025-09-26T21:26:08.809Z,lifecycle,False,,14,0,9,0,-0.4999999999999997,-0.8660254037844388
2025-09-29 15:00:00+00:00,DE,0.73767258382643,2025-10-17T00:15:33.441Z,2025-09-26T21:25:35.413Z,lifecycle,False,,15,0,9,0,-0.7071067811865471,-0.7071067811865479
2025-09-29 16:00:00+00:00,DE,0.8027613412228797,2025-10-12T00:18:27.185Z,2025-09-26T21:26:08.809Z,lifecycle,False,,16,0,9,0,-0.8660254037844385,-0.5000000000000004
2025-09-29 17:00:00+00:00,DE,0.7968441814595661,2025-10-17T00:15:43.527Z,2025-09-26T21:25:54.779Z,lifecycle,False,,17,0,9,0,-0.9659258262890683,-0.25881904510252063
2025-09-29 18:00:00+00:00,DE,0.7790927021696252,2025-10-17T00:15:43.527Z,2025-09-26T21:26:08.809Z,lifecycle,False,,18,0,9,0,-1.0,-1.8369701987210297e-16
2025-09-29 19:00:00+00:00,DE,0.7810650887573964,2025-10-23T00:16:09.136Z,2025-09-26T21:26:08.809Z,lifecycle,False,,19,0,9,0,-0.9659258262890684,0.2588190451025203
2025-09-29 20:00:00+00:00,DE,0.8007889546351085,2025-10-17T00:15:43.527Z,2025-09-26T21:26:08.809Z,lifecycle,False,,20,0,9,0,-0.8660254037844386,0.5000000000000001
2025-09-29 21:00:00+00:00,DE,0.8106508875739645,2025-10-17T00:15:43.622Z,2025-09-26T21:25:54.779Z,lifecycle,False,,21,0,9,0,-0.7071067811865477,0.7071067811865474
2025-09-29 22:00:00+00:00,DE,0.8126232741617357,2025-10-23T00:16:28.335Z,2025-09-26T23:10:45.420Z,lifecycle,False,,22,0,9,0,-0.5000000000000004,0.8660254037844384
2025-09-29 23:00:00+00:00,DE,0.7988165680473372,2025-10-17T00:15:43.488Z,2025-09-26T23:11:13.893Z,lifecycle,False,,23,0,9,0,-0.25881904510252157,0.9659258262890681
2025-09-30 00:00:00+00:00,DE,0.8047337278106509,2025-10-17T00:15:43.527Z,2025-09-27T22:40:21.333Z,lifecycle,False,,0,1,9,0,0.0,1.0
2025-09-30 01:00:00+00:00,DE,0.8086785009861933,2025-10-17T00:15:43.622Z,2025-09-27T22:40:46.778Z,lifecycle,False,,1,1,9,0,0.25881904510252074,0.9659258262890683
2025-09-30 02:00:00+00:00,DE,0.8264299802761341,2025-10-17T00:15:43.622Z,2025-09-27T23:41:57.292Z,lifecycle,False,,2,1,9,0,0.49999999999999994,0.8660254037844387
2025-09-30 03:00:00+00:00,DE,0.834319526627219,2025-10-23T00:16:09.005Z,2025-09-27T23:41:44.984Z,lifecycle,False,,3,1,9,0,0.7071067811865476,0.7071067811865476
2025-09-30 04:00:00+00:00,DE,0.8165680473372782,2025-10-17T00:15:43.622Z,2025-09-27T23:41:44.984Z,lifecycle,False,,4,1,9,0,0.8660254037844386,0.5000000000000001
2025-09-30 05:00:00+00:00,DE,0.7850098619329389,2025-10-17T00:15:43.622Z,2025-09-27T23:41:57.292Z,lifecycle,False,,5,1,9,0,0.9659258262890683,0.25881904510252074
2025-09-30 06:00:00+00:00,DE,0.7435897435897436,2025-10-17T00:15:43.488Z,2025-09-27T23:41:32.323Z,lifecycle,False,,6,1,9,0,1.0,6.123233995736766e-17
2025-09-30 07:00:00+00:00,DE,0.6863905325443788,2025-10-17T00:15:43.488Z,2025-09-27T23:41:32.323Z,lifecycle,False,,7,1,9,0,0.9659258262890683,-0.25881904510252063
2025-09-30 08:00:00+00:00,DE,0.5877712031558185,2025-10-23T00:16:09.005Z,2025-09-27T23:41:32.323Z,lifecycle,False,,8,1,9,0,0.8660254037844387,-0.4999999999999998
2025-09-30 09:00:00+00:00,DE,0.4970414201183432,2025-10-23T00:16:09.136Z,2025-09-27T23:41:44.984Z,lifecycle,False,,9,1,9,0,0.7071067811865476,-0.7071067811865475
2025-09-30 10:00:00+00:00,DE,0.42603550295857984,2025-10-17T00:15:43.488Z,2025-09-27T23:41:57.292Z,lifecycle,False,,10,1,9,0,0.49999999999999994,-0.8660254037844387
2025-09-30 11:00:00+00:00,DE,0.4358974358974359,2025-10-17T00:15:43.622Z,2025-09-27T23:41:32.323Z,lifecycle,False,,11,1,9,0,0.258819045102521,-0.9659258262890682
2025-09-30 12:00:00+00:00,DE,0.4556213017751479,2025-10-17T00:15:43.488Z,2025-09-27T23:41:44.984Z,lifecycle,False,,12,1,9,0,1.2246467991473532e-16,-1.0
2025-09-30 13:00:00+00:00,DE,0.5443786982248521,2025-10-17T00:15:43.488Z,2025-09-27T23:41:32.323Z,lifecycle,False,,13,1,9,0,-0.2588190451025208,-0.9659258262890683
2025-09-30 14:00:00+00:00,DE,0.6449704142011834,2025-10-17T00:15:43.488Z,2025-09-27T23:41:32.323Z,lifecycle,False,,14,1,9,0,-0.4999999999999997,-0.8660254037844388
2025-09-30 15:00:00+00:00,DE,0.7455621301775148,2025-10-23T00:16:09.005Z,2025-09-27T23:41:44.984Z,lifecycle,False,,15,1,9,0,-0.7071067811865471,-0.7071067811865479
2025-09-30 16:00:00+00:00,DE,0.8067061143984221,2025-10-17T00:15:43.488Z,2025-09-27T23:41:44.984Z,lifecycle,False,,16,1,9,0,-0.8660254037844385,-0.5000000000000004
2025-09-30 17:00:00+00:00,DE,0.7928994082840237,2025-10-17T00:15:43.527Z,2025-09-27T23:41:44.984Z,lifecycle,False,,17,1,9,0,-0.9659258262890683,-0.25881904510252063
2025-09-30 18:00:00+00:00,DE,0.777120315581854,2025-10-23T00:16:09.136Z,2025-09-27T23:41:57.292Z,lifecycle,False,,18,1,9,0,-1.0,-1.8369701987210297e-16
2025-09-30 19:00:00+00:00,DE,0.777120315581854,2025-10-17T00:15:43.622Z,2025-09-27T23:41:44.984Z,lifecycle,False,,19,1,9,0,-0.9659258262890684,0.2588190451025203
2025-09-30 20:00:00+00:00,DE,0.7751479289940829,2025-10-23T00:16:28.335Z,2025-09-27T23:41:32.323Z,lifecycle,False,,20,1,9,0,-0.8660254037844386,0.5000000000000001
2025-09-30 21:00:00+00:00,DE,0.7810650887573964,2025-10-23T00:16:09.005Z,2025-09-27T23:41:57.292Z,lifecycle,False,,21,1,9,0,-0.7071067811865477,0.7071067811865474
2025-09-30 22:00:00+00:00,DE,0.8067061143984221,2025-10-23T00:16:09.136Z,2025-09-27T23:41:32.323Z,lifecycle,False,,22,1,9,0,-0.5000000000000004,0.8660254037844384
2025-09-30 23:00:00+00:00,DE,0.8205128205128205,2025-10-10T00:33:49.359Z,2025-09-27T23:41:44.984Z,lifecycle,False,,23,1,9,0,-0.25881904510252157,0.9659258262890681
2025-10-01 00:00:00+00:00,DE,0.834319526627219,2025-10-11T00:34:31.371Z,2025-09-28T22:40:17.823Z,lifecycle,False,,0,2,10,0,0.0,1.0
2025-10-01 01:00:00+00:00,DE,0.8244575936883629,2025-10-11T00:34:31.371Z,2025-09-28T22:40:28.476Z,lifecycle,False,,1,2,10,0,0.25881904510252074,0.9659258262890683
2025-10-01 02:00:00+00:00,DE,0.8067061143984221,2025-10-11T00:34:13.859Z,2025-09-28T23:25:46.714Z,lifecycle,False,,2,2,10,0,0.49999999999999994,0.8660254037844387
2025-10-01 03:00:00+00:00,DE,0.8639053254437871,2025-10-11T00:34:13.859Z,2025-09-28T23:25:28.638Z,lifecycle,False,,3,2,10,0,0.7071067811865476,0.7071067811865476
2025-10-01 04:00:00+00:00,DE,0.8402366863905326,2025-10-11T00:34:31.371Z,2025-09-28T23:25:28.638Z,lifecycle,False,,4,2,10,0,0.8660254037844386,0.5000000000000001
2025-10-01 05:00:00+00:00,DE,0.7988165680473372,2025-10-11T00:34:31.371Z,2025-09-28T23:25:28.638Z,lifecycle,False,,5,2,10,0,0.9659258262890683,0.25881904510252074
2025-10-01 06:00:00+00:00,DE,0.7258382642998028,2025-10-11T00:34:31.371Z,2025-09-28T23:25:28.638Z,lifecycle,False,,6,2,10,0,1.0,6.123233995736766e-17
2025-10-01 07:00:00+00:00,DE,0.6193293885601578,2025-10-11T00:34:31.371Z,2025-09-28T23:25:28.638Z,lifecycle,False,,7,2,10,0,0.9659258262890683,-0.25881904510252063
2025-10-01 08:00:00+00:00,DE,0.5167652859960552,2025-10-11T00:34:13.859Z,2025-09-28T23:25:46.714Z,lifecycle,False,,8,2,10,0,0.8660254037844387,-0.4999999999999998
2025-10-01 09:00:00+00:00,DE,0.4161735700197239,2025-10-11T00:33:48.404Z,2025-09-28T23:25:46.714Z,lifecycle,False,,9,2,10,0,0.7071067811865476,-0.7071067811865475
2025-10-01 10:00:00+00:00,DE,0.33136094674556216,2025-10-11T00:33:48.404Z,2025-09-28T23:25:28.638Z,lifecycle,False,,10,2,10,0,0.49999999999999994,-0.8660254037844387
2025-10-01 11:00:00+00:00,DE,0.319526627218935,2025-10-11T00:34:13.859Z,2025-09-28T23:26:00.363Z,lifecycle,False,,11,2,10,0,0.258819045102521,-0.9659258262890682
2025-10-01 12:00:00+00:00,DE,0.37672583826429984,2025-10-11T00:34:13.859Z,2025-09-28T23:25:28.638Z,lifecycle,False,,12,2,10,0,1.2246467991473532e-16,-1.0
2025-10-01 13:00:00+00:00,DE,0.49506903353057197,2025-10-11T00:34:13.859Z,2025-09-28T23:25:28.638Z,lifecycle,False,,13,2,10,0,-0.2588190451025208,-0.9659258262890683
2025-10-01 14:00:00+00:00,DE,0.6252465483234714,2025-10-11T00:33:48.404Z,2025-09-28T23:25:46.714Z,lifecycle,False,,14,2,10,0,-0.4999999999999997,-0.8660254037844388
2025-10-01 15:00:00+00:00,DE,0.7554240631163708,2025-10-11T00:34:31.371Z,2025-09-28T23:25:28.638Z,lifecycle,False,,15,2,10,0,-0.7071067811865471,-0.7071067811865479
2025-10-01 16:00:00+00:00,DE,0.8382642998027614,2025-10-11T00:34:13.859Z,2025-09-28T23:25:46.714Z,lifecycle,False,,16,2,10,0,-0.8660254037844385,-0.5000000000000004
2025-10-01 17:00:00+00:00,DE,0.8284023668639053,2025-10-11T00:34:31.371Z,2025-09-28T23:25:46.714Z,lifecycle,False,,17,2,10,0,-0.9659258262890683,-0.25881904510252063
2025-10-01 18:00:00+00:00,DE,0.8284023668639053,2025-10-11T00:34:31.371Z,2025-09-28T23:25:46.714Z,lifecycle,False,,18,2,10,0,-1.0,-1.8369701987210297e-16
2025-10-01 19:00:00+00:00,DE,0.8027613412228797,2025-10-11T00:33:48.404Z,2025-09-28T23:25:28.638Z,lifecycle,False,,19,2,10,0,-0.9659258262890684,0.2588190451025203
2025-10-01 20:00:00+00:00,DE,0.7633136094674556,2025-10-11T00:33:48.404Z,2025-09-28T23:26:00.363Z,lifecycle,False,,20,2,10,0,-0.8660254037844386,0.5000000000000001
2025-10-01 21:00:00+00:00,DE,0.7218934911242604,2025-10-11T00:33:48.404Z,2025-09-28T23:26:00.363Z,lifecycle,False,,21,2,10,0,-0.7071067811865477,0.7071067811865474
2025-10-01 22:00:00+00:00,DE,0.7021696252465484,2025-10-11T00:33:48.404Z,2025-09-28T23:25:46.714Z,lifecycle,False,,22,2,10,0,-0.5000000000000004,0.8660254037844384
2025-10-01 23:00:00+00:00,DE,0.7100591715976331,2025-10-12T00:38:07.896Z,2025-09-28T23:26:00.363Z,lifecycle,False,,23,2,10,0,-0.25881904510252157,0.9659258262890681
2025-10-02 00:00:00+00:00,DE,0.7238658777120316,2025-10-11T00:34:31.371Z,2025-09-29T23:27:46.886Z,lifecycle,False,,0,3,10,0,0.0,1.0
2025-10-02 01:00:00+00:00,DE,0.7416173570019724,2025-10-11T00:33:48.404Z,2025-09-29T23:27:19.346Z,lifecycle,False,,1,3,10,0,0.25881904510252074,0.9659258262890683
2025-10-02 02:00:00+00:00,DE,0.7633136094674556,2025-10-11T00:34:31.371Z,2025-09-29T23:27:19.346Z,lifecycle,False,,2,3,10,0,0.49999999999999994,0.8660254037844387
2025-10-02 03:00:00+00:00,DE,0.7889546351084813,2025-10-11T00:34:31.371Z,2025-09-29T23:27:46.886Z,lifecycle,False,,3,3,10,0,0.7071067811865476,0.7071067811865476
2025-10-02 04:00:00+00:00,DE,0.7751479289940829,2025-10-11T00:34:31.371Z,2025-09-29T23:27:46.886Z,lifecycle,False,,4,3,10,0,0.8660254037844386,0.5000000000000001
2025-10-02 05:00:00+00:00,DE,0.73767258382643,2025-10-11T00:34:31.371Z,2025-09-29T23:27:19.346Z,lifecycle,False,,5,3,10,0,0.9659258262890683,0.25881904510252074
2025-10-02 06:00:00+00:00,DE,0.6824457593688363,2025-10-11T00:34:13.859Z,2025-09-29T23:27:19.346Z,lifecycle,False,,6,3,10,0,1.0,6.123233995736766e-17
2025-10-02 07:00:00+00:00,DE,0.5877712031558185,2025-10-11T00:33:48.404Z,2025-09-29T23:27:46.886Z,lifecycle,False,,7,3,10,0,0.9659258262890683,-0.25881904510252063
2025-10-02 08:00:00+00:00,DE,0.44181459566074954,2025-10-11T00:34:13.859Z,2025-09-29T23:27:46.886Z,lifecycle,False,,8,3,10,0,0.8660254037844387,-0.4999999999999998
2025-10-02 09:00:00+00:00,DE,0.3057199211045365,2025-10-11T00:34:13.859Z,2025-09-29T23:27:58.168Z,lifecycle,False,,9,3,10,0,0.7071067811865476,-0.7071067811865475
2025-10-02 10:00:00+00:00,DE,0.24260355029585803,2025-10-11T00:34:13.859Z,2025-09-29T23:27:19.346Z,lifecycle,False,,10,3,10,0,0.49999999999999994,-0.8660254037844387
2025-10-02 11:00:00+00:00,DE,0.23274161735700197,2025-10-11T00:34:13.859Z,2025-09-29T23:27:46.886Z,lifecycle,False,,11,3,10,0,0.258819045102521,-0.9659258262890682
2025-10-02 12:00:00+00:00,DE,0.25049309664694286,2025-10-11T00:34:13.859Z,2025-09-29T23:27:46.886Z,lifecycle,False,,12,3,10,0,1.2246467991473532e-16,-1.0
2025-10-02 13:00:00+00:00,DE,0.29980276134122286,2025-10-11T00:33:48.404Z,2025-09-29T23:27:19.346Z,lifecycle,False,,13,3,10,0,-0.2588190451025208,-0.9659258262890683
2025-10-02 14:00:00+00:00,DE,0.43984220907297833,2025-10-11T00:33:48.404Z,2025-09-29T23:27:58.168Z,lifecycle,False,,14,3,10,0,-0.4999999999999997,-0.8660254037844388
2025-10-02 15:00:00+00:00,DE,0.6351084812623274,2025-10-11T00:34:13.859Z,2025-09-29T23:27:58.168Z,lifecycle,False,,15,3,10,0,-0.7071067811865471,-0.7071067811865479
2025-10-02 16:00:00+00:00,DE,0.7455621301775148,2025-10-11T00:34:31.371Z,2025-09-29T23:27:19.346Z,lifecycle,False,,16,3,10,0,-0.8660254037844385,-0.5000000000000004
2025-10-02 17:00:00+00:00,DE,0.727810650887574,2025-10-11T00:34:41.020Z,2025-09-29T23:27:19.346Z,lifecycle,False,,17,3,10,0,-0.9659258262890683,-0.25881904510252063
2025-10-02 18:00:00+00:00,DE,0.6883629191321499,2025-10-11T00:34:00.063Z,2025-09-29T23:27:19.346Z,lifecycle,False,,18,3,10,0,-1.0,-1.8369701987210297e-16
2025-10-02 19:00:00+00:00,DE,0.6232741617357002,2025-10-11T00:34:23.928Z,2025-09-29T23:27:19.346Z,lifecycle,False,,19,3,10,0,-0.9659258262890684,0.2588190451025203
2025-10-02 20:00:00+00:00,DE,0.5759368836291914,2025-10-11T00:34:41.020Z,2025-09-29T23:27:58.168Z,lifecycle,False,,20,3,10,0,-0.8660254037844386,0.5000000000000001
2025-10-02 21:00:00+00:00,DE,0.5167652859960552,2025-10-11T00:34:23.928Z,2025-09-29T23:27:46.886Z,lifecycle,False,,21,3,10,0,-0.7071067811865477,0.7071067811865474
2025-10-02 22:00:00+00:00,DE,0.45759368836291914,2025-10-11T00:34:00.063Z,2025-09-29T23:27:46.886Z,lifecycle,False,,22,3,10,0,-0.5000000000000004,0.8660254037844384
2025-10-02 23:00:00+00:00,DE,0.4181459566074951,2025-10-12T00:38:07.896Z,2025-09-29T23:27:19.346Z,lifecycle,False,,23,3,10,0,-0.25881904510252157,0.9659258262890681
2025-10-03 00:00:00+00:00,DE,0.3747534516765286,2025-10-12T00:37:50.999Z,2025-09-30T22:40:09.291Z,lifecycle,False,,0,4,10,0,0.0,1.0
2025-10-03 01:00:00+00:00,DE,0.36291913214990135,2025-10-12T00:38:07.896Z,2025-09-30T22:40:36.478Z,lifecycle,False,,1,4,10,0,0.25881904510252074,0.9659258262890683
2025-10-03 02:00:00+00:00,DE,0.3708086785009862,2025-10-12T00:38:30.714Z,2025-09-30T23:55:20.759Z,lifecycle,False,,2,4,10,0,0.49999999999999994,0.8660254037844387
2025-10-03 03:00:00+00:00,DE,0.388560157790927,2025-10-12T00:38:30.714Z,2025-09-30T23:55:31.672Z,lifecycle,False,,3,4,10,0,0.7071067811865476,0.7071067811865476
2025-10-03 04:00:00+00:00,DE,0.41222879684418146,2025-10-12T00:38:07.896Z,2025-09-30T23:55:20.759Z,lifecycle,False,,4,4,10,0,0.8660254037844386,0.5000000000000001
2025-10-03 05:00:00+00:00,DE,0.41222879684418146,2025-10-12T00:38:07.896Z,2025-09-30T23:55:31.672Z,lifecycle,False,,5,4,10,0,0.9659258262890683,0.25881904510252074
2025-10-03 06:00:00+00:00,DE,0.33333333333333337,2025-10-12T00:37:50.999Z,2025-09-30T23:55:31.672Z,lifecycle,False,,6,4,10,0,1.0,6.123233995736766e-17
2025-10-03 07:00:00+00:00,DE,0.21301775147928995,2025-10-12T00:38:30.714Z,2025-09-30T23:55:20.759Z,lifecycle,False,,7,4,10,0,0.9659258262890683,-0.25881904510252063
2025-10-03 08:00:00+00:00,DE,0.13214990138067065,2025-10-12T00:38:30.714Z,2025-09-30T23:55:31.672Z,lifecycle,False,,8,4,10,0,0.8660254037844387,-0.4999999999999998
2025-10-03 09:00:00+00:00,DE,0.09861932938856019,2025-10-12T00:38:30.714Z,2025-09-30T23:55:20.759Z,lifecycle,False,,9,4,10,0,0.7071067811865476,-0.7071067811865475
2025-10-03 10:00:00+00:00,DE,0.08284023668639054,2025-10-12T00:38:30.714Z,2025-09-30T23:55:08.546Z,lifecycle,False,,10,4,10,0,0.49999999999999994,-0.8660254037844387
2025-10-03 11:00:00+00:00,DE,0.07692307692307693,2025-10-12T00:37:50.999Z,2025-09-30T23:55:20.759Z,lifecycle,False,,11,4,10,0,0.258819045102521,-0.9659258262890682
2025-10-03 12:00:00+00:00,DE,0.08678500986193294,2025-10-12T00:37:50.999Z,2025-09-30T23:55:08.546Z,lifecycle,False,,12,4,10,0,1.2246467991473532e-16,-1.0
2025-10-03 13:00:00+00:00,DE,0.10650887573964499,2025-10-12T00:38:07.896Z,2025-09-30T23:55:31.672Z,lifecycle,False,,13,4,10,0,-0.2588190451025208,-0.9659258262890683
2025-10-03 14:00:00+00:00,DE,0.15384615384615388,2025-10-12T00:38:30.714Z,2025-09-30T23:55:31.672Z,lifecycle,False,,14,4,10,0,-0.4999999999999997,-0.8660254037844388
2025-10-03 15:00:00+00:00,DE,0.23471400394477318,2025-10-12T00:38:07.896Z,2025-09-30T23:55:08.546Z,lifecycle,False,,15,4,10,0,-0.7071067811865471,-0.7071067811865479
2025-10-03 16:00:00+00:00,DE,0.29388560157790933,2025-10-12T00:38:17.488Z,2025-09-30T23:55:20.759Z,lifecycle,False,,16,4,10,0,-0.8660254037844385,-0.5000000000000004
2025-10-03 17:00:00+00:00,DE,0.26429980276134124,2025-10-12T00:38:01.782Z,2025-09-30T23:55:31.672Z,lifecycle,False,,17,4,10,0,-0.9659258262890683,-0.25881904510252063
2025-10-03 18:00:00+00:00,DE,0.19723865877712035,2025-10-12T00:38:17.488Z,2025-09-30T23:55:31.672Z,lifecycle,False,,18,4,10,0,-1.0,-1.8369701987210297e-16
2025-10-03 19:00:00+00:00,DE,0.1637080867850099,2025-10-12T00:38:30.714Z,2025-09-30T23:55:08.546Z,lifecycle,False,,19,4,10,0,-0.9659258262890684,0.2588190451025203
2025-10-03 20:00:00+00:00,DE,0.15384615384615388,2025-10-12T00:38:01.782Z,2025-09-30T23:55:08.546Z,lifecycle,False,,20,4,10,0,-0.8660254037844386,0.5000000000000001
2025-10-03 21:00:00+00:00,DE,0.13609467455621302,2025-10-12T00:38:01.782Z,2025-09-30T23:55:08.546Z,lifecycle,False,,21,4,10,0,-0.7071067811865477,0.7071067811865474
2025-10-03 22:00:00+00:00,DE,0.12031558185404342,2025-10-12T00:38:01.782Z,2025-09-30T23:55:08.546Z,lifecycle,False,,22,4,10,0,-0.5000000000000004,0.8660254037844384
2025-10-03 23:00:00+00:00,DE,0.10650887573964499,2025-10-13T00:30:40.036Z,2025-09-30T23:55:31.672Z,lifecycle,False,,23,4,10,0,-0.25881904510252157,0.9659258262890681
2025-10-04 00:00:00+00:00,DE,0.10453648915187377,2025-10-14T00:32:40.208Z,2025-10-01T22:39:56.342Z,lifecycle,False,,0,5,10,1,0.0,1.0
2025-10-04 01:00:00+00:00,DE,0.10650887573964499,2025-10-13T00:30:13.167Z,2025-10-01T22:40:11.868Z,lifecycle,False,,1,5,10,1,0.25881904510252074,0.9659258262890683
2025-10-04 02:00:00+00:00,DE,0.11045364891518741,2025-10-13T00:30:40.036Z,2025-10-02T00:09:49.381Z,lifecycle,False,,2,5,10,1,0.49999999999999994,0.8660254037844387
2025-10-04 03:00:00+00:00,DE,0.09664694280078898,2025-10-13T00:30:36.092Z,2025-10-02T00:10:01.131Z,lifecycle,False,,3,5,10,1,0.7071067811865476,0.7071067811865476
2025-10-04 04:00:00+00:00,DE,0.08481262327416175,2025-10-13T00:30:13.167Z,2025-10-02T00:09:34.641Z,lifecycle,False,,4,5,10,1,0.8660254037844386,0.5000000000000001
2025-10-04 05:00:00+00:00,DE,0.061143984220907305,2025-10-13T00:30:13.167Z,2025-10-02T00:09:34.641Z,lifecycle,False,,5,5,10,1,0.9659258262890683,0.25881904510252074
2025-10-04 06:00:00+00:00,DE,0.04930966469428008,2025-10-13T00:30:40.036Z,2025-10-02T00:09:34.641Z,lifecycle,False,,6,5,10,1,1.0,6.123233995736766e-17
2025-10-04 07:00:00+00:00,DE,0.06706114398422092,2025-10-13T00:30:13.167Z,2025-10-02T00:10:01.131Z,lifecycle,False,,7,5,10,1,0.9659258262890683,-0.25881904510252063
2025-10-04 08:00:00+00:00,DE,0.06311637080867852,2025-10-13T00:30:36.092Z,2025-10-02T00:10:01.131Z,lifecycle,False,,8,5,10,1,0.8660254037844387,-0.4999999999999998
2025-10-04 09:00:00+00:00,DE,0.047337278106508895,2025-10-13T00:30:36.092Z,2025-10-02T00:10:01.131Z,lifecycle,False,,9,5,10,1,0.7071067811865476,-0.7071067811865475
2025-10-04 10:00:00+00:00,DE,0.03747534516765286,2025-10-13T00:30:36.092Z,2025-10-02T00:09:49.381Z,lifecycle,False,,10,5,10,1,0.49999999999999994,-0.8660254037844387
2025-10-04 11:00:00+00:00,DE,0.03747534516765286,2025-10-13T00:30:40.036Z,2025-10-02T00:10:01.131Z,lifecycle,False,,11,5,10,1,0.258819045102521,-0.9659258262890682
2025-10-04 12:00:00+00:00,DE,0.03944773175542407,2025-10-13T00:30:36.092Z,2025-10-02T00:10:01.131Z,lifecycle,False,,12,5,10,1,1.2246467991473532e-16,-1.0
2025-10-04 13:00:00+00:00,DE,0.041420118343195284,2025-10-13T00:30:40.036Z,2025-10-02T00:09:49.381Z,lifecycle,False,,13,5,10,1,-0.2588190451025208,-0.9659258262890683
2025-10-04 14:00:00+00:00,DE,0.041420118343195284,2025-10-13T00:30:40.036Z,2025-10-02T00:10:01.131Z,lifecycle,False,,14,5,10,1,-0.4999999999999997,-0.8660254037844388
2025-10-04 15:00:00+00:00,DE,0.047337278106508895,2025-10-13T00:30:36.092Z,2025-10-02T00:10:01.131Z,lifecycle,False,,15,5,10,1,-0.7071067811865471,-0.7071067811865479
2025-10-04 16:00:00+00:00,DE,0.057199211045364906,2025-10-13T00:30:23.262Z,2025-10-02T00:10:01.131Z,lifecycle,False,,16,5,10,1,-0.8660254037844385,-0.5000000000000004
2025-10-04 17:00:00+00:00,DE,0.06311637080867852,2025-10-13T00:30:23.262Z,2025-10-02T00:09:49.381Z,lifecycle,False,,17,5,10,1,-0.9659258262890683,-0.25881904510252063
2025-10-04 18:00:00+00:00,DE,0.061143984220907305,2025-10-13T00:30:23.262Z,2025-10-02T00:09:34.641Z,lifecycle,False,,18,5,10,1,-1.0,-1.8369701987210297e-16
2025-10-04 19:00:00+00:00,DE,0.061143984220907305,2025-10-13T00:30:45.576Z,2025-10-02T00:10:01.131Z,lifecycle,False,,19,5,10,1,-0.9659258262890684,0.2588190451025203
2025-10-04 20:00:00+00:00,DE,0.06311637080867852,2025-10-13T00:30:45.576Z,2025-10-02T00:09:34.641Z,lifecycle,False,,20,5,10,1,-0.8660254037844386,0.5000000000000001
2025-10-04 21:00:00+00:00,DE,0.05917159763313609,2025-10-13T00:30:23.262Z,2025-10-02T00:09:49.381Z,lifecycle,False,,21,5,10,1,-0.7071067811865477,0.7071067811865474
2025-10-04 22:00:00+00:00,DE,0.06706114398422092,2025-10-12T00:38:36.047Z,2025-10-02T00:09:49.381Z,lifecycle,False,,22,5,10,1,-0.5000000000000004,0.8660254037844384
2025-10-04 23:00:00+00:00,DE,0.06903353057199213,2025-10-15T00:31:45.874Z,2025-10-02T00:09:34.641Z,lifecycle,False,,23,5,10,1,-0.25881904510252157,0.9659258262890681
2025-10-05 00:00:00+00:00,DE,0.07692307692307693,2025-10-14T00:32:18.744Z,2025-10-02T21:12:26.247Z,lifecycle,False,,0,6,10,1,0.0,1.0
2025-10-05 01:00:00+00:00,DE,0.07692307692307693,2025-10-14T00:32:48.177Z,2025-10-02T21:11:46.978Z,lifecycle,False,,1,6,10,1,0.25881904510252074,0.9659258262890683
2025-10-05 02:00:00+00:00,DE,0.07889546351084814,2025-10-14T00:32:48.177Z,2025-10-02T21:11:46.978Z,lifecycle,False,,2,6,10,1,0.49999999999999994,0.8660254037844387
2025-10-05 03:00:00+00:00,DE,0.08086785009861935,2025-10-14T00:32:40.208Z,2025-10-02T21:12:26.247Z,lifecycle,False,,3,6,10,1,0.7071067811865476,0.7071067811865476
2025-10-05 04:00:00+00:00,DE,0.07889546351084814,2025-10-14T00:32:48.177Z,2025-10-02T21:11:55.226Z,lifecycle,False,,4,6,10,1,0.8660254037844386,0.5000000000000001
2025-10-05 05:00:00+00:00,DE,0.07297830374753453,2025-10-14T00:32:40.208Z,2025-10-02T21:11:55.226Z,lifecycle,False,,5,6,10,1,0.9659258262890683,0.25881904510252074
2025-10-05 06:00:00+00:00,DE,0.061143984220907305,2025-10-14T00:32:40.208Z,2025-10-02T21:12:26.247Z,lifecycle,False,,6,6,10,1,1.0,6.123233995736766e-17
2025-10-05 07:00:00+00:00,DE,0.05325443786982251,2025-10-14T00:32:18.744Z,2025-10-02T21:11:46.978Z,lifecycle,False,,7,6,10,1,0.9659258262890683,-0.25881904510252063
2025-10-05 08:00:00+00:00,DE,0.047337278106508895,2025-10-14T00:32:18.744Z,2025-10-02T21:11:55.226Z,lifecycle,False,,8,6,10,1,0.8660254037844387,-0.4999999999999998
2025-10-05 09:00:00+00:00,DE,0.04536489151873768,2025-10-14T00:32:48.177Z,2025-10-02T21:12:26.247Z,lifecycle,False,,9,6,10,1,0.7071067811865476,-0.7071067811865475
2025-10-05 10:00:00+00:00,DE,0.03944773175542407,2025-10-14T00:32:18.744Z,2025-10-02T21:11:55.226Z,lifecycle,False,,10,6,10,1,0.49999999999999994,-0.8660254037844387
2025-10-05 11:00:00+00:00,DE,0.03944773175542407,2025-10-14T00:32:18.744Z,2025-10-02T21:11:55.226Z,lifecycle,False,,11,6,10,1,0.258819045102521,-0.9659258262890682
2025-10-05 12:00:00+00:00,DE,0.04339250493096647,2025-10-14T00:32:40.208Z,2025-10-02T21:11:46.978Z,lifecycle,False,,12,6,10,1,1.2246467991473532e-16,-1.0
2025-10-05 13:00:00+00:00,DE,0.04930966469428008,2025-10-14T00:32:48.177Z,2025-10-02T21:11:46.978Z,lifecycle,False,,13,6,10,1,-0.2588190451025208,-0.9659258262890683
2025-10-05 14:00:00+00:00,DE,0.05917159763313609,2025-10-14T00:32:40.208Z,2025-10-02T21:11:55.226Z,lifecycle,False,,14,6,10,1,-0.4999999999999997,-0.8660254037844388
2025-10-05 15:00:00+00:00,DE,0.08086785009861935,2025-10-14T00:32:40.208Z,2025-10-02T21:11:46.978Z,lifecycle,False,,15,6,10,1,-0.7071067811865471,-0.7071067811865479
2025-10-05 16:00:00+00:00,DE,0.13609467455621302,2025-10-15T00:31:45.874Z,2025-10-02T21:12:26.247Z,lifecycle,False,,16,6,10,1,-0.8660254037844385,-0.5000000000000004
2025-10-05 17:00:00+00:00,DE,0.18343195266272191,2025-10-15T00:31:45.874Z,2025-10-02T21:11:55.226Z,lifecycle,False,,17,6,10,1,-0.9659258262890683,-0.25881904510252063
2025-10-05 18:00:00+00:00,DE,0.1735700197238659,2025-10-15T00:31:50.874Z,2025-10-02T21:11:55.226Z,lifecycle,False,,18,6,10,1,-1.0,-1.8369701987210297e-16
2025-10-05 19:00:00+00:00,DE,0.1656804733727811,2025-10-15T00:31:50.874Z,2025-10-02T21:12:26.247Z,lifecycle,False,,19,6,10,1,-0.9659258262890684,0.2588190451025203
2025-10-05 20:00:00+00:00,DE,0.14990138067061146,2025-10-14T00:32:29.614Z,2025-10-02T21:12:26.247Z,lifecycle,False,,20,6,10,1,-0.8660254037844386,0.5000000000000001
2025-10-05 21:00:00+00:00,DE,0.1242603550295858,2025-10-15T00:31:50.874Z,2025-10-02T21:11:46.978Z,lifecycle,False,,21,6,10,1,-0.7071067811865477,0.7071067811865474
2025-10-05 22:00:00+00:00,DE,0.126232741617357,2025-10-13T00:30:49.324Z,2025-10-02T23:55:30.369Z,lifecycle,False,,22,6,10,1,-0.5000000000000004,0.8660254037844384
2025-10-05 23:00:00+00:00,DE,0.10256410256410256,2025-10-15T00:31:26.023Z,2025-10-02T23:56:13.555Z,lifecycle,False,,23,6,10,1,-0.25881904510252157,0.9659258262890681
2025-10-06 00:00:00+00:00,DE,0.1084812623274162,2025-10-15T00:31:26.023Z,2025-10-03T21:10:48.574Z,lifecycle,False,,0,0,10,0,0.0,1.0
2025-10-06 01:00:00+00:00,DE,0.12031558185404342,2025-10-15T00:31:50.874Z,2025-10-03T21:11:07.634Z,lifecycle,False,,1,0,10,0,0.25881904510252074,0.9659258262890683
2025-10-06 02:00:00+00:00,DE,0.1341222879684418,2025-10-15T00:31:26.023Z,2025-10-03T21:11:07.634Z,lifecycle,False,,2,0,10,0,0.49999999999999994,0.8660254037844387
2025-10-06 03:00:00+00:00,DE,0.1735700197238659,2025-10-15T00:31:45.874Z,2025-10-03T21:10:48.574Z,lifecycle,False,,3,0,10,0,0.7071067811865476,0.7071067811865476
2025-10-06 04:00:00+00:00,DE,0.25246548323471407,2025-10-15T00:31:45.874Z,2025-10-03T21:10:48.574Z,lifecycle,False,,4,0,10,0,0.8660254037844386,0.5000000000000001
2025-10-06 05:00:00+00:00,DE,0.3372781065088758,2025-10-15T00:31:45.874Z,2025-10-03T21:10:48.574Z,lifecycle,False,,5,0,10,0,0.9659258262890683,0.25881904510252074
2025-10-06 06:00:00+00:00,DE,0.38067061143984215,2025-10-15T00:31:45.874Z,2025-10-03T21:11:25.087Z,lifecycle,False,,6,0,10,0,1.0,6.123233995736766e-17
2025-10-06 07:00:00+00:00,DE,0.3747534516765286,2025-10-15T00:31:50.874Z,2025-10-03T21:11:25.087Z,lifecycle,False,,7,0,10,0,0.9659258262890683,-0.25881904510252063
2025-10-06 08:00:00+00:00,DE,0.3846153846153846,2025-10-15T00:31:45.874Z,2025-10-03T21:10:48.574Z,lifecycle,False,,8,0,10,0,0.8660254037844387,-0.4999999999999998
2025-10-06 09:00:00+00:00,DE,0.38264299802761337,2025-10-15T00:31:45.874Z,2025-10-03T21:11:25.087Z,lifecycle,False,,9,0,10,0,0.7071067811865476,-0.7071067811865475
2025-10-06 10:00:00+00:00,DE,0.37869822485207105,2025-10-15T00:31:26.023Z,2025-10-03T21:10:48.574Z,lifecycle,False,,10,0,10,0,0.49999999999999994,-0.8660254037844387
2025-10-06 11:00:00+00:00,DE,0.38264299802761337,2025-10-15T00:31:50.874Z,2025-10-03T21:11:25.087Z,lifecycle,False,,11,0,10,0,0.258819045102521,-0.9659258262890682
2025-10-06 12:00:00+00:00,DE,0.4043392504930966,2025-10-15T00:31:26.023Z,2025-10-03T21:11:07.634Z,lifecycle,False,,12,0,10,0,1.2246467991473532e-16,-1.0
2025-10-06 13:00:00+00:00,DE,0.44181459566074954,2025-10-15T00:31:26.023Z,2025-10-03T21:11:07.634Z,lifecycle,False,,13,0,10,0,-0.2588190451025208,-0.9659258262890683
2025-10-06 14:00:00+00:00,DE,0.504930966469428,2025-10-15T00:31:50.874Z,2025-10-03T21:11:25.087Z,lifecycle,False,,14,0,10,0,-0.4999999999999997,-0.8660254037844388
2025-10-06 15:00:00+00:00,DE,0.5483234714003945,2025-10-15T00:31:45.874Z,2025-10-03T21:10:48.574Z,lifecycle,False,,15,0,10,0,-0.7071067811865471,-0.7071067811865479
2025-10-06 16:00:00+00:00,DE,0.5936883629191322,2025-10-15T00:31:59.273Z,2025-10-03T21:11:25.087Z,lifecycle,False,,16,0,10,0,-0.8660254037844385,-0.5000000000000004
2025-10-06 17:00:00+00:00,DE,0.6193293885601578,2025-10-15T00:31:54.444Z,2025-10-03T21:10:48.574Z,lifecycle,False,,17,0,10,0,-0.9659258262890683,-0.25881904510252063
2025-10-06 18:00:00+00:00,DE,0.6568047337278107,2025-10-15T00:31:59.273Z,2025-10-03T21:11:25.087Z,lifecycle,False,,18,0,10,0,-1.0,-1.8369701987210297e-16
2025-10-06 19:00:00+00:00,DE,0.6962524654832347,2025-10-15T00:31:54.444Z,2025-10-03T21:11:25.087Z,lifecycle,False,,19,0,10,0,-0.9659258262890684,0.2588190451025203
2025-10-06 20:00:00+00:00,DE,0.7435897435897436,2025-10-15T00:31:59.273Z,2025-10-03T21:11:07.634Z,lifecycle,False,,20,0,10,0,-0.8660254037844386,0.5000000000000001
2025-10-06 21:00:00+00:00,DE,0.7712031558185405,2025-10-15T00:31:35.530Z,2025-10-03T21:11:07.634Z,lifecycle,False,,21,0,10,0,-0.7071067811865477,0.7071067811865474
2025-10-06 22:00:00+00:00,DE,0.7869822485207101,2025-10-14T00:32:29.614Z,2025-10-03T23:45:05.909Z,lifecycle,False,,22,0,10,0,-0.5000000000000004,0.8660254037844384
2025-10-06 23:00:00+00:00,DE,0.8086785009861933,2025-10-14T00:32:58.724Z,2025-10-03T23:45:05.909Z,lifecycle,False,,23,0,10,0,-0.25881904510252157,0.9659258262890681
2025-10-07 00:00:00+00:00,DE,0.8323471400394478,2025-10-16T00:33:09.017Z,2025-10-04T22:41:07.846Z,lifecycle,False,,0,1,10,0,0.0,1.0
2025-10-07 01:00:00+00:00,DE,0.8441814595660749,2025-10-14T00:32:50.177Z,2025-10-04T22:40:36.796Z,lifecycle,False,,1,1,10,0,0.25881904510252074,0.9659258262890683
2025-10-07 02:00:00+00:00,DE,0.8382642998027614,2025-10-14T00:32:29.614Z,2025-10-04T23:56:05.076Z,lifecycle,False,,2,1,10,0,0.49999999999999994,0.8660254037844387
2025-10-07 03:00:00+00:00,DE,0.8362919132149902,2025-10-14T00:32:58.724Z,2025-10-04T23:56:05.076Z,lifecycle,False,,3,1,10,0,0.7071067811865476,0.7071067811865476
2025-10-07 04:00:00+00:00,DE,0.8126232741617357,2025-10-14T00:32:29.614Z,2025-10-04T23:55:48.559Z,lifecycle,False,,4,1,10,0,0.8660254037844386,0.5000000000000001
2025-10-07 05:00:00+00:00,DE,0.7948717948717949,2025-10-15T00:31:59.273Z,2025-10-04T23:55:48.559Z,lifecycle,False,,5,1,10,0,0.9659258262890683,0.25881904510252074
2025-10-07 06:00:00+00:00,DE,0.7692307692307693,2025-10-16T00:33:31.809Z,2025-10-04T23:55:18.487Z,lifecycle,False,,6,1,10,0,1.0,6.123233995736766e-17
2025-10-07 07:00:00+00:00,DE,0.7357001972386588,2025-10-16T00:33:09.017Z,2025-10-04T23:55:18.487Z,lifecycle,False,,7,1,10,0,0.9659258262890683,-0.25881904510252063
2025-10-07 08:00:00+00:00,DE,0.6923076923076923,2025-10-16T00:33:31.809Z,2025-10-04T23:56:05.076Z,lifecycle,False,,8,1,10,0,0.8660254037844387,-0.4999999999999998
2025-10-07 09:00:00+00:00,DE,0.650887573964497,2025-10-16T00:33:09.017Z,2025-10-04T23:55:18.487Z,lifecycle,False,,9,1,10,0,0.7071067811865476,-0.7071067811865475
2025-10-07 10:00:00+00:00,DE,0.6193293885601578,2025-10-16T00:33:09.017Z,2025-10-04T23:55:48.559Z,lifecycle,False,,10,1,10,0,0.49999999999999994,-0.8660254037844387
2025-10-07 11:00:00+00:00,DE,0.6153846153846154,2025-10-16T00:33:34.795Z,2025-10-04T23:56:05.076Z,lifecycle,False,,11,1,10,0,0.258819045102521,-0.9659258262890682
2025-10-07 12:00:00+00:00,DE,0.6351084812623274,2025-10-16T00:33:31.809Z,2025-10-04T23:55:48.559Z,lifecycle,False,,12,1,10,0,1.2246467991473532e-16,-1.0
2025-10-07 13:00:00+00:00,DE,0.6666666666666666,2025-10-16T00:33:34.795Z,2025-10-04T23:55:18.487Z,lifecycle,False,,13,1,10,0,-0.2588190451025208,-0.9659258262890683
2025-10-07 14:00:00+00:00,DE,0.7001972386587771,2025-10-16T00:33:09.017Z,2025-10-04T23:55:18.487Z,lifecycle,False,,14,1,10,0,-0.4999999999999997,-0.8660254037844388
2025-10-07 15:00:00+00:00,DE,0.747534516765286,2025-10-16T00:33:31.809Z,2025-10-04T23:55:18.487Z,lifecycle,False,,15,1,10,0,-0.7071067811865471,-0.7071067811865479
2025-10-07 16:00:00+00:00,DE,0.7790927021696252,2025-10-15T00:31:59.273Z,2025-10-04T23:56:05.076Z,lifecycle,False,,16,1,10,0,-0.8660254037844385,-0.5000000000000004
2025-10-07 17:00:00+00:00,DE,0.7751479289940829,2025-10-15T00:31:54.444Z,2025-10-04T23:56:05.076Z,lifecycle,False,,17,1,10,0,-0.9659258262890683,-0.25881904510252063
2025-10-07 18:00:00+00:00,DE,0.8047337278106509,2025-10-15T00:31:59.273Z,2025-10-04T23:55:48.559Z,lifecycle,False,,18,1,10,0,-1.0,-1.8369701987210297e-16
2025-10-07 19:00:00+00:00,DE,0.8185404339250494,2025-10-15T00:31:35.530Z,2025-10-04T23:56:05.076Z,lifecycle,False,,19,1,10,0,-0.9659258262890684,0.2588190451025203
2025-10-07 20:00:00+00:00,DE,0.8303747534516766,2025-10-15T00:31:35.530Z,2025-10-04T23:56:05.076Z,lifecycle,False,,20,1,10,0,-0.8660254037844386,0.5000000000000001
2025-10-07 21:00:00+00:00,DE,0.8520710059171598,2025-10-14T00:32:54.738Z,2025-10-04T23:56:05.076Z,lifecycle,False,,21,1,10,0,-0.7071067811865477,0.7071067811865474
2025-10-07 22:00:00+00:00,DE,0.8658777120315583,2025-10-14T00:33:03.303Z,2025-10-04T23:56:05.076Z,lifecycle,False,,22,1,10,0,-0.5000000000000004,0.8660254037844384
2025-10-07 23:00:00+00:00,DE,0.854043392504931,2025-10-17T00:31:47.146Z,2025-10-04T23:55:18.487Z,lifecycle,False,,23,1,10,0,-0.25881904510252157,0.9659258262890681
2025-10-08 00:00:00+00:00,DE,0.8461538461538461,2025-10-17T00:31:22.696Z,2025-10-05T22:40:38.322Z,lifecycle,False,,0,2,10,0,0.0,1.0
2025-10-08 01:00:00+00:00,DE,0.8461538461538461,2025-10-17T00:31:47.146Z,2025-10-05T22:40:38.322Z,lifecycle,False,,1,2,10,0,0.25881904510252074,0.9659258262890683
2025-10-08 02:00:00+00:00,DE,0.8560157790927022,2025-10-17T00:31:22.696Z,2025-10-05T23:41:59.142Z,lifecycle,False,,2,2,10,0,0.49999999999999994,0.8660254037844387
2025-10-08 03:00:00+00:00,DE,0.8737672583826431,2025-10-17T00:31:42.444Z,2025-10-05T23:41:59.142Z,lifecycle,False,,3,2,10,0,0.7071067811865476,0.7071067811865476
2025-10-08 04:00:00+00:00,DE,0.8500986193293886,2025-10-17T00:31:47.146Z,2025-10-05T23:42:12.367Z,lifecycle,False,,4,2,10,0,0.8660254037844386,0.5000000000000001
2025-10-08 05:00:00+00:00,DE,0.8224852071005917,2025-10-17T00:31:42.444Z,2025-10-05T23:41:59.142Z,lifecycle,False,,5,2,10,0,0.9659258262890683,0.25881904510252074
2025-10-08 06:00:00+00:00,DE,0.7928994082840237,2025-10-18T00:29:34.439Z,2025-10-05T23:42:24.437Z,lifecycle,False,,6,2,10,0,1.0,6.123233995736766e-17
2025-10-08 07:00:00+00:00,DE,0.7593688362919132,2025-10-18T00:29:14.611Z,2025-10-05T23:42:12.367Z,lifecycle,False,,7,2,10,0,0.9659258262890683,-0.25881904510252063
2025-10-08 08:00:00+00:00,DE,0.7140039447731755,2025-10-18T00:29:34.439Z,2025-10-05T23:42:24.437Z,lifecycle,False,,8,2,10,0,0.8660254037844387,-0.4999999999999998
2025-10-08 09:00:00+00:00,DE,0.6528599605522682,2025-10-17T00:31:47.146Z,2025-10-05T23:42:12.367Z,lifecycle,False,,9,2,10,0,0.7071067811865476,-0.7071067811865475
2025-10-08 10:00:00+00:00,DE,0.6055226824457594,2025-10-16T00:33:43.163Z,2025-10-05T23:41:59.142Z,lifecycle,False,,10,2,10,0,0.49999999999999994,-0.8660254037844387
2025-10-08 11:00:00+00:00,DE,0.5897435897435898,2025-10-16T00:33:43.163Z,2025-10-05T23:41:59.142Z,lifecycle,False,,11,2,10,0,0.258819045102521,-0.9659258262890682
2025-10-08 12:00:00+00:00,DE,0.6153846153846154,2025-10-16T00:33:43.163Z,2025-10-05T23:41:59.142Z,lifecycle,False,,12,2,10,0,1.2246467991473532e-16,-1.0
2025-10-08 13:00:00+00:00,DE,0.6607495069033531,2025-10-17T00:31:42.444Z,2025-10-05T23:42:12.367Z,lifecycle,False,,13,2,10,0,-0.2588190451025208,-0.9659258262890683
2025-10-08 14:00:00+00:00,DE,0.7416173570019724,2025-10-17T00:31:42.444Z,2025-10-05T23:42:24.437Z,lifecycle,False,,14,2,10,0,-0.4999999999999997,-0.8660254037844388
2025-10-08 15:00:00+00:00,DE,0.8007889546351085,2025-10-17T00:31:22.696Z,2025-10-05T23:41:59.142Z,lifecycle,False,,15,2,10,0,-0.7071067811865471,-0.7071067811865479
2025-10-08 16:00:00+00:00,DE,0.8422090729783037,2025-10-17T00:31:56.005Z,2025-10-05T23:42:12.367Z,lifecycle,False,,16,2,10,0,-0.8660254037844385,-0.5000000000000004
2025-10-08 17:00:00+00:00,DE,0.8560157790927022,2025-10-17T00:31:31.467Z,2025-10-05T23:41:59.142Z,lifecycle,False,,17,2,10,0,-0.9659258262890683,-0.25881904510252063
2025-10-08 18:00:00+00:00,DE,0.8698224852071007,2025-10-17T00:31:31.467Z,2025-10-05T23:42:12.367Z,lifecycle,False,,18,2,10,0,-1.0,-1.8369701987210297e-16
2025-10-08 19:00:00+00:00,DE,0.8954635108481263,2025-10-17T00:31:56.005Z,2025-10-05T23:41:59.142Z,lifecycle,False,,19,2,10,0,-0.9659258262890684,0.2588190451025203
2025-10-08 20:00:00+00:00,DE,0.9132149901380672,2025-10-17T00:31:31.467Z,2025-10-05T23:42:24.437Z,lifecycle,False,,20,2,10,0,-0.8660254037844386,0.5000000000000001
2025-10-08 21:00:00+00:00,DE,0.9132149901380672,2025-10-16T00:33:17.975Z,2025-10-05T23:41:59.142Z,lifecycle,False,,21,2,10,0,-0.7071067811865477,0.7071067811865474
2025-10-08 22:00:00+00:00,DE,0.9250493096646942,2025-10-17T00:31:52.787Z,2025-10-05T23:41:59.142Z,lifecycle,False,,22,2,10,0,-0.5000000000000004,0.8660254037844384
2025-10-08 23:00:00+00:00,DE,0.9388560157790927,2025-10-18T00:29:14.611Z,2025-10-05T23:41:59.142Z,lifecycle,False,,23,2,10,0,-0.25881904510252157,0.9659258262890681
2025-10-09 00:00:00+00:00,DE,0.9408284023668639,2025-10-18T00:29:34.439Z,2025-10-06T22:55:09.864Z,lifecycle,False,,0,3,10,0,0.0,1.0
2025-10-09 01:00:00+00:00,DE,0.9250493096646942,2025-10-18T00:29:34.439Z,2025-10-06T22:54:52.776Z,lifecycle,False,,1,3,10,0,0.25881904510252074,0.9659258262890683
2025-10-09 02:00:00+00:00,DE,0.9151873767258384,2025-10-18T00:29:14.611Z,2025-10-06T23:42:24.482Z,lifecycle,False,,2,3,10,0,0.49999999999999994,0.8660254037844387
2025-10-09 03:00:00+00:00,DE,0.911242603550296,2025-10-18T00:29:39.789Z,2025-10-06T23:42:24.482Z,lifecycle,False,,3,3,10,0,0.7071067811865476,0.7071067811865476
2025-10-09 04:00:00+00:00,DE,0.8777120315581853,2025-10-18T00:29:14.611Z,2025-10-06T23:42:39.935Z,lifecycle,False,,4,3,10,0,0.8660254037844386,0.5000000000000001
2025-10-09 05:00:00+00:00,DE,0.8303747534516766,2025-10-18T00:29:39.789Z,2025-10-06T23:42:39.935Z,lifecycle,False,,5,3,10,0,0.9659258262890683,0.25881904510252074
2025-10-09 06:00:00+00:00,DE,0.7869822485207101,2025-10-18T00:29:39.789Z,2025-10-06T23:42:24.482Z,lifecycle,False,,6,3,10,0,1.0,6.123233995736766e-17
2025-10-09 07:00:00+00:00,DE,0.7357001972386588,2025-10-18T00:29:39.789Z,2025-10-06T23:42:24.482Z,lifecycle,False,,7,3,10,0,0.9659258262890683,-0.25881904510252063
2025-10-09 08:00:00+00:00,DE,0.6824457593688363,2025-10-18T00:29:39.789Z,2025-10-06T23:42:52.814Z,lifecycle,False,,8,3,10,0,0.8660254037844387,-0.4999999999999998
2025-10-09 09:00:00+00:00,DE,0.611439842209073,2025-10-18T00:29:14.611Z,2025-10-06T23:42:24.482Z,lifecycle,False,,9,3,10,0,0.7071067811865476,-0.7071067811865475
2025-10-09 10:00:00+00:00,DE,0.5897435897435898,2025-10-18T00:29:34.439Z,2025-10-06T23:42:39.935Z,lifecycle,False,,10,3,10,0,0.49999999999999994,-0.8660254037844387
2025-10-09 11:00:00+00:00,DE,0.5956607495069034,2025-10-18T00:29:14.611Z,2025-10-06T23:42:39.935Z,lifecycle,False,,11,3,10,0,0.258819045102521,-0.9659258262890682
2025-10-09 12:00:00+00:00,DE,0.6015779092702169,2025-10-18T00:29:34.439Z,2025-10-06T23:42:52.814Z,lifecycle,False,,12,3,10,0,1.2246467991473532e-16,-1.0
2025-10-09 13:00:00+00:00,DE,0.6153846153846154,2025-10-18T00:29:39.789Z,2025-10-06T23:42:39.935Z,lifecycle,False,,13,3,10,0,-0.2588190451025208,-0.9659258262890683
2025-10-09 14:00:00+00:00,DE,0.6568047337278107,2025-10-18T00:29:39.789Z,2025-10-06T23:42:24.482Z,lifecycle,False,,14,3,10,0,-0.4999999999999997,-0.8660254037844388
2025-10-09 15:00:00+00:00,DE,0.6942800788954635,2025-10-18T00:29:14.611Z,2025-10-06T23:42:39.935Z,lifecycle,False,,15,3,10,0,-0.7071067811865471,-0.7071067811865479
2025-10-09 16:00:00+00:00,DE,0.7001972386587771,2025-10-18T00:29:42.323Z,2025-10-06T23:42:52.814Z,lifecycle,False,,16,3,10,0,-0.8660254037844385,-0.5000000000000004
2025-10-09 17:00:00+00:00,DE,0.6863905325443788,2025-10-18T00:29:42.323Z,2025-10-06T23:42:39.935Z,lifecycle,False,,17,3,10,0,-0.9659258262890683,-0.25881904510252063
2025-10-09 18:00:00+00:00,DE,0.6824457593688363,2025-10-18T00:29:22.966Z,2025-10-06T23:42:39.935Z,lifecycle,False,,18,3,10,0,-1.0,-1.8369701987210297e-16
2025-10-09 19:00:00+00:00,DE,0.650887573964497,2025-10-18T00:29:42.323Z,2025-10-06T23:42:52.814Z,lifecycle,False,,19,3,10,0,-0.9659258262890684,0.2588190451025203
2025-10-09 20:00:00+00:00,DE,0.6331360946745562,2025-10-18T00:29:22.966Z,2025-10-06T23:42:52.814Z,lifecycle,False,,20,3,10,0,-0.8660254037844386,0.5000000000000001
2025-10-09 21:00:00+00:00,DE,0.611439842209073,2025-10-18T00:29:48.061Z,2025-10-06T23:42:39.935Z,lifecycle,False,,21,3,10,0,-0.7071067811865477,0.7071067811865474
2025-10-09 22:00:00+00:00,DE,0.5798816568047337,2025-10-18T00:29:48.061Z,2025-10-06T23:42:24.482Z,lifecycle,False,,22,3,10,0,-0.5000000000000004,0.8660254037844384
2025-10-09 23:00:00+00:00,DE,0.5601577909270217,2025-10-19T00:30:33.156Z,2025-10-06T23:42:52.814Z,lifecycle,False,,23,3,10,0,-0.25881904510252157,0.9659258262890681
2025-10-10 00:00:00+00:00,DE,0.5700197238658777,2025-10-19T00:30:49.655Z,2025-10-07T23:11:27.681Z,lifecycle,False,,0,4,10,0,0.0,1.0
2025-10-10 01:00:00+00:00,DE,0.5641025641025641,2025-10-19T00:30:57.145Z,2025-10-07T23:11:27.681Z,lifecycle,False,,1,4,10,0,0.25881904510252074,0.9659258262890683
2025-10-10 02:00:00+00:00,DE,0.5601577909270217,2025-10-19T00:30:33.156Z,2025-10-07T23:10:59.975Z,lifecycle,False,,2,4,10,0,0.49999999999999994,0.8660254037844387
2025-10-10 03:00:00+00:00,DE,0.571992110453649,2025-10-19T00:30:57.145Z,2025-10-07T23:10:59.975Z,lifecycle,False,,3,4,10,0,0.7071067811865476,0.7071067811865476
2025-10-10 04:00:00+00:00,DE,0.5739644970414202,2025-10-19T00:30:33.156Z,2025-10-07T23:10:59.975Z,lifecycle,False,,4,4,10,0,0.8660254037844386,0.5000000000000001
2025-10-10 05:00:00+00:00,DE,0.5897435897435898,2025-10-19T00:30:57.145Z,2025-10-07T23:10:59.975Z,lifecycle,False,,5,4,10,0,0.9659258262890683,0.25881904510252074
2025-10-10 06:00:00+00:00,DE,0.5818540433925049,2025-10-19T00:30:33.156Z,2025-10-07T23:11:12.438Z,lifecycle,False,,6,4,10,0,1.0,6.123233995736766e-17
2025-10-10 07:00:00+00:00,DE,0.5404339250493096,2025-10-19T00:30:33.156Z,2025-10-07T23:10:59.975Z,lifecycle,False,,7,4,10,0,0.9659258262890683,-0.25881904510252063
2025-10-10 08:00:00+00:00,DE,0.5029585798816568,2025-10-19T00:30:57.145Z,2025-10-07T23:11:12.438Z,lifecycle,False,,8,4,10,0,0.8660254037844387,-0.4999999999999998
2025-10-10 09:00:00+00:00,DE,0.504930966469428,2025-10-19T00:30:57.145Z,2025-10-07T23:10:59.975Z,lifecycle,False,,9,4,10,0,0.7071067811865476,-0.7071067811865475
2025-10-10 10:00:00+00:00,DE,0.5128205128205128,2025-10-19T00:30:33.156Z,2025-10-07T23:11:12.438Z,lifecycle,False,,10,4,10,0,0.49999999999999994,-0.8660254037844387
2025-10-10 11:00:00+00:00,DE,0.5009861932938856,2025-10-19T00:30:33.156Z,2025-10-07T23:11:12.438Z,lifecycle,False,,11,4,10,0,0.258819045102521,-0.9659258262890682
2025-10-10 12:00:00+00:00,DE,0.5029585798816568,2025-10-19T00:30:57.145Z,2025-10-07T23:11:12.438Z,lifecycle,False,,12,4,10,0,1.2246467991473532e-16,-1.0
2025-10-10 13:00:00+00:00,DE,0.52465483234714,2025-10-19T00:30:57.145Z,2025-10-07T23:10:59.975Z,lifecycle,False,,13,4,10,0,-0.2588190451025208,-0.9659258262890683
2025-10-10 14:00:00+00:00,DE,0.5877712031558185,2025-10-19T00:30:57.145Z,2025-10-07T23:11:12.438Z,lifecycle,False,,14,4,10,0,-0.4999999999999997,-0.8660254037844388
2025-10-10 15:00:00+00:00,DE,0.631163708086785,2025-10-19T00:30:49.655Z,2025-10-07T23:11:12.438Z,lifecycle,False,,15,4,10,0,-0.7071067811865471,-0.7071067811865479
2025-10-10 16:00:00+00:00,DE,0.6410256410256411,2025-10-19T00:30:41.246Z,2025-10-07T23:11:27.681Z,lifecycle,False,,16,4,10,0,-0.8660254037844385,-0.5000000000000004
2025-10-10 17:00:00+00:00,DE,0.6351084812623274,2025-10-19T00:31:05.551Z,2025-10-07T23:11:27.681Z,lifecycle,False,,17,4,10,0,-0.9659258262890683,-0.25881904510252063
2025-10-10 18:00:00+00:00,DE,0.6213017751479291,2025-10-19T00:30:41.246Z,2025-10-07T23:10:59.975Z,lifecycle,False,,18,4,10,0,-1.0,-1.8369701987210297e-16
2025-10-10 19:00:00+00:00,DE,0.6134122287968442,2025-10-19T00:31:05.551Z,2025-10-07T23:11:27.681Z,lifecycle,False,,19,4,10,0,-0.9659258262890684,0.2588190451025203
2025-10-10 20:00:00+00:00,DE,0.6291913214990138,2025-10-19T00:30:41.246Z,2025-10-07T23:10:59.975Z,lifecycle,False,,20,4,10,0,-0.8660254037844386,0.5000000000000001
2025-10-10 21:00:00+00:00,DE,0.6094674556213018,2025-10-19T00:30:41.246Z,2025-10-07T23:10:59.975Z,lifecycle,False,,21,4,10,0,-0.7071067811865477,0.7071067811865474
2025-10-10 22:00:00+00:00,DE,0.5443786982248521,2025-10-18T00:29:42.323Z,2025-10-07T23:11:27.681Z,lifecycle,False,,22,4,10,0,-0.5000000000000004,0.8660254037844384
2025-10-10 23:00:00+00:00,DE,0.5226824457593688,2025-10-20T00:28:55.218Z,2025-10-07T23:11:12.438Z,lifecycle,False,,23,4,10,0,-0.25881904510252157,0.9659258262890681
2025-10-11 00:00:00+00:00,DE,0.5108481262327417,2025-10-21T00:28:37.203Z,2025-10-08T22:40:35.601Z,lifecycle,False,,0,5,10,1,0.0,1.0
2025-10-11 01:00:00+00:00,DE,0.4871794871794872,2025-10-20T00:29:15.499Z,2025-10-08T22:40:20.242Z,lifecycle,False,,1,5,10,1,0.25881904510252074,0.9659258262890683
2025-10-11 02:00:00+00:00,DE,0.4832347140039448,2025-10-20T00:29:15.499Z,2025-10-08T23:54:40.301Z,lifecycle,False,,2,5,10,1,0.49999999999999994,0.8660254037844387
2025-10-11 03:00:00+00:00,DE,0.48915187376725844,2025-10-21T00:28:30.542Z,2025-10-08T23:55:08.225Z,lifecycle,False,,3,5,10,1,0.7071067811865476,0.7071067811865476
2025-10-11 04:00:00+00:00,DE,0.5463510848126233,2025-10-20T00:28:55.218Z,2025-10-08T23:54:40.301Z,lifecycle,False,,4,5,10,1,0.8660254037844386,0.5000000000000001
2025-10-11 05:00:00+00:00,DE,0.5897435897435898,2025-10-20T00:28:55.218Z,2025-10-08T23:55:08.225Z,lifecycle,False,,5,5,10,1,0.9659258262890683,0.25881904510252074
2025-10-11 06:00:00+00:00,DE,0.5798816568047337,2025-10-21T00:28:14.045Z,2025-10-08T23:54:40.301Z,lifecycle,False,,6,5,10,1,1.0,6.123233995736766e-17
2025-10-11 07:00:00+00:00,DE,0.5187376725838264,2025-10-21T00:28:30.542Z,2025-10-08T23:54:55.011Z,lifecycle,False,,7,5,10,1,0.9659258262890683,-0.25881904510252063
2025-10-11 08:00:00+00:00,DE,0.4220907297830375,2025-10-20T00:29:15.499Z,2025-10-08T23:55:08.225Z,lifecycle,False,,8,5,10,1,0.8660254037844387,-0.4999999999999998
2025-10-11 09:00:00+00:00,DE,0.3550295857988166,2025-10-21T00:28:14.045Z,2025-10-08T23:55:08.225Z,lifecycle,False,,9,5,10,1,0.7071067811865476,-0.7071067811865475
2025-10-11 10:00:00+00:00,DE,0.319526627218935,2025-10-21T00:28:14.045Z,2025-10-08T23:54:40.301Z,lifecycle,False,,10,5,10,1,0.49999999999999994,-0.8660254037844387
2025-10-11 11:00:00+00:00,DE,0.3057199211045365,2025-10-21T00:28:37.203Z,2025-10-08T23:54:55.011Z,lifecycle,False,,11,5,10,1,0.258819045102521,-0.9659258262890682
2025-10-11 12:00:00+00:00,DE,0.31163708086785014,2025-10-21T00:28:14.045Z,2025-10-08T23:54:40.301Z,lifecycle,False,,12,5,10,1,1.2246467991473532e-16,-1.0
2025-10-11 13:00:00+00:00,DE,0.4023668639053254,2025-10-20T00:29:15.499Z,2025-10-08T23:54:55.011Z,lifecycle,False,,13,5,10,1,-0.2588190451025208,-0.9659258262890683
2025-10-11 14:00:00+00:00,DE,0.5581854043392505,2025-10-21T00:28:14.045Z,2025-10-08T23:55:08.225Z,lifecycle,False,,14,5,10,1,-0.4999999999999997,-0.8660254037844388
2025-10-11 15:00:00+00:00,DE,0.6883629191321499,2025-10-21T00:28:30.542Z,2025-10-08T23:54:55.011Z,lifecycle,False,,15,5,10,1,-0.7071067811865471,-0.7071067811865479
2025-10-11 16:00:00+00:00,DE,0.7416173570019724,2025-10-21T00:28:37.203Z,2025-10-08T23:54:40.301Z,lifecycle,False,,16,5,10,1,-0.8660254037844385,-0.5000000000000004
2025-10-11 17:00:00+00:00,DE,0.7554240631163708,2025-10-21T00:28:37.203Z,2025-10-08T23:54:55.011Z,lifecycle,False,,17,5,10,1,-0.9659258262890683,-0.25881904510252063
2025-10-11 18:00:00+00:00,DE,0.7909270216962525,2025-10-21T00:28:14.045Z,2025-10-08T23:55:08.225Z,lifecycle,False,,18,5,10,1,-1.0,-1.8369701987210297e-16
2025-10-11 19:00:00+00:00,DE,0.8007889546351085,2025-10-20T00:29:23.841Z,2025-10-08T23:54:55.011Z,lifecycle,False,,19,5,10,1,-0.9659258262890684,0.2588190451025203
2025-10-11 20:00:00+00:00,DE,0.8165680473372782,2025-10-21T00:28:30.542Z,2025-10-08T23:55:08.225Z,lifecycle,False,,20,5,10,1,-0.8660254037844386,0.5000000000000001
2025-10-11 21:00:00+00:00,DE,0.7850098619329389,2025-10-20T00:29:27.668Z,2025-10-08T23:54:55.011Z,lifecycle,False,,21,5,10,1,-0.7071067811865477,0.7071067811865474
2025-10-11 22:00:00+00:00,DE,0.7435897435897436,2025-10-21T00:28:14.045Z,2025-10-08T23:55:08.225Z,lifecycle,False,,22,5,10,1,-0.5000000000000004,0.8660254037844384
2025-10-11 23:00:00+00:00,DE,0.708086785009862,2025-10-21T00:28:37.203Z,2025-10-08T23:55:08.225Z,lifecycle,False,,23,5,10,1,-0.25881904510252157,0.9659258262890681
2025-10-12 00:00:00+00:00,DE,0.6548323471400395,2025-10-21T00:28:37.203Z,2025-10-09T22:54:39.660Z,lifecycle,False,,0,6,10,1,0.0,1.0
2025-10-12 01:00:00+00:00,DE,0.6390532544378699,2025-10-21T00:28:37.203Z,2025-10-09T22:55:09.554Z,lifecycle,False,,1,6,10,1,0.25881904510252074,0.9659258262890683
2025-10-12 02:00:00+00:00,DE,0.6015779092702169,2025-10-21T00:28:37.203Z,2025-10-09T23:25:41.496Z,lifecycle,False,,2,6,10,1,0.49999999999999994,0.8660254037844387
2025-10-12 03:00:00+00:00,DE,0.5996055226824458,2025-10-21T00:28:14.045Z,2025-10-09T23:25:41.496Z,lifecycle,False,,3,6,10,1,0.7071067811865476,0.7071067811865476
2025-10-12 04:00:00+00:00,DE,0.631163708086785,2025-10-21T00:28:14.045Z,2025-10-09T23:25:41.496Z,lifecycle,False,,4,6,10,1,0.8660254037844386,0.5000000000000001
2025-10-12 05:00:00+00:00,DE,0.631163708086785,2025-10-21T00:28:37.203Z,2025-10-09T23:26:01.562Z,lifecycle,False,,5,6,10,1,0.9659258262890683,0.25881904510252074
2025-10-12 06:00:00+00:00,DE,0.591715976331361,2025-10-21T00:28:30.542Z,2025-10-09T23:25:41.496Z,lifecycle,False,,6,6,10,1,1.0,6.123233995736766e-17
2025-10-12 07:00:00+00:00,DE,0.5364891518737672,2025-10-21T00:28:14.045Z,2025-10-09T23:26:01.562Z,lifecycle,False,,7,6,10,1,0.9659258262890683,-0.25881904510252063
2025-10-12 08:00:00+00:00,DE,0.4358974358974359,2025-10-21T00:28:30.542Z,2025-10-09T23:25:41.496Z,lifecycle,False,,8,6,10,1,0.8660254037844387,-0.4999999999999998
2025-10-12 09:00:00+00:00,DE,0.36094674556213013,2025-10-21T00:28:14.045Z,2025-10-09T23:26:14.729Z,lifecycle,False,,9,6,10,1,0.7071067811865476,-0.7071067811865475
2025-10-12 10:00:00+00:00,DE,0.33136094674556216,2025-10-21T00:28:30.542Z,2025-10-09T23:26:14.729Z,lifecycle,False,,10,6,10,1,0.49999999999999994,-0.8660254037844387
2025-10-12 11:00:00+00:00,DE,0.3372781065088758,2025-10-21T00:28:37.203Z,2025-10-09T23:26:01.562Z,lifecycle,False,,11,6,10,1,0.258819045102521,-0.9659258262890682
2025-10-12 12:00:00+00:00,DE,0.38264299802761337,2025-10-21T00:28:37.203Z,2025-10-09T23:26:01.562Z,lifecycle,False,,12,6,10,1,1.2246467991473532e-16,-1.0
2025-10-12 13:00:00+00:00,DE,0.485207100591716,2025-10-21T00:28:30.542Z,2025-10-09T23:25:41.496Z,lifecycle,False,,13,6,10,1,-0.2588190451025208,-0.9659258262890683
2025-10-12 14:00:00+00:00,DE,0.6252465483234714,2025-10-21T00:28:37.203Z,2025-10-09T23:25:41.496Z,lifecycle,False,,14,6,10,1,-0.4999999999999997,-0.8660254037844388
2025-10-12 15:00:00+00:00,DE,0.7633136094674556,2025-10-21T00:28:30.542Z,2025-10-09T23:25:41.496Z,lifecycle,False,,15,6,10,1,-0.7071067811865471,-0.7071067811865479
2025-10-12 16:00:00+00:00,DE,0.8362919132149902,2025-10-21T00:28:44.876Z,2025-10-09T23:25:41.496Z,lifecycle,False,,16,6,10,1,-0.8660254037844385,-0.5000000000000004
2025-10-12 17:00:00+00:00,DE,0.8560157790927022,2025-10-21T00:28:22.208Z,2025-10-09T23:26:01.562Z,lifecycle,False,,17,6,10,1,-0.9659258262890683,-0.25881904510252063
2025-10-12 18:00:00+00:00,DE,0.8954635108481263,2025-10-21T00:28:35.455Z,2025-10-09T23:25:41.496Z,lifecycle,False,,18,6,10,1,-1.0,-1.8369701987210297e-16
2025-10-12 19:00:00+00:00,DE,0.9250493096646942,2025-10-21T00:28:35.455Z,2025-10-09T23:26:14.729Z,lifecycle,False,,19,6,10,1,-0.9659258262890684,0.2588190451025203
2025-10-12 20:00:00+00:00,DE,0.9388560157790927,2025-10-21T00:28:22.208Z,2025-10-09T23:25:41.496Z,lifecycle,False,,20,6,10,1,-0.8660254037844386,0.5000000000000001
2025-10-12 21:00:00+00:00,DE,0.9368836291913215,2025-10-21T00:28:35.455Z,2025-10-09T23:26:01.562Z,lifecycle,False,,21,6,10,1,-0.7071067811865477,0.7071067811865474
2025-10-12 22:00:00+00:00,DE,0.9368836291913215,2025-10-21T00:28:22.208Z,2025-10-09T23:26:14.729Z,lifecycle,False,,22,6,10,1,-0.5000000000000004,0.8660254037844384
2025-10-12 23:00:00+00:00,DE,0.9408284023668639,2025-10-22T00:44:24.399Z,2025-10-09T23:26:01.562Z,lifecycle,False,,23,6,10,1,-0.25881904510252157,0.9659258262890681
2025-10-13 00:00:00+00:00,DE,0.9625246548323471,2025-10-22T00:44:18.909Z,2025-10-10T21:39:59.848Z,lifecycle,False,,0,0,10,0,0.0,1.0
2025-10-13 01:00:00+00:00,DE,0.9625246548323471,2025-10-22T00:44:18.909Z,2025-10-10T21:40:10.357Z,lifecycle,False,,1,0,10,0,0.25881904510252074,0.9659258262890683
2025-10-13 02:00:00+00:00,DE,0.9842209072978304,2025-10-22T00:44:18.909Z,2025-10-10T21:39:43.599Z,lifecycle,False,,2,0,10,0,0.49999999999999994,0.8660254037844387
2025-10-13 03:00:00+00:00,DE,0.9861932938856016,2025-10-22T00:43:58.421Z,2025-10-10T21:40:10.357Z,lifecycle,False,,3,0,10,0,0.7071067811865476,0.7071067811865476
2025-10-13 04:00:00+00:00,DE,0.9329388560157791,2025-10-22T00:43:58.421Z,2025-10-10T21:39:43.599Z,lifecycle,False,,4,0,10,0,0.8660254037844386,0.5000000000000001
2025-10-13 05:00:00+00:00,DE,0.9151873767258384,2025-10-22T00:44:24.399Z,2025-10-10T21:39:43.599Z,lifecycle,False,,5,0,10,0,0.9659258262890683,0.25881904510252074
2025-10-13 06:00:00+00:00,DE,0.8796844181459565,2025-10-22T00:44:24.399Z,2025-10-10T21:40:10.357Z,lifecycle,False,,6,0,10,0,1.0,6.123233995736766e-17
2025-10-13 07:00:00+00:00,DE,0.8362919132149902,2025-10-22T00:44:24.399Z,2025-10-10T21:40:10.357Z,lifecycle,False,,7,0,10,0,0.9659258262890683,-0.25881904510252063
2025-10-13 08:00:00+00:00,DE,0.7850098619329389,2025-10-22T00:44:24.399Z,2025-10-10T21:40:10.357Z,lifecycle,False,,8,0,10,0,0.8660254037844387,-0.4999999999999998
2025-10-13 09:00:00+00:00,DE,0.7258382642998028,2025-10-22T00:44:18.909Z,2025-10-10T21:40:10.357Z,lifecycle,False,,9,0,10,0,0.7071067811865476,-0.7071067811865475
2025-10-13 10:00:00+00:00,DE,0.6962524654832347,2025-10-22T00:44:18.909Z,2025-10-10T21:39:43.599Z,lifecycle,False,,10,0,10,0,0.49999999999999994,-0.8660254037844387
2025-10-13 11:00:00+00:00,DE,0.6923076923076923,2025-10-22T00:43:58.421Z,2025-10-10T21:39:43.599Z,lifecycle,False,,11,0,10,0,0.258819045102521,-0.9659258262890682
2025-10-13 12:00:00+00:00,DE,0.7199211045364892,2025-10-22T00:44:24.399Z,2025-10-10T21:39:43.599Z,lifecycle,False,,12,0,10,0,1.2246467991473532e-16,-1.0
2025-10-13 13:00:00+00:00,DE,0.7652859960552268,2025-10-22T00:44:24.399Z,2025-10-10T21:39:43.599Z,lifecycle,False,,13,0,10,0,-0.2588190451025208,-0.9659258262890683
2025-10-13 14:00:00+00:00,DE,0.7968441814595661,2025-10-22T00:44:24.399Z,2025-10-10T21:39:59.848Z,lifecycle,False,,14,0,10,0,-0.4999999999999997,-0.8660254037844388
2025-10-13 15:00:00+00:00,DE,0.8481262327416174,2025-10-22T00:44:18.909Z,2025-10-10T21:39:43.599Z,lifecycle,False,,15,0,10,0,-0.7071067811865471,-0.7071067811865479
2025-10-13 16:00:00+00:00,DE,0.8737672583826431,2025-10-22T00:44:24.399Z,2025-10-10T21:40:10.357Z,lifecycle,False,,16,0,10,0,-0.8660254037844385,-0.5000000000000004
2025-10-13 17:00:00+00:00,DE,0.8678500986193295,2025-10-22T00:44:32.183Z,2025-10-10T21:40:10.357Z,lifecycle,False,,17,0,10,0,-0.9659258262890683,-0.25881904510252063
2025-10-13 18:00:00+00:00,DE,0.883629191321499,2025-10-22T00:44:32.183Z,2025-10-10T21:39:59.848Z,lifecycle,False,,18,0,10,0,-1.0,-1.8369701987210297e-16
2025-10-13 19:00:00+00:00,DE,0.8994082840236687,2025-10-22T00:44:32.183Z,2025-10-10T21:40:10.357Z,lifecycle,False,,19,0,10,0,-0.9659258262890684,0.2588190451025203
2025-10-13 20:00:00+00:00,DE,0.9211045364891518,2025-10-22T00:44:26.950Z,2025-10-10T21:39:59.848Z,lifecycle,False,,20,0,10,0,-0.8660254037844386,0.5000000000000001
2025-10-13 21:00:00+00:00,DE,0.9211045364891518,2025-10-22T00:44:26.950Z,2025-10-10T21:39:59.848Z,lifecycle,False,,21,0,10,0,-0.7071067811865477,0.7071067811865474
2025-10-13 22:00:00+00:00,DE,0.9132149901380672,2025-10-22T00:44:32.183Z,2025-10-10T23:25:07.935Z,lifecycle,False,,22,0,10,0,-0.5000000000000004,0.8660254037844384
2025-10-13 23:00:00+00:00,DE,0.8994082840236687,2025-10-23T00:32:43.007Z,2025-10-10T23:24:50.478Z,lifecycle,False,,23,0,10,0,-0.25881904510252157,0.9659258262890681
2025-10-14 00:00:00+00:00,DE,0.8875739644970414,2025-10-23T00:32:21.977Z,2025-10-11T22:40:39.864Z,lifecycle,False,,0,1,10,0,0.0,1.0
2025-10-14 01:00:00+00:00,DE,0.8698224852071007,2025-10-23T00:32:43.007Z,2025-10-11T22:40:08.374Z,lifecycle,False,,1,1,10,0,0.25881904510252074,0.9659258262890683
2025-10-14 02:00:00+00:00,DE,0.8520710059171598,2025-10-23T00:32:44.880Z,2025-10-11T23:10:08.792Z,lifecycle,False,,2,1,10,0,0.49999999999999994,0.8660254037844387
2025-10-14 03:00:00+00:00,DE,0.8422090729783037,2025-10-23T00:32:44.880Z,2025-10-11T23:09:54.229Z,lifecycle,False,,3,1,10,0,0.7071067811865476,0.7071067811865476
2025-10-14 04:00:00+00:00,DE,0.8402366863905326,2025-10-23T00:32:21.977Z,2025-10-11T23:09:54.229Z,lifecycle,False,,4,1,10,0,0.8660254037844386,0.5000000000000001
2025-10-14 05:00:00+00:00,DE,0.8205128205128205,2025-10-23T00:32:43.007Z,2025-10-11T23:10:08.792Z,lifecycle,False,,5,1,10,0,0.9659258262890683,0.25881904510252074
2025-10-14 06:00:00+00:00,DE,0.7790927021696252,2025-10-23T00:32:44.880Z,2025-10-11T23:09:54.229Z,lifecycle,False,,6,1,10,0,1.0,6.123233995736766e-17
2025-10-14 07:00:00+00:00,DE,0.7416173570019724,2025-10-23T00:32:21.977Z,2025-10-11T23:09:54.229Z,lifecycle,False,,7,1,10,0,0.9659258262890683,-0.25881904510252063
2025-10-14 08:00:00+00:00,DE,0.6923076923076923,2025-10-23T00:32:43.007Z,2025-10-11T23:09:54.229Z,lifecycle,False,,8,1,10,0,0.8660254037844387,-0.4999999999999998
2025-10-14 09:00:00+00:00,DE,0.6429980276134123,2025-10-23T00:32:43.007Z,2025-10-11T23:09:54.229Z,lifecycle,False,,9,1,10,0,0.7071067811865476,-0.7071067811865475
2025-10-14 10:00:00+00:00,DE,0.5996055226824458,2025-10-23T00:32:43.007Z,2025-10-11T23:10:08.792Z,lifecycle,False,,10,1,10,0,0.49999999999999994,-0.8660254037844387
2025-10-14 11:00:00+00:00,DE,0.6015779092702169,2025-10-23T00:32:43.007Z,2025-10-11T23:10:08.792Z,lifecycle,False,,11,1,10,0,0.258819045102521,-0.9659258262890682
2025-10-14 12:00:00+00:00,DE,0.6351084812623274,2025-10-23T00:32:43.007Z,2025-10-11T23:09:54.229Z,lifecycle,False,,12,1,10,0,1.2246467991473532e-16,-1.0
2025-10-14 13:00:00+00:00,DE,0.6962524654832347,2025-10-23T00:32:21.977Z,2025-10-11T23:09:54.229Z,lifecycle,False,,13,1,10,0,-0.2588190451025208,-0.9659258262890683
2025-10-14 14:00:00+00:00,DE,0.7731755424063117,2025-10-23T00:32:21.977Z,2025-10-11T23:09:54.229Z,lifecycle,False,,14,1,10,0,-0.4999999999999997,-0.8660254037844388
2025-10-14 15:00:00+00:00,DE,0.8422090729783037,2025-10-23T00:32:21.977Z,2025-10-11T23:10:22.851Z,lifecycle,False,,15,1,10,0,-0.7071067811865471,-0.7071067811865479
2025-10-14 16:00:00+00:00,DE,0.8875739644970414,2025-10-23T00:32:43.007Z,2025-10-11T23:10:08.792Z,lifecycle,False,,16,1,10,0,-0.8660254037844385,-0.5000000000000004
2025-10-14 17:00:00+00:00,DE,0.8954635108481263,2025-10-23T00:32:48.486Z,2025-10-11T23:10:08.792Z,lifecycle,False,,17,1,10,0,-0.9659258262890683,-0.25881904510252063
2025-10-14 18:00:00+00:00,DE,0.9033530571992111,2025-10-23T00:32:29.933Z,2025-10-11T23:10:22.851Z,lifecycle,False,,18,1,10,0,-1.0,-1.8369701987210297e-16
2025-10-14 19:00:00+00:00,DE,0.9349112426035503,2025-10-23T00:32:52.736Z,2025-10-11T23:10:22.851Z,lifecycle,False,,19,1,10,0,-0.9659258262890684,0.2588190451025203
2025-10-14 20:00:00+00:00,DE,0.9743589743589743,2025-10-23T00:32:52.736Z,2025-10-11T23:10:22.851Z,lifecycle,False,,20,1,10,0,-0.8660254037844386,0.5000000000000001
2025-10-14 21:00:00+00:00,DE,0.9921104536489153,2025-10-23T00:32:52.736Z,2025-10-11T23:10:22.851Z,lifecycle,False,,21,1,10,0,-0.7071067811865477,0.7071067811865474
2025-10-14 22:00:00+00:00,DE,0.9980276134122289,2025-10-23T00:32:29.933Z,2025-10-11T23:10:08.792Z,lifecycle,False,,22,1,10,0,-0.5000000000000004,0.8660254037844384
2025-10-14 23:00:00+00:00,DE,0.9980276134122289,2025-10-24T00:32:16.935Z,2025-10-11T23:10:22.851Z,lifecycle,False,,23,1,10,0,-0.25881904510252157,0.9659258262890681
2025-10-15 00:00:00+00:00,DE,1.0000000000000002,2025-10-24T00:32:39.282Z,2025-10-12T22:41:43.618Z,lifecycle,False,,0,2,10,0,0.0,1.0
2025-10-15 01:00:00+00:00,DE,0.9921104536489153,2025-10-24T00:32:39.282Z,2025-10-12T22:40:36.158Z,lifecycle,False,,1,2,10,0,0.25881904510252074,0.9659258262890683
2025-10-15 02:00:00+00:00,DE,0.990138067061144,2025-10-24T00:32:16.935Z,2025-10-12T23:25:03.329Z,lifecycle,False,,2,2,10,0,0.49999999999999994,0.8660254037844387
2025-10-15 03:00:00+00:00,DE,0.9861932938856016,2025-10-24T00:32:39.282Z,2025-10-12T23:25:03.329Z,lifecycle,False,,3,2,10,0,0.7071067811865476,0.7071067811865476
2025-10-15 04:00:00+00:00,DE,0.9566074950690336,2025-10-24T00:32:39.282Z,2025-10-12T23:25:08.291Z,lifecycle,False,,4,2,10,0,0.8660254037844386,0.5000000000000001
2025-10-15 05:00:00+00:00,DE,0.9270216962524654,2025-10-24T00:32:39.282Z,2025-10-12T23:25:08.291Z,lifecycle,False,,5,2,10,0,0.9659258262890683,0.25881904510252074
2025-10-15 06:00:00+00:00,DE,0.893491124260355,2025-10-24T00:32:16.935Z,2025-10-12T23:24:50.600Z,lifecycle,False,,6,2,10,0,1.0,6.123233995736766e-17
2025-10-15 07:00:00+00:00,DE,0.8422090729783037,2025-10-24T00:32:39.282Z,2025-10-12T23:25:03.329Z,lifecycle,False,,7,2,10,0,0.9659258262890683,-0.25881904510252063
2025-10-15 08:00:00+00:00,DE,0.7830374753451677,2025-10-24T00:32:52.121Z,2025-10-12T23:25:08.291Z,lifecycle,False,,8,2,10,0,0.8660254037844387,-0.4999999999999998
2025-10-15 09:00:00+00:00,DE,0.7258382642998028,2025-10-24T00:32:16.935Z,2025-10-12T23:25:03.329Z,lifecycle,False,,9,2,10,0,0.7071067811865476,-0.7071067811865475
2025-10-15 10:00:00+00:00,DE,0.7001972386587771,2025-10-24T00:32:16.935Z,2025-10-12T23:24:50.600Z,lifecycle,False,,10,2,10,0,0.49999999999999994,-0.8660254037844387
2025-10-15 11:00:00+00:00,DE,0.708086785009862,2025-10-24T00:32:16.935Z,2025-10-12T23:25:03.329Z,lifecycle,False,,11,2,10,0,0.258819045102521,-0.9659258262890682
2025-10-15 12:00:00+00:00,DE,0.727810650887574,2025-10-24T00:32:39.282Z,2025-10-12T23:24:50.600Z,lifecycle,False,,12,2,10,0,1.2246467991473532e-16,-1.0
2025-10-15 13:00:00+00:00,DE,0.757396449704142,2025-10-24T00:32:52.121Z,2025-10-12T23:24:50.600Z,lifecycle,False,,13,2,10,0,-0.2588190451025208,-0.9659258262890683
2025-10-15 14:00:00+00:00,DE,0.7968441814595661,2025-10-24T00:32:52.121Z,2025-10-12T23:24:50.600Z,lifecycle,False,,14,2,10,0,-0.4999999999999997,-0.8660254037844388
2025-10-15 15:00:00+00:00,DE,0.834319526627219,2025-10-24T00:32:39.282Z,2025-10-12T23:25:08.291Z,lifecycle,False,,15,2,10,0,-0.7071067811865471,-0.7071067811865479
2025-10-15 16:00:00+00:00,DE,0.8422090729783037,2025-10-24T00:32:47.570Z,2025-10-12T23:25:03.329Z,lifecycle,False,,16,2,10,0,-0.8660254037844385,-0.5000000000000004
2025-10-15 17:00:00+00:00,DE,0.8264299802761341,2025-10-24T00:32:47.570Z,2025-10-12T23:24:50.600Z,lifecycle,False,,17,2,10,0,-0.9659258262890683,-0.25881904510252063
2025-10-15 18:00:00+00:00,DE,0.8323471400394478,2025-10-24T00:32:59.925Z,2025-10-12T23:25:03.329Z,lifecycle,False,,18,2,10,0,-1.0,-1.8369701987210297e-16
2025-10-15 19:00:00+00:00,DE,0.834319526627219,2025-10-24T00:32:59.925Z,2025-10-12T23:25:08.291Z,lifecycle,False,,19,2,10,0,-0.9659258262890684,0.2588190451025203
2025-10-15 20:00:00+00:00,DE,0.834319526627219,2025-10-24T00:32:47.570Z,2025-10-12T23:25:03.329Z,lifecycle,False,,20,2,10,0,-0.8660254037844386,0.5000000000000001
2025-10-15 21:00:00+00:00,DE,0.8067061143984221,2025-10-24T00:32:47.570Z,2025-10-12T23:25:08.291Z,lifecycle,False,,21,2,10,0,-0.7071067811865477,0.7071067811865474
2025-10-15 22:00:00+00:00,DE,0.7712031558185405,2025-10-24T00:32:59.925Z,2025-10-12T23:24:50.600Z,lifecycle,False,,22,2,10,0,-0.5000000000000004,0.8660254037844384
2025-10-15 23:00:00+00:00,DE,0.7593688362919132,2025-10-26T00:34:25.941Z,2025-10-12T23:24:50.600Z,lifecycle,False,,23,2,10,0,-0.25881904510252157,0.9659258262890681
2025-10-16 00:00:00+00:00,DE,0.7593688362919132,2025-10-26T00:34:06.029Z,2025-10-13T22:55:28.018Z,lifecycle,False,,0,3,10,0,0.0,1.0
2025-10-16 01:00:00+00:00,DE,0.7712031558185405,2025-10-26T00:34:25.941Z,2025-10-13T22:55:42.787Z,lifecycle,False,,1,3,10,0,0.25881904510252074,0.9659258262890683
2025-10-16 02:00:00+00:00,DE,0.7712031558185405,2025-10-26T00:34:25.413Z,2025-10-13T23:24:53.868Z,lifecycle,False,,2,3,10,0,0.49999999999999994,0.8660254037844387
2025-10-16 03:00:00+00:00,DE,0.7712031558185405,2025-10-26T00:34:06.029Z,2025-10-13T23:25:19.124Z,lifecycle,False,,3,3,10,0,0.7071067811865476,0.7071067811865476
2025-10-16 04:00:00+00:00,DE,0.7751479289940829,2025-10-26T00:34:25.413Z,2025-10-13T23:25:19.124Z,lifecycle,False,,4,3,10,0,0.8660254037844386,0.5000000000000001
2025-10-16 05:00:00+00:00,DE,0.757396449704142,2025-10-26T00:34:25.413Z,2025-10-13T23:25:19.124Z,lifecycle,False,,5,3,10,0,0.9659258262890683,0.25881904510252074
2025-10-16 06:00:00+00:00,DE,0.7396449704142012,2025-10-26T00:34:25.413Z,2025-10-13T23:25:07.097Z,lifecycle,False,,6,3,10,0,1.0,6.123233995736766e-17
2025-10-16 07:00:00+00:00,DE,0.7159763313609467,2025-10-26T00:34:25.941Z,2025-10-13T23:25:07.097Z,lifecycle,False,,7,3,10,0,0.9659258262890683,-0.25881904510252063
2025-10-16 08:00:00+00:00,DE,0.6646942800788955,2025-10-26T00:34:25.941Z,2025-10-13T23:25:07.097Z,lifecycle,False,,8,3,10,0,0.8660254037844387,-0.4999999999999998
2025-10-16 09:00:00+00:00,DE,0.6134122287968442,2025-10-26T00:34:25.941Z,2025-10-13T23:25:07.097Z,lifecycle,False,,9,3,10,0,0.7071067811865476,-0.7071067811865475
2025-10-16 10:00:00+00:00,DE,0.5798816568047337,2025-10-26T00:34:06.029Z,2025-10-13T23:24:53.868Z,lifecycle,False,,10,3,10,0,0.49999999999999994,-0.8660254037844387
2025-10-16 11:00:00+00:00,DE,0.5700197238658777,2025-10-26T00:34:25.413Z,2025-10-13T23:24:53.868Z,lifecycle,False,,11,3,10,0,0.258819045102521,-0.9659258262890682
2025-10-16 12:00:00+00:00,DE,0.5877712031558185,2025-10-26T00:34:06.029Z,2025-10-13T23:25:19.124Z,lifecycle,False,,12,3,10,0,1.2246467991473532e-16,-1.0
2025-10-16 13:00:00+00:00,DE,0.6153846153846154,2025-10-26T00:34:25.413Z,2025-10-13T23:25:07.097Z,lifecycle,False,,13,3,10,0,-0.2588190451025208,-0.9659258262890683
2025-10-16 14:00:00+00:00,DE,0.6923076923076923,2025-10-26T00:34:06.029Z,2025-10-13T23:25:19.124Z,lifecycle,False,,14,3,10,0,-0.4999999999999997,-0.8660254037844388
2025-10-16 15:00:00+00:00,DE,0.7455621301775148,2025-10-26T00:34:25.413Z,2025-10-13T23:25:07.097Z,lifecycle,False,,15,3,10,0,-0.7071067811865471,-0.7071067811865479
2025-10-16 16:00:00+00:00,DE,0.7534516765285996,2025-10-26T00:34:06.029Z,2025-10-13T23:25:19.124Z,lifecycle,False,,16,3,10,0,-0.8660254037844385,-0.5000000000000004
2025-10-16 17:00:00+00:00,DE,0.7514792899408285,2025-10-26T00:34:06.029Z,2025-10-13T23:25:19.124Z,lifecycle,False,,17,3,10,0,-0.9659258262890683,-0.25881904510252063
2025-10-16 18:00:00+00:00,DE,0.7534516765285996,2025-10-26T00:34:25.413Z,2025-10-13T23:25:07.097Z,lifecycle,False,,18,3,10,0,-1.0,-1.8369701987210297e-16
2025-10-16 19:00:00+00:00,DE,0.7633136094674556,2025-10-26T00:34:25.941Z,2025-10-13T23:25:19.124Z,lifecycle,False,,19,3,10,0,-0.9659258262890684,0.2588190451025203
2025-10-16 20:00:00+00:00,DE,0.7751479289940829,2025-10-26T00:34:25.413Z,2025-10-13T23:25:19.124Z,lifecycle,False,,20,3,10,0,-0.8660254037844386,0.5000000000000001
2025-10-16 21:00:00+00:00,DE,0.7672583826429981,2025-10-26T00:34:25.941Z,2025-10-13T23:25:07.097Z,lifecycle,False,,21,3,10,0,-0.7071067811865477,0.7071067811865474
2025-10-16 22:00:00+00:00,DE,0.7633136094674556,2025-10-26T00:34:25.413Z,2025-10-13T23:25:19.124Z,lifecycle,False,,22,3,10,0,-0.5000000000000004,0.8660254037844384
2025-10-16 23:00:00+00:00,DE,0.757396449704142,2025-10-26T00:34:06.029Z,2025-10-13T23:25:07.097Z,lifecycle,False,,23,3,10,0,-0.25881904510252157,0.9659258262890681
2025-10-17 00:00:00+00:00,DE,0.7633136094674556,2025-10-26T00:34:25.941Z,2025-10-14T22:55:41.271Z,lifecycle,False,,0,4,10,0,0.0,1.0
2025-10-17 01:00:00+00:00,DE,0.7672583826429981,2025-10-26T00:34:06.029Z,2025-10-14T22:56:36.659Z,lifecycle,False,,1,4,10,0,0.25881904510252074,0.9659258262890683
2025-10-17 02:00:00+00:00,DE,0.7692307692307693,2025-10-26T00:34:25.941Z,2025-10-14T23:26:06.780Z,lifecycle,False,,2,4,10,0,0.49999999999999994,0.8660254037844387
2025-10-17 03:00:00+00:00,DE,0.7909270216962525,2025-10-26T00:34:25.941Z,2025-10-14T23:26:06.780Z,lifecycle,False,,3,4,10,0,0.7071067811865476,0.7071067811865476
2025-10-17 04:00:00+00:00,DE,0.814595660749507,2025-10-26T00:34:06.029Z,2025-10-14T23:26:15.840Z,lifecycle,False,,4,4,10,0,0.8660254037844386,0.5000000000000001
2025-10-17 05:00:00+00:00,DE,0.8067061143984221,2025-10-26T00:34:25.941Z,2025-10-14T23:26:15.840Z,lifecycle,False,,5,4,10,0,0.9659258262890683,0.25881904510252074
2025-10-17 06:00:00+00:00,DE,0.7988165680473372,2025-10-26T00:34:06.029Z,2025-10-14T23:26:06.780Z,lifecycle,False,,6,4,10,0,1.0,6.123233995736766e-17
2025-10-17 07:00:00+00:00,DE,0.7731755424063117,2025-10-26T00:34:25.413Z,2025-10-14T23:25:51.908Z,lifecycle,False,,7,4,10,0,0.9659258262890683,-0.25881904510252063
2025-10-17 08:00:00+00:00,DE,0.7120315581854043,2025-10-26T00:34:06.029Z,2025-10-14T23:26:15.840Z,lifecycle,False,,8,4,10,0,0.8660254037844387,-0.4999999999999998
2025-10-17 09:00:00+00:00,DE,0.6291913214990138,2025-10-26T00:34:25.413Z,2025-10-14T23:26:06.780Z,lifecycle,False,,9,4,10,0,0.7071067811865476,-0.7071067811865475
2025-10-17 10:00:00+00:00,DE,0.6094674556213018,2025-10-26T00:34:25.941Z,2025-10-14T23:26:06.780Z,lifecycle,False,,10,4,10,0,0.49999999999999994,-0.8660254037844387
2025-10-17 11:00:00+00:00,DE,0.6074950690335306,2025-10-26T00:34:06.029Z,2025-10-14T23:26:06.780Z,lifecycle,False,,11,4,10,0,0.258819045102521,-0.9659258262890682
2025-10-17 12:00:00+00:00,DE,0.6232741617357002,2025-10-26T00:34:25.413Z,2025-10-14T23:26:15.840Z,lifecycle,False,,12,4,10,0,1.2246467991473532e-16,-1.0
2025-10-17 13:00:00+00:00,DE,0.6646942800788955,2025-10-26T00:34:25.941Z,2025-10-14T23:25:51.908Z,lifecycle,False,,13,4,10,0,-0.2588190451025208,-0.9659258262890683
2025-10-17 14:00:00+00:00,DE,0.7199211045364892,2025-10-26T00:34:25.941Z,2025-10-14T23:26:15.840Z,lifecycle,False,,14,4,10,0,-0.4999999999999997,-0.8660254037844388
2025-10-17 15:00:00+00:00,DE,0.757396449704142,2025-10-26T00:34:06.029Z,2025-10-14T23:25:51.908Z,lifecycle,False,,15,4,10,0,-0.7071067811865471,-0.7071067811865479
2025-10-17 16:00:00+00:00,DE,0.7712031558185405,2025-10-26T00:34:33.608Z,2025-10-14T23:25:51.908Z,lifecycle,False,,16,4,10,0,-0.8660254037844385,-0.5000000000000004
2025-10-17 17:00:00+00:00,DE,0.777120315581854,2025-10-26T00:34:33.011Z,2025-10-14T23:26:15.840Z,lifecycle,False,,17,4,10,0,-0.9659258262890683,-0.25881904510252063
2025-10-17 18:00:00+00:00,DE,0.777120315581854,2025-10-26T00:34:33.608Z,2025-10-14T23:26:06.780Z,lifecycle,False,,18,4,10,0,-1.0,-1.8369701987210297e-16
2025-10-17 19:00:00+00:00,DE,0.7712031558185405,2025-10-26T00:34:33.608Z,2025-10-14T23:25:51.908Z,lifecycle,False,,19,4,10,0,-0.9659258262890684,0.2588190451025203
2025-10-17 20:00:00+00:00,DE,0.7909270216962525,2025-10-26T00:34:15.242Z,2025-10-14T23:25:51.908Z,lifecycle,False,,20,4,10,0,-0.8660254037844386,0.5000000000000001
2025-10-17 21:00:00+00:00,DE,0.7692307692307693,2025-10-26T00:34:33.608Z,2025-10-14T23:26:15.840Z,lifecycle,False,,21,4,10,0,-0.7071067811865477,0.7071067811865474
2025-10-17 22:00:00+00:00,DE,0.7731755424063117,2025-10-26T00:34:33.011Z,2025-10-14T23:26:15.840Z,lifecycle,False,,22,4,10,0,-0.5000000000000004,0.8660254037844384
2025-10-17 23:00:00+00:00,DE,0.7869822485207101,2025-10-26T00:34:33.011Z,2025-10-14T23:25:51.908Z,lifecycle,False,,23,4,10,0,-0.25881904510252157,0.9659258262890681
2025-10-18 00:00:00+00:00,DE,0.8027613412228797,2025-10-27T01:30:45.990Z,2025-10-15T22:39:53.727Z,lifecycle,False,,0,5,10,1,0.0,1.0
2025-10-18 01:00:00+00:00,DE,0.7889546351084813,2025-10-27T01:30:37.120Z,2025-10-15T22:39:53.727Z,lifecycle,False,,1,5,10,1,0.25881904510252074,0.9659258262890683
2025-10-18 02:00:00+00:00,DE,0.7850098619329389,2025-10-27T01:30:37.120Z,2025-10-15T23:56:35.065Z,lifecycle,False,,2,5,10,1,0.49999999999999994,0.8660254037844387
2025-10-18 03:00:00+00:00,DE,0.7909270216962525,2025-10-27T01:30:45.990Z,2025-10-15T23:56:27.344Z,lifecycle,False,,3,5,10,1,0.7071067811865476,0.7071067811865476
2025-10-18 04:00:00+00:00,DE,0.8264299802761341,2025-10-27T01:30:37.120Z,2025-10-15T23:56:27.344Z,lifecycle,False,,4,5,10,1,0.8660254037844386,0.5000000000000001
2025-10-18 05:00:00+00:00,DE,0.8717948717948719,2025-10-27T01:30:37.120Z,2025-10-15T23:56:27.344Z,lifecycle,False,,5,5,10,1,0.9659258262890683,0.25881904510252074
2025-10-18 06:00:00+00:00,DE,0.8362919132149902,2025-10-27T01:30:45.990Z,2025-10-15T23:56:17.524Z,lifecycle,False,,6,5,10,1,1.0,6.123233995736766e-17
2025-10-18 07:00:00+00:00,DE,0.717948717948718,2025-10-27T01:30:15.979Z,2025-10-15T23:56:17.524Z,lifecycle,False,,7,5,10,1,0.9659258262890683,-0.25881904510252063
2025-10-18 08:00:00+00:00,DE,0.5325443786982249,2025-10-27T01:30:37.120Z,2025-10-15T23:56:17.524Z,lifecycle,False,,8,5,10,1,0.8660254037844387,-0.4999999999999998
2025-10-18 09:00:00+00:00,DE,0.3550295857988166,2025-10-27T01:30:37.120Z,2025-10-15T23:56:27.344Z,lifecycle,False,,9,5,10,1,0.7071067811865476,-0.7071067811865475
2025-10-18 10:00:00+00:00,DE,0.28402366863905326,2025-10-27T01:30:37.120Z,2025-10-15T23:56:35.065Z,lifecycle,False,,10,5,10,1,0.49999999999999994,-0.8660254037844387
2025-10-18 11:00:00+00:00,DE,0.2879684418145957,2025-10-27T01:30:37.120Z,2025-10-15T23:56:17.524Z,lifecycle,False,,11,5,10,1,0.258819045102521,-0.9659258262890682
2025-10-18 12:00:00+00:00,DE,0.3175542406311638,2025-10-27T01:30:37.120Z,2025-10-15T23:56:17.524Z,lifecycle,False,,12,5,10,1,1.2246467991473532e-16,-1.0
2025-10-18 13:00:00+00:00,DE,0.4319526627218935,2025-10-27T01:30:37.120Z,2025-10-15T23:56:17.524Z,lifecycle,False,,13,5,10,1,-0.2588190451025208,-0.9659258262890683
2025-10-18 14:00:00+00:00,DE,0.6193293885601578,2025-10-27T01:30:37.120Z,2025-10-15T23:56:35.065Z,lifecycle,False,,14,5,10,1,-0.4999999999999997,-0.8660254037844388
2025-10-18 15:00:00+00:00,DE,0.8362919132149902,2025-10-27T01:30:45.990Z,2025-10-15T23:56:27.344Z,lifecycle,False,,15,5,10,1,-0.7071067811865471,-0.7071067811865479
2025-10-18 16:00:00+00:00,DE,0.8520710059171598,2025-10-27T01:30:15.979Z,2025-10-15T23:56:35.065Z,lifecycle,False,,16,5,10,1,-0.8660254037844385,-0.5000000000000004
2025-10-18 17:00:00+00:00,DE,0.8126232741617357,2025-10-27T01:31:02.878Z,2025-10-15T23:56:17.524Z,lifecycle,False,,17,5,10,1,-0.9659258262890683,-0.25881904510252063
2025-10-18 18:00:00+00:00,DE,0.7416173570019724,2025-10-27T01:31:02.878Z,2025-10-15T23:56:27.344Z,lifecycle,False,,18,5,10,1,-1.0,-1.8369701987210297e-16
2025-10-18 19:00:00+00:00,DE,0.6804733727810651,2025-10-27T01:30:23.712Z,2025-10-15T23:56:27.344Z,lifecycle,False,,19,5,10,1,-0.9659258262890684,0.2588190451025203
2025-10-18 20:00:00+00:00,DE,0.6351084812623274,2025-10-27T01:31:02.878Z,2025-10-15T23:56:27.344Z,lifecycle,False,,20,5,10,1,-0.8660254037844386,0.5000000000000001
2025-10-18 21:00:00+00:00,DE,0.5838264299802761,2025-10-27T01:30:44.894Z,2025-10-15T23:56:35.065Z,lifecycle,False,,21,5,10,1,-0.7071067811865477,0.7071067811865474
2025-10-18 22:00:00+00:00,DE,0.5029585798816568,2025-10-27T01:31:02.878Z,2025-10-15T23:56:27.344Z,lifecycle,False,,22,5,10,1,-0.5000000000000004,0.8660254037844384
2025-10-18 23:00:00+00:00,DE,0.4516765285996055,2025-10-27T01:30:44.894Z,2025-10-15T23:56:35.065Z,lifecycle,False,,23,5,10,1,-0.25881904510252157,0.9659258262890681
2025-10-19 00:00:00+00:00,DE,0.4358974358974359,2025-10-27T01:30:44.894Z,2025-10-16T22:40:16.740Z,lifecycle,False,,0,6,10,1,0.0,1.0
2025-10-19 01:00:00+00:00,DE,0.4358974358974359,2025-10-27T01:30:23.712Z,2025-10-16T22:40:29.352Z,lifecycle,False,,1,6,10,1,0.25881904510252074,0.9659258262890683
2025-10-19 02:00:00+00:00,DE,0.42998027613412226,2025-10-27T01:30:44.894Z,2025-10-16T23:40:59.962Z,lifecycle,False,,2,6,10,1,0.49999999999999994,0.8660254037844387
2025-10-19 03:00:00+00:00,DE,0.4201183431952663,2025-10-27T01:30:44.894Z,2025-10-16T23:40:37.918Z,lifecycle,False,,3,6,10,1,0.7071067811865476,0.7071067811865476
2025-10-19 04:00:00+00:00,DE,0.4240631163708086,2025-10-27T01:31:02.878Z,2025-10-16T23:40:17.156Z,lifecycle,False,,4,6,10,1,0.8660254037844386,0.5000000000000001
2025-10-19 05:00:00+00:00,DE,0.4181459566074951,2025-10-27T01:31:02.878Z,2025-10-16T23:40:37.918Z,lifecycle,False,,5,6,10,1,0.9659258262890683,0.25881904510252074
2025-10-19 06:00:00+00:00,DE,0.3865877712031558,2025-10-27T01:30:23.712Z,2025-10-16T23:40:17.156Z,lifecycle,False,,6,6,10,1,1.0,6.123233995736766e-17
2025-10-19 07:00:00+00:00,DE,0.3037475345167653,2025-10-27T01:30:23.712Z,2025-10-16T23:40:59.962Z,lifecycle,False,,7,6,10,1,0.9659258262890683,-0.25881904510252063
2025-10-19 08:00:00+00:00,DE,0.21301775147928995,2025-10-27T01:30:44.894Z,2025-10-16T23:40:37.918Z,lifecycle,False,,8,6,10,1,0.8660254037844387,-0.4999999999999998
2025-10-19 09:00:00+00:00,DE,0.17751479289940827,2025-10-27T01:30:44.894Z,2025-10-16T23:40:17.156Z,lifecycle,False,,9,6,10,1,0.7071067811865476,-0.7071067811865475
2025-10-19 10:00:00+00:00,DE,0.16173570019723868,2025-10-26T00:34:36.656Z,2025-10-16T23:40:17.156Z,lifecycle,False,,10,6,10,1,0.49999999999999994,-0.8660254037844387
2025-10-19 11:00:00+00:00,DE,0.15976331360946747,2025-10-27T01:30:23.712Z,2025-10-16T23:40:17.156Z,lifecycle,False,,11,6,10,1,0.258819045102521,-0.9659258262890682
2025-10-19 12:00:00+00:00,DE,0.1637080867850099,2025-10-27T01:30:44.894Z,2025-10-16T23:40:37.918Z,lifecycle,False,,12,6,10,1,1.2246467991473532e-16,-1.0
2025-10-19 13:00:00+00:00,DE,0.1794871794871795,2025-10-27T01:30:23.712Z,2025-10-16T23:40:17.156Z,lifecycle,False,,13,6,10,1,-0.2588190451025208,-0.9659258262890683
2025-10-19 14:00:00+00:00,DE,0.31360946745562135,2025-10-27T01:31:02.878Z,2025-10-16T23:40:37.918Z,lifecycle,False,,14,6,10,1,-0.4999999999999997,-0.8660254037844388
2025-10-19 15:00:00+00:00,DE,0.4043392504930966,2025-10-27T01:30:23.712Z,2025-10-16T23:40:59.962Z,lifecycle,False,,15,6,10,1,-0.7071067811865471,-0.7071067811865479
2025-10-19 16:00:00+00:00,DE,0.368836291913215,2025-10-27T01:31:02.878Z,2025-10-16T23:40:59.962Z,lifecycle,False,,16,6,10,1,-0.8660254037844385,-0.5000000000000004
2025-10-19 17:00:00+00:00,DE,0.28205128205128205,2025-10-27T01:31:02.878Z,2025-10-16T23:40:37.918Z,lifecycle,False,,17,6,10,1,-0.9659258262890683,-0.25881904510252063
2025-10-19 18:00:00+00:00,DE,0.25049309664694286,2025-10-27T01:30:23.712Z,2025-10-16T23:40:59.962Z,lifecycle,False,,18,6,10,1,-1.0,-1.8369701987210297e-16
2025-10-19 19:00:00+00:00,DE,0.2583826429980276,2025-10-27T01:30:44.894Z,2025-10-16T23:40:17.156Z,lifecycle,False,,19,6,10,1,-0.9659258262890684,0.2588190451025203
2025-10-19 20:00:00+00:00,DE,0.2919132149901381,2025-10-27T01:30:44.894Z,2025-10-16T23:40:37.918Z,lifecycle,False,,20,6,10,1,-0.8660254037844386,0.5000000000000001
2025-10-19 21:00:00+00:00,DE,0.2781065088757396,2025-10-27T01:31:02.878Z,2025-10-16T23:40:37.918Z,lifecycle,False,,21,6,10,1,-0.7071067811865477,0.7071067811865474
2025-10-19 22:00:00+00:00,DE,0.2741617357001973,2025-10-27T01:30:44.894Z,2025-10-16T23:40:17.156Z,lifecycle,False,,22,6,10,1,-0.5000000000000004,0.8660254037844384
2025-10-19 23:00:00+00:00,DE,0.2919132149901381,2025-10-27T01:30:23.712Z,2025-10-16T23:40:37.918Z,lifecycle,False,,23,6,10,1,-0.25881904510252157,0.9659258262890681
2025-10-20 00:00:00+00:00,DE,0.2879684418145957,2025-10-27T01:30:44.894Z,2025-10-17T21:40:24.227Z,lifecycle,False,,0,0,10,0,0.0,1.0
2025-10-20 01:00:00+00:00,DE,0.2879684418145957,2025-10-27T01:30:44.894Z,2025-10-17T21:40:14.509Z,lifecycle,False,,1,0,10,0,0.25881904510252074,0.9659258262890683
2025-10-20 02:00:00+00:00,DE,0.30177514792899407,2025-10-27T01:30:23.712Z,2025-10-17T21:40:14.509Z,lifecycle,False,,2,0,10,0,0.49999999999999994,0.8660254037844387
2025-10-20 03:00:00+00:00,DE,0.34911242603550297,2025-10-27T01:30:23.712Z,2025-10-17T21:40:24.227Z,lifecycle,False,,3,0,10,0,0.7071067811865476,0.7071067811865476
2025-10-20 04:00:00+00:00,DE,0.36094674556213013,2025-10-27T01:31:02.878Z,2025-10-17T21:40:14.509Z,lifecycle,False,,4,0,10,0,0.8660254037844386,0.5000000000000001
2025-10-20 05:00:00+00:00,DE,0.3846153846153846,2025-10-27T01:30:44.894Z,2025-10-17T21:40:24.227Z,lifecycle,False,,5,0,10,0,0.9659258262890683,0.25881904510252074
2025-10-20 06:00:00+00:00,DE,0.3747534516765286,2025-10-27T01:31:02.878Z,2025-10-17T21:40:03.524Z,lifecycle,False,,6,0,10,0,1.0,6.123233995736766e-17
2025-10-20 07:00:00+00:00,DE,0.3530571992110454,2025-10-27T01:30:44.894Z,2025-10-17T21:40:03.524Z,lifecycle,False,,7,0,10,0,0.9659258262890683,-0.25881904510252063
2025-10-20 08:00:00+00:00,DE,0.32741617357001973,2025-10-27T01:30:44.894Z,2025-10-17T21:40:24.227Z,lifecycle,False,,8,0,10,0,0.8660254037844387,-0.4999999999999998
2025-10-20 09:00:00+00:00,DE,0.3096646942800789,2025-10-27T01:30:48.854Z,2025-10-17T21:40:14.509Z,lifecycle,False,,9,0,10,0,0.7071067811865476,-0.7071067811865475
2025-10-20 10:00:00+00:00,DE,0.3037475345167653,2025-10-27T01:30:48.854Z,2025-10-17T21:40:24.227Z,lifecycle,False,,10,0,10,0,0.49999999999999994,-0.8660254037844387
2025-10-20 11:00:00+00:00,DE,0.30177514792899407,2025-10-27T01:30:23.712Z,2025-10-17T21:40:03.524Z,lifecycle,False,,11,0,10,0,0.258819045102521,-0.9659258262890682
2025-10-20 12:00:00+00:00,DE,0.3096646942800789,2025-10-27T01:30:27.625Z,2025-10-17T21:40:03.524Z,lifecycle,False,,12,0,10,0,1.2246467991473532e-16,-1.0
2025-10-20 13:00:00+00:00,DE,0.3510848126232742,2025-10-27T01:30:27.625Z,2025-10-17T21:40:03.524Z,lifecycle,False,,13,0,10,0,-0.2588190451025208,-0.9659258262890683
2025-10-20 14:00:00+00:00,DE,0.4063116370808678,2025-10-27T01:31:06.363Z,2025-10-17T21:40:24.227Z,lifecycle,False,,14,0,10,0,-0.4999999999999997,-0.8660254037844388
2025-10-20 15:00:00+00:00,DE,0.42603550295857984,2025-10-27T01:30:27.625Z,2025-10-17T21:40:03.524Z,lifecycle,False,,15,0,10,0,-0.7071067811865471,-0.7071067811865479
2025-10-20 16:00:00+00:00,DE,0.3984220907297831,2025-10-27T01:30:48.854Z,2025-10-17T21:40:24.227Z,lifecycle,False,,16,0,10,0,-0.8660254037844385,-0.5000000000000004
2025-10-20 17:00:00+00:00,DE,0.3727810650887574,2025-10-27T01:31:06.363Z,2025-10-17T21:40:24.227Z,lifecycle,False,,17,0,10,0,-0.9659258262890683,-0.25881904510252063
2025-10-20 18:00:00+00:00,DE,0.33136094674556216,2025-10-27T01:31:06.363Z,2025-10-17T21:40:24.227Z,lifecycle,False,,18,0,10,0,-1.0,-1.8369701987210297e-16
2025-10-20 19:00:00+00:00,DE,0.3037475345167653,2025-10-27T01:30:48.854Z,2025-10-17T21:40:14.509Z,lifecycle,False,,19,0,10,0,-0.9659258262890684,0.2588190451025203
2025-10-20 20:00:00+00:00,DE,0.2761341222879684,2025-10-27T01:31:06.363Z,2025-10-17T21:40:03.524Z,lifecycle,False,,20,0,10,0,-0.8660254037844386,0.5000000000000001
2025-10-20 21:00:00+00:00,DE,0.2603550295857988,2025-10-27T01:30:48.854Z,2025-10-17T21:40:24.227Z,lifecycle,False,,21,0,10,0,-0.7071067811865477,0.7071067811865474
2025-10-20 22:00:00+00:00,DE,0.24852071005917162,2025-10-27T01:31:06.363Z,2025-10-17T23:40:01.058Z,lifecycle,False,,22,0,10,0,-0.5000000000000004,0.8660254037844384
2025-10-20 23:00:00+00:00,DE,0.23471400394477318,2025-10-27T01:31:06.363Z,2025-10-17T23:39:48.605Z,lifecycle,False,,23,0,10,0,-0.25881904510252157,0.9659258262890681
2025-10-21 00:00:00+00:00,DE,0.2287968441814596,2025-10-27T01:31:06.363Z,2025-10-19T00:24:28.995Z,lifecycle,False,,0,1,10,0,0.0,1.0
2025-10-21 01:00:00+00:00,DE,0.21696252465483237,2025-10-24T01:40:10.929Z,2025-10-19T00:24:39.087Z,lifecycle,False,,1,1,10,0,0.25881904510252074,0.9659258262890683
2025-10-21 02:00:00+00:00,DE,0.21893491124260359,2025-10-24T02:25:12.904Z,2025-10-19T00:24:28.995Z,lifecycle,False,,2,1,10,0,0.49999999999999994,0.8660254037844387
2025-10-21 03:00:00+00:00,DE,0.23274161735700197,2025-10-24T03:55:23.715Z,2025-10-19T00:43:03.292Z,lifecycle,False,,3,1,10,0,0.7071067811865476,0.7071067811865476
2025-10-21 04:00:00+00:00,DE,0.23274161735700197,2025-10-24T04:54:43.547Z,2025-10-19T00:42:48.763Z,lifecycle,False,,4,1,10,0,0.8660254037844386,0.5000000000000001
2025-10-21 05:00:00+00:00,DE,0.26429980276134124,2025-10-24T05:39:40.854Z,2025-10-19T00:43:03.292Z,lifecycle,False,,5,1,10,0,0.9659258262890683,0.25881904510252074
2025-10-21 06:00:00+00:00,DE,0.2879684418145957,2025-10-24T06:25:49.188Z,2025-10-19T00:43:03.292Z,lifecycle,False,,6,1,10,0,1.0,6.123233995736766e-17
2025-10-21 07:00:00+00:00,DE,0.28007889546351084,2025-10-24T07:27:00.935Z,2025-10-19T00:42:48.763Z,lifecycle,False,,7,1,10,0,0.9659258262890683,-0.25881904510252063
2025-10-21 08:00:00+00:00,DE,0.21104536489151873,2025-10-24T08:56:58.663Z,2025-10-19T00:43:03.292Z,lifecycle,False,,8,1,10,0,0.8660254037844387,-0.4999999999999998
2025-10-21 09:00:00+00:00,DE,0.17554240631163712,2025-10-24T09:27:33.412Z,2025-10-19T00:43:03.292Z,lifecycle,False,,9,1,10,0,0.7071067811865476,-0.7071067811865475
2025-10-21 10:00:00+00:00,DE,0.1637080867850099,2025-10-24T08:27:42.553Z,2025-10-19T00:42:57.597Z,lifecycle,False,,10,1,10,0,0.49999999999999994,-0.8660254037844387
2025-10-21 11:00:00+00:00,DE,0.18737672583826434,2025-10-24T11:25:33.094Z,2025-10-19T00:42:57.597Z,lifecycle,False,,11,1,10,0,0.258819045102521,-0.9659258262890682
2025-10-21 12:00:00+00:00,DE,0.18737672583826434,2025-10-24T12:25:35.691Z,2025-10-19T00:42:48.763Z,lifecycle,False,,12,1,10,0,1.2246467991473532e-16,-1.0
2025-10-21 13:00:00+00:00,DE,0.2445759368836292,2025-10-24T13:25:02.942Z,2025-10-19T00:42:48.763Z,lifecycle,False,,13,1,10,0,-0.2588190451025208,-0.9659258262890683
2025-10-21 14:00:00+00:00,DE,0.30177514792899407,2025-10-24T14:54:32.895Z,2025-10-19T00:43:03.292Z,lifecycle,False,,14,1,10,0,-0.4999999999999997,-0.8660254037844388
2025-10-21 15:00:00+00:00,DE,0.4240631163708086,2025-10-24T15:24:16.832Z,2025-10-19T00:43:03.292Z,lifecycle,False,,15,1,10,0,-0.7071067811865471,-0.7071067811865479
2025-10-21 16:00:00+00:00,DE,0.4714003944773175,2025-10-24T16:29:38.058Z,2025-10-19T00:42:48.763Z,lifecycle,False,,16,1,10,0,-0.8660254037844385,-0.5000000000000004
2025-10-21 17:00:00+00:00,DE,0.47731755424063116,2025-10-24T16:29:26.747Z,2025-10-19T00:42:57.597Z,lifecycle,False,,17,1,10,0,-0.9659258262890683,-0.25881904510252063
2025-10-21 18:00:00+00:00,DE,0.47731755424063116,2025-10-24T18:26:36.345Z,2025-10-19T00:42:48.763Z,lifecycle,False,,18,1,10,0,-1.0,-1.8369701987210297e-16
2025-10-21 19:00:00+00:00,DE,0.4497041420118343,2025-10-24T15:24:09.253Z,2025-10-19T00:42:57.597Z,lifecycle,False,,19,1,10,0,-0.9659258262890684,0.2588190451025203
2025-10-21 20:00:00+00:00,DE,0.44181459566074954,2025-10-24T15:24:16.832Z,2025-10-19T00:43:03.292Z,lifecycle,False,,20,1,10,0,-0.8660254037844386,0.5000000000000001
2025-10-21 21:00:00+00:00,DE,0.4339250493096647,2025-10-24T21:24:56.937Z,2025-10-19T00:42:48.763Z,lifecycle,False,,21,1,10,0,-0.7071067811865477,0.7071067811865474
2025-10-21 22:00:00+00:00,DE,0.45759368836291914,2025-10-24T15:24:09.253Z,2025-10-19T00:42:48.763Z,lifecycle,False,,22,1,10,0,-0.5000000000000004,0.8660254037844384
2025-10-21 23:00:00+00:00,DE,0.4714003944773175,2025-10-24T15:24:16.832Z,2025-10-19T00:42:48.763Z,lifecycle,False,,23,1,10,0,-0.25881904510252157,0.9659258262890681
2025-10-22 00:00:00+00:00,DE,0.47337278106508873,2025-10-24T15:23:56.601Z,2025-10-19T23:41:30.942Z,lifecycle,False,,0,2,10,0,0.0,1.0
2025-10-22 01:00:00+00:00,DE,0.49309664694280075,2025-10-24T15:24:16.832Z,2025-10-19T23:40:42.281Z,lifecycle,False,,1,2,10,0,0.25881904510252074,0.9659258262890683
2025-10-22 02:00:00+00:00,DE,0.5285996055226825,2025-10-24T15:24:16.832Z,2025-10-19T23:41:30.942Z,lifecycle,False,,2,2,10,0,0.49999999999999994,0.8660254037844387
2025-10-22 03:00:00+00:00,DE,0.5897435897435898,2025-10-24T15:23:56.601Z,2025-10-19T23:40:42.281Z,lifecycle,False,,3,2,10,0,0.7071067811865476,0.7071067811865476
2025-10-22 04:00:00+00:00,DE,0.6489151873767258,2025-10-25T00:26:02.107Z,2025-10-19T23:41:30.942Z,lifecycle,False,,4,2,10,0,0.8660254037844386,0.5000000000000001
2025-10-22 05:00:00+00:00,DE,0.6725838264299803,2025-10-25T00:26:10.428Z,2025-10-19T23:41:41.482Z,lifecycle,False,,5,2,10,0,0.9659258262890683,0.25881904510252074
2025-10-22 06:00:00+00:00,DE,0.7001972386587771,2025-10-25T06:25:33.659Z,2025-10-19T23:41:41.482Z,lifecycle,False,,6,2,10,0,1.0,6.123233995736766e-17
2025-10-22 07:00:00+00:00,DE,0.6785009861932939,2025-10-25T06:25:33.659Z,2025-10-19T23:40:42.281Z,lifecycle,False,,7,2,10,0,0.9659258262890683,-0.25881904510252063
2025-10-22 08:00:00+00:00,DE,0.6390532544378699,2025-10-25T08:54:06.941Z,2025-10-19T23:40:42.281Z,lifecycle,False,,8,2,10,0,0.8660254037844387,-0.4999999999999998
2025-10-22 09:00:00+00:00,DE,0.6134122287968442,2025-10-25T08:53:59.933Z,2025-10-19T23:41:30.942Z,lifecycle,False,,9,2,10,0,0.7071067811865476,-0.7071067811865475
2025-10-22 10:00:00+00:00,DE,0.5976331360946746,2025-10-25T08:54:06.941Z,2025-10-19T23:41:30.942Z,lifecycle,False,,10,2,10,0,0.49999999999999994,-0.8660254037844387
2025-10-22 11:00:00+00:00,DE,0.5838264299802761,2025-10-25T08:53:48.201Z,2025-10-19T23:40:42.281Z,lifecycle,False,,11,2,10,0,0.258819045102521,-0.9659258262890682
2025-10-22 12:00:00+00:00,DE,0.6252465483234714,2025-10-25T08:53:48.201Z,2025-10-19T23:41:30.942Z,lifecycle,False,,12,2,10,0,1.2246467991473532e-16,-1.0
2025-10-22 13:00:00+00:00,DE,0.7021696252465484,2025-10-25T12:25:37.702Z,2025-10-19T23:41:30.942Z,lifecycle,False,,13,2,10,0,-0.2588190451025208,-0.9659258262890683
2025-10-22 14:00:00+00:00,DE,0.7712031558185405,2025-10-25T12:25:37.702Z,2025-10-19T23:41:41.482Z,lifecycle,False,,14,2,10,0,-0.4999999999999997,-0.8660254037844388
2025-10-22 15:00:00+00:00,DE,0.8244575936883629,2025-10-25T15:26:03.871Z,2025-10-19T23:41:30.942Z,lifecycle,False,,15,2,10,0,-0.7071067811865471,-0.7071067811865479
2025-10-22 16:00:00+00:00,DE,0.8481262327416174,2025-10-25T15:26:03.871Z,2025-10-19T23:41:30.942Z,lifecycle,False,,16,2,10,0,-0.8660254037844385,-0.5000000000000004
2025-10-22 17:00:00+00:00,DE,0.854043392504931,2025-10-25T15:25:41.151Z,2025-10-19T23:41:30.942Z,lifecycle,False,,17,2,10,0,-0.9659258262890683,-0.25881904510252063
2025-10-22 18:00:00+00:00,DE,0.8599605522682446,2025-10-25T18:25:06.506Z,2025-10-19T23:41:30.942Z,lifecycle,False,,18,2,10,0,-1.0,-1.8369701987210297e-16
2025-10-22 19:00:00+00:00,DE,0.8856015779092702,2025-10-25T18:25:06.506Z,2025-10-19T23:40:42.281Z,lifecycle,False,,19,2,10,0,-0.9659258262890684,0.2588190451025203
2025-10-22 20:00:00+00:00,DE,0.9013806706114399,2025-10-25T20:40:52.257Z,2025-10-19T23:41:30.942Z,lifecycle,False,,20,2,10,0,-0.8660254037844386,0.5000000000000001
2025-10-22 21:00:00+00:00,DE,0.8757396449704141,2025-10-25T20:41:13.368Z,2025-10-19T23:41:30.942Z,lifecycle,False,,21,2,10,0,-0.7071067811865477,0.7071067811865474
2025-10-22 22:00:00+00:00,DE,0.8106508875739645,2025-10-25T12:25:24.136Z,2025-10-19T23:40:42.281Z,lifecycle,False,,22,2,10,0,-0.5000000000000004,0.8660254037844384
2025-10-22 23:00:00+00:00,DE,0.7258382642998028,2025-10-25T23:25:10.541Z,2025-10-19T23:41:30.942Z,lifecycle,False,,23,2,10,0,-0.25881904510252157,0.9659258262890681
2025-10-23 00:00:00+00:00,DE,0.5976331360946746,2025-10-26T00:09:47.342Z,2025-10-20T23:55:22.430Z,lifecycle,False,,0,3,10,0,0.0,1.0
2025-10-23 01:00:00+00:00,DE,0.4023668639053254,2025-10-24T23:40:39.100Z,2025-10-20T23:55:12.317Z,lifecycle,False,,1,3,10,0,0.25881904510252074,0.9659258262890683
2025-10-23 02:00:00+00:00,DE,0.29388560157790933,2025-10-26T02:40:59.874Z,2025-10-20T23:54:54.871Z,lifecycle,False,,2,3,10,0,0.49999999999999994,0.8660254037844387
2025-10-23 03:00:00+00:00,DE,0.26824457593688367,2025-10-26T03:25:07.587Z,2025-10-20T23:55:12.317Z,lifecycle,False,,3,3,10,0,0.7071067811865476,0.7071067811865476
2025-10-23 04:00:00+00:00,DE,0.28402366863905326,2025-10-26T04:25:50.877Z,2025-10-20T23:55:22.430Z,lifecycle,False,,4,3,10,0,0.8660254037844386,0.5000000000000001
2025-10-23 05:00:00+00:00,DE,0.33136094674556216,2025-10-26T05:27:20.228Z,2025-10-20T23:55:12.317Z,lifecycle,False,,5,3,10,0,0.9659258262890683,0.25881904510252074
2025-10-23 06:00:00+00:00,DE,0.32741617357001973,2025-10-26T05:27:12.882Z,2025-10-20T23:55:12.317Z,lifecycle,False,,6,3,10,0,1.0,6.123233995736766e-17
2025-10-23 07:00:00+00:00,DE,0.3057199211045365,2025-10-26T05:27:20.228Z,2025-10-20T23:55:12.317Z,lifecycle,False,,7,3,10,0,0.9659258262890683,-0.25881904510252063
2025-10-23 08:00:00+00:00,DE,0.2879684418145957,2025-10-26T06:10:13.593Z,2025-10-20T23:54:54.871Z,lifecycle,False,,8,3,10,0,0.8660254037844387,-0.4999999999999998
2025-10-23 09:00:00+00:00,DE,0.2919132149901381,2025-10-26T06:25:14.593Z,2025-10-20T23:54:54.871Z,lifecycle,False,,9,3,10,0,0.7071067811865476,-0.7071067811865475
2025-10-23 10:00:00+00:00,DE,0.2583826429980276,2025-10-26T10:24:51.258Z,2025-10-20T23:55:22.430Z,lifecycle,False,,10,3,10,0,0.49999999999999994,-0.8660254037844387
2025-10-23 11:00:00+00:00,DE,0.2307692307692308,2025-10-26T10:24:51.258Z,2025-10-20T23:55:12.317Z,lifecycle,False,,11,3,10,0,0.258819045102521,-0.9659258262890682
2025-10-23 12:00:00+00:00,DE,0.21696252465483237,2025-10-26T10:24:51.258Z,2025-10-20T23:55:12.317Z,lifecycle,False,,12,3,10,0,1.2246467991473532e-16,-1.0
2025-10-23 13:00:00+00:00,DE,0.23471400394477318,2025-10-26T10:25:01.955Z,2025-10-20T23:54:54.871Z,lifecycle,False,,13,3,10,0,-0.2588190451025208,-0.9659258262890683
2025-10-23 14:00:00+00:00,DE,0.23274161735700197,2025-10-26T14:41:16.175Z,2025-10-20T23:54:54.871Z,lifecycle,False,,14,3,10,0,-0.4999999999999997,-0.8660254037844388
2025-10-23 15:00:00+00:00,DE,0.2741617357001973,2025-10-26T10:25:09.086Z,2025-10-20T23:55:22.430Z,lifecycle,False,,15,3,10,0,-0.7071067811865471,-0.7071067811865479
2025-10-23 16:00:00+00:00,DE,0.25246548323471407,2025-10-26T15:26:31.553Z,2025-10-20T23:55:22.430Z,lifecycle,False,,16,3,10,0,-0.8660254037844385,-0.5000000000000004
2025-10-23 17:00:00+00:00,DE,0.24260355029585803,2025-10-26T17:25:04.189Z,2025-10-20T23:55:22.430Z,lifecycle,False,,17,3,10,0,-0.9659258262890683,-0.25881904510252063
2025-10-23 18:00:00+00:00,DE,0.21301775147928995,2025-10-26T10:40:14.231Z,2025-10-20T23:54:54.871Z,lifecycle,False,,18,3,10,0,-1.0,-1.8369701987210297e-16
2025-10-23 19:00:00+00:00,DE,0.17751479289940827,2025-10-26T11:39:51.088Z,2025-10-20T23:55:12.317Z,lifecycle,False,,19,3,10,0,-0.9659258262890684,0.2588190451025203
2025-10-23 20:00:00+00:00,DE,0.15581854043392504,2025-10-26T11:39:51.088Z,2025-10-20T23:55:22.430Z,lifecycle,False,,20,3,10,0,-0.8660254037844386,0.5000000000000001
2025-10-23 21:00:00+00:00,DE,0.116370808678501,2025-10-26T13:10:09.636Z,2025-10-20T23:55:22.430Z,lifecycle,False,,21,3,10,0,-0.7071067811865477,0.7071067811865474
2025-10-23 22:00:00+00:00,DE,0.11242603550295857,2025-10-26T22:54:43.452Z,2025-10-20T23:55:22.430Z,lifecycle,False,,22,3,10,0,-0.5000000000000004,0.8660254037844384
2025-10-23 23:00:00+00:00,DE,0.10453648915187377,2025-10-26T23:25:19.692Z,2025-10-20T23:54:54.871Z,lifecycle,False,,23,3,10,0,-0.25881904510252157,0.9659258262890681
2025-10-24 00:00:00+00:00,DE,0.09861932938856019,2025-10-26T23:25:19.692Z,2025-10-21T22:41:36.923Z,lifecycle,False,,0,4,10,0,0.0,1.0
2025-10-24 01:00:00+00:00,DE,0.09467455621301776,2025-10-26T23:25:19.692Z,2025-10-21T22:41:36.923Z,lifecycle,False,,1,4,10,0,0.25881904510252074,0.9659258262890683
2025-10-24 02:00:00+00:00,DE,0.11045364891518741,2025-10-26T23:24:58.772Z,2025-10-21T23:39:45.754Z,lifecycle,False,,2,4,10,0,0.49999999999999994,0.8660254037844387
2025-10-24 03:00:00+00:00,DE,0.12031558185404342,2025-10-27T03:26:18.851Z,2025-10-21T23:40:05.165Z,lifecycle,False,,3,4,10,0,0.7071067811865476,0.7071067811865476
2025-10-24 04:00:00+00:00,DE,0.1242603550295858,2025-10-27T03:39:41.435Z,2025-10-21T23:40:05.165Z,lifecycle,False,,4,4,10,0,0.8660254037844386,0.5000000000000001
2025-10-24 05:00:00+00:00,DE,0.1637080867850099,2025-10-27T03:26:18.851Z,2025-10-21T23:40:05.165Z,lifecycle,False,,5,4,10,0,0.9659258262890683,0.25881904510252074
2025-10-24 06:00:00+00:00,DE,0.16962524654832348,2025-10-26T16:40:04.891Z,2025-10-21T23:40:05.165Z,lifecycle,False,,6,4,10,0,1.0,6.123233995736766e-17
2025-10-24 07:00:00+00:00,DE,0.14398422090729787,2025-10-26T03:56:11.738Z,2025-10-21T23:40:05.165Z,lifecycle,False,,7,4,10,0,0.9659258262890683,-0.25881904510252063
2025-10-24 08:00:00+00:00,DE,0.08678500986193294,2025-10-26T03:56:01.900Z,2025-10-21T23:40:05.165Z,lifecycle,False,,8,4,10,0,0.8660254037844387,-0.4999999999999998
2025-10-24 09:00:00+00:00,DE,0.04930966469428008,2025-10-26T07:39:50.823Z,2025-10-21T23:39:45.754Z,lifecycle,False,,9,4,10,0,0.7071067811865476,-0.7071067811865475
2025-10-24 10:00:00+00:00,DE,0.04930966469428008,2025-10-26T07:39:50.823Z,2025-10-21T23:39:45.754Z,lifecycle,False,,10,4,10,0,0.49999999999999994,-0.8660254037844387
2025-10-24 11:00:00+00:00,DE,0.051282051282051294,2025-10-26T03:55:40.693Z,2025-10-21T23:39:45.754Z,lifecycle,False,,11,4,10,0,0.258819045102521,-0.9659258262890682
2025-10-24 12:00:00+00:00,DE,0.04930966469428008,2025-10-26T03:55:40.693Z,2025-10-21T23:40:14.055Z,lifecycle,False,,12,4,10,0,1.2246467991473532e-16,-1.0
2025-10-24 13:00:00+00:00,DE,0.051282051282051294,2025-10-26T03:56:01.900Z,2025-10-21T23:40:05.165Z,lifecycle,False,,13,4,10,0,-0.2588190451025208,-0.9659258262890683
2025-10-24 14:00:00+00:00,DE,0.07100591715976332,2025-10-27T03:40:05.595Z,2025-10-21T23:40:05.165Z,lifecycle,False,,14,4,10,0,-0.4999999999999997,-0.8660254037844388
2025-10-24 15:00:00+00:00,DE,0.116370808678501,2025-10-27T03:39:41.435Z,2025-10-21T23:39:45.754Z,lifecycle,False,,15,4,10,0,-0.7071067811865471,-0.7071067811865479
2025-10-24 16:00:00+00:00,DE,0.16765285996055226,2025-10-27T02:41:34.362Z,2025-10-21T23:40:05.165Z,lifecycle,False,,16,4,10,0,-0.8660254037844385,-0.5000000000000004
2025-10-24 17:00:00+00:00,DE,0.1735700197238659,2025-10-27T02:41:04.889Z,2025-10-21T23:39:45.754Z,lifecycle,False,,17,4,10,0,-0.9659258262890683,-0.25881904510252063
2025-10-24 18:00:00+00:00,DE,0.14792899408284024,2025-10-27T02:25:52.212Z,2025-10-21T23:40:14.055Z,lifecycle,False,,18,4,10,0,-1.0,-1.8369701987210297e-16
2025-10-24 19:00:00+00:00,DE,0.126232741617357,2025-10-27T02:26:02.654Z,2025-10-21T23:39:45.754Z,lifecycle,False,,19,4,10,0,-0.9659258262890684,0.2588190451025203
2025-10-24 20:00:00+00:00,DE,0.12228796844181458,2025-10-27T02:26:02.654Z,2025-10-21T23:40:14.055Z,lifecycle,False,,20,4,10,0,-0.8660254037844386,0.5000000000000001
2025-10-24 21:00:00+00:00,DE,0.1242603550295858,2025-10-27T02:25:52.212Z,2025-10-21T23:40:05.165Z,lifecycle,False,,21,4,10,0,-0.7071067811865477,0.7071067811865474
2025-10-24 22:00:00+00:00,DE,0.12820512820512822,2025-10-27T02:25:38.064Z,2025-10-21T23:39:45.754Z,lifecycle,False,,22,4,10,0,-0.5000000000000004,0.8660254037844384
2025-10-24 23:00:00+00:00,DE,0.126232741617357,2025-10-27T02:25:52.212Z,2025-10-21T23:40:05.165Z,lifecycle,False,,23,4,10,0,-0.25881904510252157,0.9659258262890681
2025-10-25 00:00:00+00:00,DE,0.116370808678501,2025-10-27T02:25:52.212Z,2025-10-22T22:41:16.054Z,lifecycle,False,,0,5,10,1,0.0,1.0
2025-10-25 01:00:00+00:00,DE,0.09861932938856019,2025-10-27T02:25:52.212Z,2025-10-22T22:41:16.054Z,lifecycle,False,,1,5,10,1,0.25881904510252074,0.9659258262890683
2025-10-25 02:00:00+00:00,DE,0.09270216962524655,2025-10-27T03:40:05.595Z,2025-10-22T23:40:01.162Z,lifecycle,False,,2,5,10,1,0.49999999999999994,0.8660254037844387
2025-10-25 03:00:00+00:00,DE,0.09467455621301776,2025-10-27T03:39:41.435Z,2025-10-22T23:40:10.784Z,lifecycle,False,,3,5,10,1,0.7071067811865476,0.7071067811865476
2025-10-25 04:00:00+00:00,DE,0.09270216962524655,2025-10-27T02:26:02.654Z,2025-10-22T23:40:10.784Z,lifecycle,False,,4,5,10,1,0.8660254037844386,0.5000000000000001
2025-10-25 05:00:00+00:00,DE,0.07692307692307693,2025-10-27T02:25:52.212Z,2025-10-22T23:40:01.162Z,lifecycle,False,,5,5,10,1,0.9659258262890683,0.25881904510252074
2025-10-25 06:00:00+00:00,DE,0.06311637080867852,2025-10-27T02:25:52.212Z,2025-10-22T23:40:10.784Z,lifecycle,False,,6,5,10,1,1.0,6.123233995736766e-17
2025-10-25 07:00:00+00:00,DE,0.061143984220907305,2025-10-27T02:26:02.654Z,2025-10-22T23:40:10.784Z,lifecycle,False,,7,5,10,1,0.9659258262890683,-0.25881904510252063
2025-10-25 08:00:00+00:00,DE,0.04930966469428008,2025-10-27T02:25:38.064Z,2025-10-22T23:40:10.784Z,lifecycle,False,,8,5,10,1,0.8660254037844387,-0.4999999999999998
2025-10-25 09:00:00+00:00,DE,0.04339250493096647,2025-10-27T02:26:02.654Z,2025-10-22T23:40:10.784Z,lifecycle,False,,9,5,10,1,0.7071067811865476,-0.7071067811865475
2025-10-25 10:00:00+00:00,DE,0.051282051282051294,2025-10-27T02:26:02.654Z,2025-10-22T23:40:10.784Z,lifecycle,False,,10,5,10,1,0.49999999999999994,-0.8660254037844387
2025-10-25 11:00:00+00:00,DE,0.04930966469428008,2025-10-27T02:25:52.212Z,2025-10-22T23:40:01.162Z,lifecycle,False,,11,5,10,1,0.258819045102521,-0.9659258262890682
2025-10-25 12:00:00+00:00,DE,0.057199211045364906,2025-10-27T02:25:38.064Z,2025-10-22T23:40:19.336Z,lifecycle,False,,12,5,10,1,1.2246467991473532e-16,-1.0
2025-10-25 13:00:00+00:00,DE,0.05522682445759369,2025-10-27T02:26:02.654Z,2025-10-22T23:40:19.336Z,lifecycle,False,,13,5,10,1,-0.2588190451025208,-0.9659258262890683
2025-10-25 14:00:00+00:00,DE,0.061143984220907305,2025-10-27T02:25:38.064Z,2025-10-22T23:40:01.162Z,lifecycle,False,,14,5,10,1,-0.4999999999999997,-0.8660254037844388
2025-10-25 15:00:00+00:00,DE,0.06706114398422092,2025-10-27T02:26:02.654Z,2025-10-22T23:40:01.162Z,lifecycle,True,FORECASTS_HIERARCHY,15,5,10,1,-0.7071067811865471,-0.7071067811865479
2025-10-25 16:00:00+00:00,DE,0.10453648915187377,2025-10-27T02:25:38.064Z,2025-10-22T23:40:10.784Z,lifecycle,True,FORECASTS_HIERARCHY,16,5,10,1,-0.8660254037844385,-0.5000000000000004
2025-10-25 17:00:00+00:00,DE,0.11045364891518741,2025-10-27T02:26:02.654Z,2025-10-22T23:40:10.784Z,lifecycle,True,FORECASTS_HIERARCHY,17,5,10,1,-0.9659258262890683,-0.25881904510252063
2025-10-25 18:00:00+00:00,DE,0.09664694280078898,2025-10-27T02:25:38.064Z,2025-10-22T23:40:19.336Z,lifecycle,True,FORECASTS_HIERARCHY,18,5,10,1,-1.0,-1.8369701987210297e-16
2025-10-25 19:00:00+00:00,DE,0.08086785009861935,2025-10-27T02:25:52.212Z,2025-10-22T23:40:01.162Z,lifecycle,True,FORECASTS_HIERARCHY,19,5,10,1,-0.9659258262890684,0.2588190451025203
2025-10-25 20:00:00+00:00,DE,0.07692307692307693,2025-10-27T02:26:02.654Z,2025-10-22T23:40:10.784Z,lifecycle,True,FORECASTS_HIERARCHY,20,5,10,1,-0.8660254037844386,0.5000000000000001
2025-10-25 21:00:00+00:00,DE,0.04930966469428008,2025-10-27T02:25:56.356Z,2025-10-22T23:40:10.784Z,lifecycle,True,FORECASTS_HIERARCHY,21,5,10,1,-0.7071067811865477,0.7071067811865474
2025-10-25 22:00:00+00:00,DE,0.3037475345167653,2025-10-27T02:25:45.431Z,2025-10-22T23:40:19.336Z,lifecycle,True,FORECASTS_HIERARCHY,22,5,10,1,-0.5000000000000004,0.8660254037844384
2025-10-25 23:00:00+00:00,DE,0.25246548323471407,2025-10-27T02:25:56.356Z,2025-10-22T23:40:10.784Z,lifecycle,True,FORECASTS_HIERARCHY,23,5,10,1,-0.25881904510252157,0.9659258262890681
2025-10-26 00:00:00+00:00,DE,0.19329388560157792,2025-10-27T01:40:22.696Z,2025-10-23T22:27:02.924Z,lifecycle,True,FORECASTS_HIERARCHY,0,6,10,1,0.0,1.0
2025-10-26 01:00:00+00:00,DE,0.1715976331360947,2025-10-27T03:26:23.363Z,2025-10-23T22:26:52.266Z,lifecycle,True,FORECASTS_HIERARCHY,1,6,10,1,0.25881904510252074,0.9659258262890683
2025-10-26 02:00:00+00:00,DE,0.15187376725838267,2025-10-27T02:56:02.045Z,2025-10-23T22:26:52.266Z,lifecycle,True,FORECASTS_HIERARCHY,2,6,10,1,0.49999999999999994,0.8660254037844387
2025-10-26 03:00:00+00:00,DE,0.14595660749506903,2025-10-27T03:55:08.031Z,2025-10-23T22:27:02.924Z,lifecycle,True,FORECASTS_HIERARCHY,3,6,10,1,0.7071067811865476,0.7071067811865476
2025-10-26 04:00:00+00:00,DE,0.21893491124260359,2025-10-27T03:39:48.071Z,2025-10-23T22:27:11.419Z,lifecycle,True,FORECASTS_HIERARCHY,4,6,10,1,0.8660254037844386,0.5000000000000001
2025-10-26 05:00:00+00:00,DE,0.2564102564102564,2025-10-27T03:39:33.269Z,2025-10-23T22:26:52.266Z,lifecycle,True,FORECASTS_HIERARCHY,5,6,10,1,0.9659258262890683,0.25881904510252074
2025-10-26 06:00:00+00:00,DE,0.25246548323471407,2025-10-27T01:25:03.601Z,2025-10-23T22:27:02.924Z,lifecycle,True,FORECASTS_HIERARCHY,6,6,10,1,1.0,6.123233995736766e-17
2025-10-26 07:00:00+00:00,DE,0.18343195266272191,2025-10-27T01:25:03.601Z,2025-10-23T22:27:11.419Z,lifecycle,True,FORECASTS_HIERARCHY,7,6,10,1,0.9659258262890683,-0.25881904510252063
2025-10-26 08:00:00+00:00,DE,0.05325443786982251,2025-10-27T01:25:03.601Z,2025-10-23T22:27:11.419Z,lifecycle,True,FORECASTS_HIERARCHY,8,6,10,1,0.8660254037844387,-0.4999999999999998
2025-10-26 09:00:00+00:00,DE,0.023668639053254448,2025-10-27T01:24:43.275Z,2025-10-23T22:27:11.419Z,lifecycle,True,FORECASTS_HIERARCHY,9,6,10,1,0.7071067811865476,-0.7071067811865475
2025-10-26 10:00:00+00:00,DE,0.01972386587771205,2025-10-27T01:25:03.601Z,2025-10-23T22:26:52.266Z,lifecycle,True,FORECASTS_HIERARCHY,10,6,10,1,0.49999999999999994,-0.8660254037844387
2025-10-26 11:00:00+00:00,DE,0.015779092702169623,2025-10-27T01:24:43.275Z,2025-10-23T22:27:02.924Z,lifecycle,True,FORECASTS_HIERARCHY,11,6,10,1,0.258819045102521,-0.9659258262890682
2025-10-26 12:00:00+00:00,DE,0.01972386587771205,2025-10-27T01:24:53.182Z,2025-10-23T22:27:11.419Z,lifecycle,True,FORECASTS_HIERARCHY,12,6,10,1,1.2246467991473532e-16,-1.0
2025-10-26 13:00:00+00:00,DE,0.03550295857988167,2025-10-27T01:24:43.275Z,2025-10-23T22:26:52.266Z,lifecycle,True,FORECASTS_HIERARCHY,13,6,10,1,-0.2588190451025208,-0.9659258262890683
2025-10-26 14:00:00+00:00,DE,0.14990138067061146,2025-10-27T01:24:53.182Z,2025-10-23T22:27:11.419Z,lifecycle,True,FORECASTS_HIERARCHY,14,6,10,1,-0.4999999999999997,-0.8660254037844388
2025-10-26 15:00:00+00:00,DE,0.4043392504930966,2025-10-27T01:24:43.275Z,2025-10-23T22:27:02.924Z,lifecycle,True,FORECASTS_HIERARCHY,15,6,10,1,-0.7071067811865471,-0.7071067811865479
2025-10-26 16:00:00+00:00,DE,0.49309664694280075,2025-10-27T01:24:43.275Z,2025-10-23T22:27:02.924Z,lifecycle,True,FORECASTS_HIERARCHY,16,6,10,1,-0.8660254037844385,-0.5000000000000004
2025-10-26 17:00:00+00:00,DE,0.5108481262327417,2025-10-27T01:24:43.275Z,2025-10-23T22:27:02.924Z,lifecycle,True,FORECASTS_HIERARCHY,17,6,10,1,-0.9659258262890683,-0.25881904510252063
2025-10-26 18:00:00+00:00,DE,0.4970414201183432,2025-10-27T01:40:37.455Z,2025-10-23T22:26:52.266Z,lifecycle,True,FORECASTS_HIERARCHY,18,6,10,1,-1.0,-1.8369701987210297e-16
2025-10-26 19:00:00+00:00,DE,0.5009861932938856,2025-10-27T01:24:53.182Z,2025-10-23T22:27:02.924Z,lifecycle,True,FORECASTS_HIERARCHY,19,6,10,1,-0.9659258262890684,0.2588190451025203
2025-10-26 20:00:00+00:00,DE,0.4674556213017752,2025-10-27T01:24:53.182Z,2025-10-23T22:27:11.419Z,lifecycle,True,FORECASTS_HIERARCHY,20,6,10,1,-0.8660254037844386,0.5000000000000001
2025-10-26 21:00:00+00:00,DE,0.4043392504930966,2025-10-27T01:24:43.275Z,2025-10-23T22:27:02.924Z,lifecycle,True,FORECASTS_HIERARCHY,21,6,10,1,-0.7071067811865477,0.7071067811865474
2025-10-26 22:00:00+00:00,DE,0.31558185404339256,2025-10-27T02:26:06.039Z,2025-10-23T22:27:02.924Z,lifecycle,True,FORECASTS_HIERARCHY,22,6,10,1,-0.5000000000000004,0.8660254037844384
2025-10-26 23:00:00+00:00,DE,0.0,2025-10-27T02:41:27.556Z,2025-10-23T23:11:24.002Z,lifecycle,True,FORECASTS_HIERARCHY,23,6,10,1,-0.25881904510252157,0.9659258262890681
2025-10-27 00:00:00+00:00,DE,0.1735700197238659,2025-10-27T03:26:28.721Z,2025-10-24T00:09:58.307Z,lifecycle,True,FORECASTS_HIERARCHY,0,0,10,0,0.0,1.0
2025-10-27 01:00:00+00:00,DE,0.1656804733727811,2025-10-27T03:55:12.119Z,2025-10-24T15:43:35.606Z,lifecycle,True,FORECASTS_HIERARCHY,1,0,10,0,0.25881904510252074,0.9659258262890683
2025-10-27 02:00:00+00:00,DE,0.19723865877712035,2025-10-27T03:55:12.119Z,2025-10-24T15:43:35.606Z,lifecycle,True,FORECASTS_HIERARCHY,2,0,10,0,0.49999999999999994,0.8660254037844387
2025-10-27 03:00:00+00:00,DE,0.21893491124260359,2025-10-27T03:39:48.071Z,2025-10-24T15:43:28.232Z,lifecycle,True,FORECASTS_HIERARCHY,3,0,10,0,0.7071067811865476,0.7071067811865476
2025-10-27 04:00:00+00:00,DE,0.2544378698224852,2025-10-27T03:26:14.721Z,2025-10-24T15:43:28.232Z,lifecycle,True,FORECASTS_HIERARCHY,4,0,10,0,0.8660254037844386,0.5000000000000001
