datetime,zone,carbon,updatedAt,createdAt,emissionFactorType,isEstimated,estimationMethod,hour,dayofweek,month,is_weekend,hour_sin,hour_cos
2025-09-27 05:00:00+00:00,IE,256,2025-10-27T03:33:46.927Z,2025-09-24T23:11:51.697Z,lifecycle,True,MODE_BREAKDOWN,5,5,9,1,0.9659258262890683,0.25881904510252074
2025-09-27 06:00:00+00:00,IE,295,2025-10-27T03:34:18.368Z,2025-09-24T23:11:34.518Z,lifecycle,True,MODE_BREAKDOWN,6,5,9,1,1.0,6.123233995736766e-17
2025-09-27 07:00:00+00:00,IE,329,2025-10-27T03:34:02.736Z,2025-09-24T23:11:34.518Z,lifecycle,True,MODE_BREAKDOWN,7,5,9,1,0.9659258262890683,-0.25881904510252063
2025-09-27 08:00:00+00:00,IE,360,2025-10-27T03:34:18.368Z,2025-09-24T23:11:51.697Z,lifecycle,True,MODE_BREAKDOWN,8,5,9,1,0.8660254037844387,-0.4999999999999998
2025-09-27 09:00:00+00:00,IE,372,2025-10-27T03:33:46.927Z,2025-09-24T23:12:06.280Z,lifecycle,True,MODE_BREAKDOWN,9,5,9,1,0.7071067811865476,-0.7071067811865475
2025-09-27 10:00:00+00:00,IE,361,2025-10-27T03:34:02.736Z,2025-09-24T23:11:51.697Z,lifecycle,True,MODE_BREAKDOWN,10,5,9,1,0.49999999999999994,-0.8660254037844387
2025-09-27 11:00:00+00:00,IE,347,2025-10-27T03:34:02.736Z,2025-09-24T23:11:51.697Z,lifecycle,True,MODE_BREAKDOWN,11,5,9,1,0.258819045102521,-0.9659258262890682
2025-09-27 12:00:00+00:00,IE,311,2025-10-27T03:33:52.088Z,2025-09-24T23:11:51.697Z,lifecycle,True,MODE_BREAKDOWN,12,5,9,1,1.2246467991473532e-16,-1.0
2025-09-27 13:00:00+00:00,IE,305,2025-10-27T03:34:18.368Z,2025-09-24T23:11:51.697Z,lifecycle,True,MODE_BREAKDOWN,13,5,9,1,-0.2588190451025208,-0.9659258262890683
2025-09-27 14:00:00+00:00,IE,305,2025-10-27T03:34:18.368Z,2025-09-24T23:11:51.697Z,lifecycle,True,MODE_BREAKDOWN,14,5,9,1,-0.4999999999999997,-0.8660254037844388
2025-09-27 15:00:00+00:00,IE,309,2025-10-27T03:33:52.088Z,2025-09-24T23:12:06.280Z,lifecycle,True,MODE_BREAKDOWN,15,5,9,1,-0.7071067811865471,-0.7071067811865479
2025-09-27 16:00:00+00:00,IE,352,2025-10-27T03:33:52.088Z,2025-09-24T23:11:51.697Z,lifecycle,True,MODE_BREAKDOWN,16,5,9,1,-0.8660254037844385,-0.5000000000000004
2025-09-27 17:00:00+00:00,IE,394,2025-10-27T03:34:08.204Z,2025-09-24T23:11:34.518Z,lifecycle,True,MODE_BREAKDOWN,17,5,9,1,-0.9659258262890683,-0.25881904510252063
2025-09-27 18:00:00+00:00,IE,416,2025-10-27T03:34:18.368Z,2025-09-24T23:11:34.518Z,lifecycle,True,MODE_BREAKDOWN,18,5,9,1,-1.0,-1.8369701987210297e-16
2025-09-27 19:00:00+00:00,IE,411,2025-10-27T03:33:52.088Z,2025-09-24T23:12:06.280Z,lifecycle,True,MODE_BREAKDOWN,19,5,9,1,-0.9659258262890684,0.2588190451025203
2025-09-27 20:00:00+00:00,IE,415,2025-10-27T03:34:08.204Z,2025-09-24T23:12:06.280Z,lifecycle,True,MODE_BREAKDOWN,20,5,9,1,-0.8660254037844386,0.5000000000000001
2025-09-27 21:00:00+00:00,IE,417,2025-10-27T03:34:18.368Z,2025-09-24T23:11:34.518Z,lifecycle,True,MODE_BREAKDOWN,21,5,9,1,-0.7071067811865477,0.7071067811865474
2025-09-27 22:00:00+00:00,IE,429,2025-10-27T03:34:08.204Z,2025-09-24T23:11:34.518Z,lifecycle,True,MODE_BREAKDOWN,22,5,9,1,-0.5000000000000004,0.8660254037844384
2025-09-27 23:00:00+00:00,IE,426,2025-10-27T03:34:08.204Z,2025-09-24T23:12:06.280Z,lifecycle,True,MODE_BREAKDOWN,23,5,9,1,-0.25881904510252157,0.9659258262890681
2025-09-28 00:00:00+00:00,IE,422,2025-10-27T03:34:08.204Z,2025-09-25T22:55:34.135Z,lifecycle,True,MODE_BREAKDOWN,0,6,9,1,0.0,1.0
2025-09-28 01:00:00+00:00,IE,427,2025-10-27T03:33:52.088Z,2025-09-25T22:55:10.920Z,lifecycle,True,MODE_BREAKDOWN,1,6,9,1,0.25881904510252074,0.9659258262890683
2025-09-28 02:00:00+00:00,IE,414,2025-10-27T03:34:08.204Z,2025-09-25T23:40:13.788Z,lifecycle,True,MODE_BREAKDOWN,2,6,9,1,0.49999999999999994,0.8660254037844387
2025-09-28 03:00:00+00:00,IE,419,2025-10-17T00:15:34.358Z,2025-09-25T23:40:29.373Z,lifecycle,True,MODE_BREAKDOWN,3,6,9,1,0.7071067811865476,0.7071067811865476
2025-09-28 04:00:00+00:00,IE,414,2025-10-06T00:36:26.597Z,2025-09-25T23:40:41.100Z,lifecycle,True,MODE_BREAKDOWN,4,6,9,1,0.8660254037844386,0.5000000000000001
2025-09-28 05:00:00+00:00,IE,426,2025-10-06T00:36:22.119Z,2025-09-25T23:40:13.788Z,lifecycle,True,MODE_BREAKDOWN,5,6,9,1,0.9659258262890683,0.25881904510252074
2025-09-28 06:00:00+00:00,IE,429,2025-10-06T00:36:26.597Z,2025-09-25T23:40:13.788Z,lifecycle,True,MODE_BREAKDOWN,6,6,9,1,1.0,6.123233995736766e-17
2025-09-28 07:00:00+00:00,IE,410,2025-10-06T00:36:04.178Z,2025-09-25T23:40:13.788Z,lifecycle,True,MODE_BREAKDOWN,7,6,9,1,0.9659258262890683,-0.25881904510252063
2025-09-28 08:00:00+00:00,IE,396,2025-10-06T00:36:26.597Z,2025-09-25T23:40:41.100Z,lifecycle,True,MODE_BREAKDOWN,8,6,9,1,0.8660254037844387,-0.4999999999999998
2025-09-28 09:00:00+00:00,IE,374,2025-10-06T00:36:22.119Z,2025-09-25T23:40:41.100Z,lifecycle,True,MODE_BREAKDOWN,9,6,9,1,0.7071067811865476,-0.7071067811865475
2025-09-28 10:00:00+00:00,IE,392,2025-10-12T00:18:07.793Z,2025-09-25T23:40:13.788Z,lifecycle,True,MODE_BREAKDOWN,10,6,9,1,0.49999999999999994,-0.8660254037844387
2025-09-28 11:00:00+00:00,IE,413,2025-10-12T00:18:08.937Z,2025-09-25T23:40:13.788Z,lifecycle,True,MODE_BREAKDOWN,11,6,9,1,0.258819045102521,-0.9659258262890682
2025-09-28 12:00:00+00:00,IE,416,2025-10-06T00:36:22.119Z,2025-09-25T23:40:29.373Z,lifecycle,True,MODE_BREAKDOWN,12,6,9,1,1.2246467991473532e-16,-1.0
2025-09-28 13:00:00+00:00,IE,397,2025-10-06T00:36:22.119Z,2025-09-25T23:40:13.788Z,lifecycle,True,MODE_BREAKDOWN,13,6,9,1,-0.2588190451025208,-0.9659258262890683
2025-09-28 14:00:00+00:00,IE,377,2025-10-06T00:36:04.178Z,2025-09-25T23:40:29.373Z,lifecycle,True,MODE_BREAKDOWN,14,6,9,1,-0.4999999999999997,-0.8660254037844388
2025-09-28 15:00:00+00:00,IE,383,2025-10-06T00:36:26.597Z,2025-09-25T23:40:41.100Z,lifecycle,True,MODE_BREAKDOWN,15,6,9,1,-0.7071067811865471,-0.7071067811865479
2025-09-28 16:00:00+00:00,IE,432,2025-10-06T00:36:22.119Z,2025-09-25T23:40:29.373Z,lifecycle,True,MODE_BREAKDOWN,16,6,9,1,-0.8660254037844385,-0.5000000000000004
2025-09-28 17:00:00+00:00,IE,472,2025-10-12T00:18:07.793Z,2025-09-25T23:40:41.100Z,lifecycle,True,MODE_BREAKDOWN,17,6,9,1,-0.9659258262890683,-0.25881904510252063
2025-09-28 18:00:00+00:00,IE,498,2025-10-12T00:18:08.937Z,2025-09-25T23:40:13.788Z,lifecycle,True,MODE_BREAKDOWN,18,6,9,1,-1.0,-1.8369701987210297e-16
2025-09-28 19:00:00+00:00,IE,495,2025-10-12T00:18:07.793Z,2025-09-25T23:40:13.788Z,lifecycle,True,MODE_BREAKDOWN,19,6,9,1,-0.9659258262890684,0.2588190451025203
2025-09-28 20:00:00+00:00,IE,491,2025-10-06T00:36:04.178Z,2025-09-25T23:40:13.788Z,lifecycle,True,MODE_BREAKDOWN,20,6,9,1,-0.8660254037844386,0.5000000000000001
2025-09-28 21:00:00+00:00,IE,486,2025-10-06T00:36:26.597Z,2025-09-25T23:40:41.100Z,lifecycle,True,MODE_BREAKDOWN,21,6,9,1,-0.7071067811865477,0.7071067811865474
2025-09-28 22:00:00+00:00,IE,492,2025-10-06T00:36:22.119Z,2025-09-25T23:40:41.100Z,lifecycle,True,MODE_BREAKDOWN,22,6,9,1,-0.5000000000000004,0.8660254037844384
2025-09-28 23:00:00+00:00,IE,499,2025-10-08T00:43:45.214Z,2025-09-25T23:40:13.788Z,lifecycle,True,MODE_BREAKDOWN,23,6,9,1,-0.25881904510252157,0.9659258262890681
2025-09-29 00:00:00+00:00,IE,481,2025-10-17T00:15:33.441Z,2025-09-26T21:25:54.779Z,lifecycle,True,MODE_BREAKDOWN,0,0,9,0,0.0,1.0
2025-09-29 01:00:00+00:00,IE,460,2025-10-08T00:43:45.214Z,2025-09-26T21:25:35.413Z,lifecycle,True,MODE_BREAKDOWN,1,0,9,0,0.25881904510252074,0.9659258262890683
2025-09-29 02:00:00+00:00,IE,439,2025-10-08T00:43:45.214Z,2025-09-26T21:25:35.413Z,lifecycle,True,MODE_BREAKDOWN,2,0,9,0,0.49999999999999994,0.8660254037844387
2025-09-29 03:00:00+00:00,IE,430,2025-10-08T00:44:59.919Z,2025-09-26T21:25:54.779Z,lifecycle,True,MODE_BREAKDOWN,3,0,9,0,0.7071067811865476,0.7071067811865476
2025-09-29 04:00:00+00:00,IE,436,2025-10-08T00:43:45.214Z,2025-09-26T21:25:54.779Z,lifecycle,True,MODE_BREAKDOWN,4,0,9,0,0.8660254037844386,0.5000000000000001
2025-09-29 05:00:00+00:00,IE,431,2025-10-08T00:44:59.919Z,2025-09-26T21:25:35.413Z,lifecycle,True,MODE_BREAKDOWN,5,0,9,0,0.9659258262890683,0.25881904510252074
2025-09-29 06:00:00+00:00,IE,434,2025-10-08T00:44:59.919Z,2025-09-26T21:26:08.809Z,lifecycle,True,MODE_BREAKDOWN,6,0,9,0,1.0,6.123233995736766e-17
2025-09-29 07:00:00+00:00,IE,428,2025-10-17T00:15:34.358Z,2025-09-26T21:25:54.779Z,lifecycle,True,MODE_BREAKDOWN,7,0,9,0,0.9659258262890683,-0.25881904510252063
2025-09-29 08:00:00+00:00,IE,402,2025-10-08T00:43:45.214Z,2025-09-26T21:26:08.809Z,lifecycle,True,MODE_BREAKDOWN,8,0,9,0,0.8660254037844387,-0.4999999999999998
2025-09-29 09:00:00+00:00,IE,379,2025-10-08T00:44:59.919Z,2025-09-26T21:25:35.413Z,lifecycle,True,MODE_BREAKDOWN,9,0,9,0,0.7071067811865476,-0.7071067811865475
2025-09-29 10:00:00+00:00,IE,374,2025-10-08T00:43:45.214Z,2025-09-26T21:25:54.779Z,lifecycle,True,MODE_BREAKDOWN,10,0,9,0,0.49999999999999994,-0.8660254037844387
2025-09-29 11:00:00+00:00,IE,356,2025-10-08T00:43:45.214Z,2025-09-26T21:25:54.779Z,lifecycle,True,MODE_BREAKDOWN,11,0,9,0,0.258819045102521,-0.9659258262890682
2025-09-29 12:00:00+00:00,IE,339,2025-10-08T00:44:59.919Z,2025-09-26T21:26:08.809Z,lifecycle,True,MODE_BREAKDOWN,12,0,9,0,1.2246467991473532e-16,-1.0
2025-09-29 13:00:00+00:00,IE,326,2025-10-06T00:36:31.933Z,2025-09-26T21:26:08.809Z,lifecycle,True,MODE_BREAKDOWN,13,0,9,0,-0.2588190451025208,-0.9659258262890683
2025-09-29 14:00:00+00:00,IE,324,2025-10-06T00:36:11.266Z,2025-09-26T21:25:54.779Z,lifecycle,True,MODE_BREAKDOWN,14,0,9,0,-0.4999999999999997,-0.8660254037844388
2025-09-29 15:00:00+00:00,IE,343,2025-10-08T00:43:45.214Z,2025-09-26T21:25:54.779Z,lifecycle,True,MODE_BREAKDOWN,15,0,9,0,-0.7071067811865471,-0.7071067811865479
2025-09-29 16:00:00+00:00,IE,388,2025-10-23T00:16:28.335Z,2025-09-26T21:25:35.413Z,lifecycle,True,MODE_BREAKDOWN,16,0,9,0,-0.8660254037844385,-0.5000000000000004
2025-09-29 17:00:00+00:00,IE,413,2025-10-01T08:24:37.708Z,2025-09-26T21:25:54.779Z,lifecycle,True,MODE_BREAKDOWN,17,0,9,0,-0.9659258262890683,-0.25881904510252063
2025-09-29 18:00:00+00:00,IE,399,2025-10-01T08:25:16.329Z,2025-09-26T21:26:08.809Z,lifecycle,True,MODE_BREAKDOWN,18,0,9,0,-1.0,-1.8369701987210297e-16
2025-09-29 19:00:00+00:00,IE,370,2025-10-01T08:24:52.019Z,2025-09-26T21:26:08.809Z,lifecycle,True,MODE_BREAKDOWN,19,0,9,0,-0.9659258262890684,0.2588190451025203
2025-09-29 20:00:00+00:00,IE,335,2025-10-23T00:16:09.136Z,2025-09-26T21:25:54.779Z,lifecycle,True,MODE_BREAKDOWN,20,0,9,0,-0.8660254037844386,0.5000000000000001
2025-09-29 21:00:00+00:00,IE,312,2025-10-01T08:25:16.329Z,2025-09-26T21:26:08.809Z,lifecycle,True,MODE_BREAKDOWN,21,0,9,0,-0.7071067811865477,0.7071067811865474
2025-09-29 22:00:00+00:00,IE,250,2025-10-01T08:25:16.329Z,2025-09-26T23:11:13.893Z,lifecycle,True,MODE_BREAKDOWN,22,0,9,0,-0.5000000000000004,0.8660254037844384
2025-09-29 23:00:00+00:00,IE,221,2025-10-09T00:34:46.033Z,2025-09-26T23:10:45.420Z,lifecycle,True,MODE_BREAKDOWN,23,0,9,0,-0.25881904510252157,0.9659258262890681
2025-09-30 00:00:00+00:00,IE,203,2025-10-01T08:25:16.329Z,2025-09-27T22:40:35.191Z,lifecycle,True,MODE_BREAKDOWN,0,1,9,0,0.0,1.0
2025-09-30 01:00:00+00:00,IE,200,2025-10-08T00:43:57.503Z,2025-09-27T22:40:21.333Z,lifecycle,True,MODE_BREAKDOWN,1,1,9,0,0.25881904510252074,0.9659258262890683
2025-09-30 02:00:00+00:00,IE,201,2025-10-01T08:24:53.832Z,2025-09-27T23:41:57.292Z,lifecycle,True,MODE_BREAKDOWN,2,1,9,0,0.49999999999999994,0.8660254037844387
2025-09-30 03:00:00+00:00,IE,207,2025-10-08T00:43:37.874Z,2025-09-27T23:41:57.292Z,lifecycle,True,MODE_BREAKDOWN,3,1,9,0,0.7071067811865476,0.7071067811865476
2025-09-30 04:00:00+00:00,IE,228,2025-10-01T08:24:53.832Z,2025-09-27T23:41:57.292Z,lifecycle,True,MODE_BREAKDOWN,4,1,9,0,0.8660254037844386,0.5000000000000001
2025-09-30 05:00:00+00:00,IE,269,2025-10-01T08:25:02.096Z,2025-09-27T23:41:32.323Z,lifecycle,True,MODE_BREAKDOWN,5,1,9,0,0.9659258262890683,0.25881904510252074
2025-09-30 06:00:00+00:00,IE,301,2025-10-01T08:24:53.832Z,2025-09-27T23:41:44.984Z,lifecycle,True,MODE_BREAKDOWN,6,1,9,0,1.0,6.123233995736766e-17
2025-09-30 07:00:00+00:00,IE,311,2025-10-09T00:34:56.982Z,2025-09-27T23:41:44.984Z,lifecycle,True,MODE_BREAKDOWN,7,1,9,0,0.9659258262890683,-0.25881904510252063
2025-09-30 08:00:00+00:00,IE,305,2025-10-05T00:14:57.501Z,2025-09-27T23:41:57.292Z,lifecycle,True,MODE_BREAKDOWN,8,1,9,0,0.8660254037844387,-0.4999999999999998
2025-09-30 09:00:00+00:00,IE,264,2025-10-08T00:45:10.549Z,2025-09-27T23:41:32.323Z,lifecycle,True,MODE_BREAKDOWN,9,1,9,0,0.7071067811865476,-0.7071067811865475
2025-09-30 10:00:00+00:00,IE,234,2025-10-03T09:11:25.380Z,2025-09-27T23:41:32.323Z,lifecycle,True,MODE_BREAKDOWN,10,1,9,0,0.49999999999999994,-0.8660254037844387
2025-09-30 11:00:00+00:00,IE,228,2025-10-03T09:11:41.936Z,2025-09-27T23:41:44.984Z,lifecycle,True,MODE_BREAKDOWN,11,1,9,0,0.258819045102521,-0.9659258262890682
2025-09-30 12:00:00+00:00,IE,207,2025-10-03T09:11:06.896Z,2025-09-27T23:41:57.292Z,lifecycle,True,MODE_BREAKDOWN,12,1,9,0,1.2246467991473532e-16,-1.0
2025-09-30 13:00:00+00:00,IE,211,2025-10-03T09:11:41.936Z,2025-09-27T23:41:44.984Z,lifecycle,True,MODE_BREAKDOWN,13,1,9,0,-0.2588190451025208,-0.9659258262890683
2025-09-30 14:00:00+00:00,IE,233,2025-10-03T09:11:06.896Z,2025-09-27T23:41:44.984Z,lifecycle,True,MODE_BREAKDOWN,14,1,9,0,-0.4999999999999997,-0.8660254037844388
2025-09-30 15:00:00+00:00,IE,266,2025-10-03T09:11:06.896Z,2025-09-27T23:41:44.984Z,lifecycle,True,MODE_BREAKDOWN,15,1,9,0,-0.7071067811865471,-0.7071067811865479
2025-09-30 16:00:00+00:00,IE,292,2025-10-01T17:40:17.245Z,2025-09-27T23:41:32.323Z,lifecycle,True,MODE_BREAKDOWN,16,1,9,0,-0.8660254037844385,-0.5000000000000004
2025-09-30 17:00:00+00:00,IE,302,2025-10-01T17:56:13.684Z,2025-09-27T23:41:44.984Z,lifecycle,True,MODE_BREAKDOWN,17,1,9,0,-0.9659258262890683,-0.25881904510252063
2025-09-30 18:00:00+00:00,IE,304,2025-10-01T19:13:40.391Z,2025-09-27T23:41:57.292Z,lifecycle,True,MODE_BREAKDOWN,18,1,9,0,-1.0,-1.8369701987210297e-16
2025-09-30 19:00:00+00:00,IE,272,2025-10-01T20:11:36.093Z,2025-09-27T23:41:32.323Z,lifecycle,True,MODE_BREAKDOWN,19,1,9,0,-0.9659258262890684,0.2588190451025203
2025-09-30 20:00:00+00:00,IE,211,2025-10-01T20:54:47.494Z,2025-09-27T23:41:57.292Z,lifecycle,True,MODE_BREAKDOWN,20,1,9,0,-0.8660254037844386,0.5000000000000001
2025-09-30 21:00:00+00:00,IE,185,2025-10-01T22:10:38.671Z,2025-09-27T23:41:57.292Z,lifecycle,True,MODE_BREAKDOWN,21,1,9,0,-0.7071067811865477,0.7071067811865474
2025-09-30 22:00:00+00:00,IE,179,2025-10-23T00:16:28.335Z,2025-09-27T23:41:32.323Z,lifecycle,True,MODE_BREAKDOWN,22,1,9,0,-0.5000000000000004,0.8660254037844384
2025-09-30 23:00:00+00:00,IE,182,2025-10-01T08:25:02.096Z,2025-09-27T23:41:32.323Z,lifecycle,True,MODE_BREAKDOWN,23,1,9,0,-0.25881904510252157,0.9659258262890681
2025-10-01 00:00:00+00:00,IE,154,2025-10-01T08:24:53.832Z,2025-09-28T22:40:17.823Z,lifecycle,True,MODE_BREAKDOWN,0,2,10,0,0.0,1.0
2025-10-01 01:00:00+00:00,IE,153,2025-10-01T08:25:02.096Z,2025-09-28T22:40:28.476Z,lifecycle,True,MODE_BREAKDOWN,1,2,10,0,0.25881904510252074,0.9659258262890683
2025-10-01 02:00:00+00:00,IE,154,2025-10-01T08:25:23.881Z,2025-09-28T23:25:46.714Z,lifecycle,True,MODE_BREAKDOWN,2,2,10,0,0.49999999999999994,0.8660254037844387
2025-10-01 03:00:00+00:00,IE,153,2025-10-01T08:25:23.881Z,2025-09-28T23:25:28.638Z,lifecycle,True,MODE_BREAKDOWN,3,2,10,0,0.7071067811865476,0.7071067811865476
2025-10-01 04:00:00+00:00,IE,149,2025-10-01T08:25:23.881Z,2025-09-28T23:26:00.363Z,lifecycle,True,MODE_BREAKDOWN,4,2,10,0,0.8660254037844386,0.5000000000000001
2025-10-01 05:00:00+00:00,IE,155,2025-10-01T08:25:02.096Z,2025-09-28T23:25:46.714Z,lifecycle,True,MODE_BREAKDOWN,5,2,10,0,0.9659258262890683,0.25881904510252074
2025-10-01 06:00:00+00:00,IE,180,2025-10-02T07:10:07.771Z,2025-09-28T23:25:46.714Z,lifecycle,True,MODE_BREAKDOWN,6,2,10,0,1.0,6.123233995736766e-17
2025-10-01 07:00:00+00:00,IE,192,2025-10-02T07:55:21.947Z,2025-09-28T23:25:28.638Z,lifecycle,True,MODE_BREAKDOWN,7,2,10,0,0.9659258262890683,-0.25881904510252063
2025-10-01 08:00:00+00:00,IE,183,2025-10-11T00:34:31.371Z,2025-09-28T23:26:00.363Z,lifecycle,True,MODE_BREAKDOWN,8,2,10,0,0.8660254037844387,-0.4999999999999998
2025-10-01 09:00:00+00:00,IE,175,2025-10-11T00:33:48.404Z,2025-09-28T23:25:46.714Z,lifecycle,True,MODE_BREAKDOWN,9,2,10,0,0.7071067811865476,-0.7071067811865475
2025-10-01 10:00:00+00:00,IE,170,2025-10-11T00:34:13.859Z,2025-09-28T23:26:00.363Z,lifecycle,True,MODE_BREAKDOWN,10,2,10,0,0.49999999999999994,-0.8660254037844387
2025-10-01 11:00:00+00:00,IE,172,2025-10-11T00:34:31.371Z,2025-09-28T23:25:28.638Z,lifecycle,True,MODE_BREAKDOWN,11,2,10,0,0.258819045102521,-0.9659258262890682
2025-10-01 12:00:00+00:00,IE,163,2025-10-11T00:34:13.859Z,2025-09-28T23:25:28.638Z,lifecycle,True,MODE_BREAKDOWN,12,2,10,0,1.2246467991473532e-16,-1.0
2025-10-01 13:00:00+00:00,IE,166,2025-10-08T00:44:07.109Z,2025-09-28T23:25:28.638Z,lifecycle,True,MODE_BREAKDOWN,13,2,10,0,-0.2588190451025208,-0.9659258262890683
2025-10-01 14:00:00+00:00,IE,168,2025-10-08T00:45:16.741Z,2025-09-28T23:25:46.714Z,lifecycle,True,MODE_BREAKDOWN,14,2,10,0,-0.4999999999999997,-0.8660254037844388
2025-10-01 15:00:00+00:00,IE,165,2025-10-08T00:45:16.741Z,2025-09-28T23:26:00.363Z,lifecycle,True,MODE_BREAKDOWN,15,2,10,0,-0.7071067811865471,-0.7071067811865479
2025-10-01 16:00:00+00:00,IE,212,2025-10-02T17:11:11.006Z,2025-09-28T23:25:46.714Z,lifecycle,True,MODE_BREAKDOWN,16,2,10,0,-0.8660254037844385,-0.5000000000000004
2025-10-01 17:00:00+00:00,IE,234,2025-10-02T18:11:54.871Z,2025-09-28T23:25:28.638Z,lifecycle,True,MODE_BREAKDOWN,17,2,10,0,-0.9659258262890683,-0.25881904510252063
2025-10-01 18:00:00+00:00,IE,216,2025-10-02T19:11:29.194Z,2025-09-28T23:25:28.638Z,lifecycle,True,MODE_BREAKDOWN,18,2,10,0,-1.0,-1.8369701987210297e-16
2025-10-01 19:00:00+00:00,IE,192,2025-10-02T20:11:54.575Z,2025-09-28T23:25:28.638Z,lifecycle,True,MODE_BREAKDOWN,19,2,10,0,-0.9659258262890684,0.2588190451025203
2025-10-01 20:00:00+00:00,IE,184,2025-10-02T20:55:41.491Z,2025-09-28T23:26:00.363Z,lifecycle,True,MODE_BREAKDOWN,20,2,10,0,-0.8660254037844386,0.5000000000000001
2025-10-01 21:00:00+00:00,IE,179,2025-10-02T22:11:07.277Z,2025-09-28T23:25:46.714Z,lifecycle,True,MODE_BREAKDOWN,21,2,10,0,-0.7071067811865477,0.7071067811865474
2025-10-01 22:00:00+00:00,IE,165,2025-10-02T23:11:56.632Z,2025-09-28T23:25:28.638Z,lifecycle,True,MODE_BREAKDOWN,22,2,10,0,-0.5000000000000004,0.8660254037844384
2025-10-01 23:00:00+00:00,IE,178,2025-10-02T01:25:23.701Z,2025-09-28T23:25:46.714Z,lifecycle,True,MODE_BREAKDOWN,23,2,10,0,-0.25881904510252157,0.9659258262890681
2025-10-02 00:00:00+00:00,IE,183,2025-10-02T02:25:02.197Z,2025-09-29T23:27:19.346Z,lifecycle,True,MODE_BREAKDOWN,0,3,10,0,0.0,1.0
2025-10-02 01:00:00+00:00,IE,211,2025-10-02T04:26:08.437Z,2025-09-29T23:27:58.168Z,lifecycle,True,MODE_BREAKDOWN,1,3,10,0,0.25881904510252074,0.9659258262890683
2025-10-02 02:00:00+00:00,IE,223,2025-10-02T04:25:36.268Z,2025-09-29T23:27:19.346Z,lifecycle,True,MODE_BREAKDOWN,2,3,10,0,0.49999999999999994,0.8660254037844387
2025-10-02 03:00:00+00:00,IE,254,2025-10-02T05:24:03.820Z,2025-09-29T23:27:46.886Z,lifecycle,True,MODE_BREAKDOWN,3,3,10,0,0.7071067811865476,0.7071067811865476
2025-10-02 04:00:00+00:00,IE,258,2025-10-02T06:25:27.799Z,2025-09-29T23:27:46.886Z,lifecycle,True,MODE_BREAKDOWN,4,3,10,0,0.8660254037844386,0.5000000000000001
2025-10-02 05:00:00+00:00,IE,258,2025-10-02T07:24:57.831Z,2025-09-29T23:27:58.168Z,lifecycle,True,MODE_BREAKDOWN,5,3,10,0,0.9659258262890683,0.25881904510252074
2025-10-02 06:00:00+00:00,IE,270,2025-10-03T07:13:24.140Z,2025-09-29T23:27:19.346Z,lifecycle,True,MODE_BREAKDOWN,6,3,10,0,1.0,6.123233995736766e-17
2025-10-02 07:00:00+00:00,IE,254,2025-10-11T00:34:13.859Z,2025-09-29T23:27:19.346Z,lifecycle,True,MODE_BREAKDOWN,7,3,10,0,0.9659258262890683,-0.25881904510252063
2025-10-02 08:00:00+00:00,IE,230,2025-10-11T00:34:13.859Z,2025-09-29T23:27:58.168Z,lifecycle,True,MODE_BREAKDOWN,8,3,10,0,0.8660254037844387,-0.4999999999999998
2025-10-02 09:00:00+00:00,IE,218,2025-10-11T00:34:13.859Z,2025-09-29T23:27:58.168Z,lifecycle,True,MODE_BREAKDOWN,9,3,10,0,0.7071067811865476,-0.7071067811865475
2025-10-02 10:00:00+00:00,IE,203,2025-10-11T00:34:13.859Z,2025-09-29T23:27:46.886Z,lifecycle,True,MODE_BREAKDOWN,10,3,10,0,0.49999999999999994,-0.8660254037844387
2025-10-02 11:00:00+00:00,IE,186,2025-10-11T00:34:31.371Z,2025-09-29T23:27:19.346Z,lifecycle,True,MODE_BREAKDOWN,11,3,10,0,0.258819045102521,-0.9659258262890682
2025-10-02 12:00:00+00:00,IE,157,2025-10-11T00:34:31.371Z,2025-09-29T23:27:19.346Z,lifecycle,True,MODE_BREAKDOWN,12,3,10,0,1.2246467991473532e-16,-1.0
2025-10-02 13:00:00+00:00,IE,146,2025-10-11T00:34:13.859Z,2025-09-29T23:27:19.346Z,lifecycle,True,MODE_BREAKDOWN,13,3,10,0,-0.2588190451025208,-0.9659258262890683
2025-10-02 14:00:00+00:00,IE,163,2025-10-04T06:40:40.344Z,2025-09-29T23:27:19.346Z,lifecycle,True,MODE_BREAKDOWN,14,3,10,0,-0.4999999999999997,-0.8660254037844388
2025-10-02 15:00:00+00:00,IE,186,2025-10-02T17:26:55.783Z,2025-09-29T23:27:19.346Z,lifecycle,True,MODE_BREAKDOWN,15,3,10,0,-0.7071067811865471,-0.7071067811865479
2025-10-02 16:00:00+00:00,IE,187,2025-10-03T17:11:34.748Z,2025-09-29T23:27:19.346Z,lifecycle,True,MODE_BREAKDOWN,16,3,10,0,-0.8660254037844385,-0.5000000000000004
2025-10-02 17:00:00+00:00,IE,205,2025-10-10T00:34:28.080Z,2025-09-29T23:27:19.346Z,lifecycle,True,MODE_BREAKDOWN,17,3,10,0,-0.9659258262890683,-0.25881904510252063
2025-10-02 18:00:00+00:00,IE,203,2025-10-10T00:34:22.075Z,2025-09-29T23:27:58.168Z,lifecycle,True,MODE_BREAKDOWN,18,3,10,0,-1.0,-1.8369701987210297e-16
2025-10-02 19:00:00+00:00,IE,206,2025-10-03T19:56:08.026Z,2025-09-29T23:27:58.168Z,lifecycle,True,MODE_BREAKDOWN,19,3,10,0,-0.9659258262890684,0.2588190451025203
2025-10-02 20:00:00+00:00,IE,171,2025-10-11T00:34:00.063Z,2025-09-29T23:27:58.168Z,lifecycle,True,MODE_BREAKDOWN,20,3,10,0,-0.8660254037844386,0.5000000000000001
2025-10-02 21:00:00+00:00,IE,165,2025-10-11T00:34:41.020Z,2025-09-29T23:27:19.346Z,lifecycle,True,MODE_BREAKDOWN,21,3,10,0,-0.7071067811865477,0.7071067811865474
2025-10-02 22:00:00+00:00,IE,172,2025-10-11T00:34:23.928Z,2025-09-29T23:27:58.168Z,lifecycle,True,MODE_BREAKDOWN,22,3,10,0,-0.5000000000000004,0.8660254037844384
2025-10-02 23:00:00+00:00,IE,195,2025-10-12T00:38:07.896Z,2025-09-29T23:27:19.346Z,lifecycle,True,MODE_BREAKDOWN,23,3,10,0,-0.25881904510252157,0.9659258262890681
2025-10-03 00:00:00+00:00,IE,248,2025-10-11T00:34:41.020Z,2025-09-30T22:40:23.749Z,lifecycle,True,MODE_BREAKDOWN,0,4,10,0,0.0,1.0
2025-10-03 01:00:00+00:00,IE,274,2025-10-11T00:34:00.063Z,2025-09-30T22:40:09.291Z,lifecycle,True,MODE_BREAKDOWN,1,4,10,0,0.25881904510252074,0.9659258262890683
2025-10-03 02:00:00+00:00,IE,273,2025-10-11T00:34:23.928Z,2025-09-30T23:55:08.546Z,lifecycle,True,MODE_BREAKDOWN,2,4,10,0,0.49999999999999994,0.8660254037844387
2025-10-03 03:00:00+00:00,IE,262,2025-10-11T00:34:00.063Z,2025-09-30T23:55:08.546Z,lifecycle,True,MODE_BREAKDOWN,3,4,10,0,0.7071067811865476,0.7071067811865476
2025-10-03 04:00:00+00:00,IE,227,2025-10-11T00:34:23.928Z,2025-09-30T23:55:20.759Z,lifecycle,True,MODE_BREAKDOWN,4,4,10,0,0.8660254037844386,0.5000000000000001
2025-10-03 05:00:00+00:00,IE,218,2025-10-11T00:34:41.020Z,2025-09-30T23:55:08.546Z,lifecycle,True,MODE_BREAKDOWN,5,4,10,0,0.9659258262890683,0.25881904510252074
2025-10-03 06:00:00+00:00,IE,198,2025-10-11T00:34:00.063Z,2025-09-30T23:55:20.759Z,lifecycle,True,MODE_BREAKDOWN,6,4,10,0,1.0,6.123233995736766e-17
2025-10-03 07:00:00+00:00,IE,181,2025-10-11T00:34:00.063Z,2025-09-30T23:55:31.672Z,lifecycle,True,MODE_BREAKDOWN,7,4,10,0,0.9659258262890683,-0.25881904510252063
2025-10-03 08:00:00+00:00,IE,162,2025-10-11T00:34:23.928Z,2025-09-30T23:55:31.672Z,lifecycle,True,MODE_BREAKDOWN,8,4,10,0,0.8660254037844387,-0.4999999999999998
2025-10-03 09:00:00+00:00,IE,155,2025-10-03T11:26:20.111Z,2025-09-30T23:55:08.546Z,lifecycle,True,MODE_BREAKDOWN,9,4,10,0,0.7071067811865476,-0.7071067811865475
2025-10-03 10:00:00+00:00,IE,161,2025-10-03T12:25:16.286Z,2025-09-30T23:55:08.546Z,lifecycle,True,MODE_BREAKDOWN,10,4,10,0,0.49999999999999994,-0.8660254037844387
2025-10-03 11:00:00+00:00,IE,170,2025-10-11T00:34:00.063Z,2025-09-30T23:55:20.759Z,lifecycle,True,MODE_BREAKDOWN,11,4,10,0,0.258819045102521,-0.9659258262890682
2025-10-03 12:00:00+00:00,IE,189,2025-10-11T00:34:00.063Z,2025-09-30T23:55:31.672Z,lifecycle,True,MODE_BREAKDOWN,12,4,10,0,1.2246467991473532e-16,-1.0
2025-10-03 13:00:00+00:00,IE,204,2025-10-10T00:34:26.767Z,2025-09-30T23:55:20.759Z,lifecycle,True,MODE_BREAKDOWN,13,4,10,0,-0.2588190451025208,-0.9659258262890683
2025-10-03 14:00:00+00:00,IE,240,2025-10-12T00:38:07.896Z,2025-09-30T23:55:08.546Z,lifecycle,True,MODE_BREAKDOWN,14,4,10,0,-0.4999999999999997,-0.8660254037844388
2025-10-03 15:00:00+00:00,IE,243,2025-10-12T00:37:50.999Z,2025-09-30T23:55:31.672Z,lifecycle,True,MODE_BREAKDOWN,15,4,10,0,-0.7071067811865471,-0.7071067811865479
2025-10-03 16:00:00+00:00,IE,217,2025-10-03T18:26:32.372Z,2025-09-30T23:55:31.672Z,lifecycle,True,MODE_BREAKDOWN,16,4,10,0,-0.8660254037844385,-0.5000000000000004
2025-10-03 17:00:00+00:00,IE,228,2025-10-03T19:26:16.657Z,2025-09-30T23:55:20.759Z,lifecycle,True,MODE_BREAKDOWN,17,4,10,0,-0.9659258262890683,-0.25881904510252063
2025-10-03 18:00:00+00:00,IE,219,2025-10-03T20:27:15.565Z,2025-09-30T23:55:20.759Z,lifecycle,True,MODE_BREAKDOWN,18,4,10,0,-1.0,-1.8369701987210297e-16
2025-10-03 19:00:00+00:00,IE,183,2025-10-03T21:26:27.071Z,2025-09-30T23:55:31.672Z,lifecycle,True,MODE_BREAKDOWN,19,4,10,0,-0.9659258262890684,0.2588190451025203
2025-10-03 20:00:00+00:00,IE,163,2025-10-03T22:25:54.351Z,2025-09-30T23:55:20.759Z,lifecycle,True,MODE_BREAKDOWN,20,4,10,0,-0.8660254037844386,0.5000000000000001
2025-10-03 21:00:00+00:00,IE,131,2025-10-03T23:25:52.555Z,2025-09-30T23:55:31.672Z,lifecycle,True,MODE_BREAKDOWN,21,4,10,0,-0.7071067811865477,0.7071067811865474
2025-10-03 22:00:00+00:00,IE,133,2025-10-04T00:25:43.612Z,2025-09-30T23:55:20.759Z,lifecycle,True,MODE_BREAKDOWN,22,4,10,0,-0.5000000000000004,0.8660254037844384
2025-10-03 23:00:00+00:00,IE,142,2025-10-04T01:11:08.493Z,2025-09-30T23:55:08.546Z,lifecycle,True,MODE_BREAKDOWN,23,4,10,0,-0.25881904510252157,0.9659258262890681
2025-10-04 00:00:00+00:00,IE,145,2025-10-04T02:25:51.129Z,2025-10-01T22:39:56.342Z,lifecycle,True,MODE_BREAKDOWN,0,5,10,1,0.0,1.0
2025-10-04 01:00:00+00:00,IE,153,2025-10-06T13:39:27.328Z,2025-10-01T22:40:11.868Z,lifecycle,True,MODE_BREAKDOWN,1,5,10,1,0.25881904510252074,0.9659258262890683
2025-10-04 02:00:00+00:00,IE,167,2025-10-04T08:40:57.214Z,2025-10-02T00:09:49.381Z,lifecycle,True,MODE_BREAKDOWN,2,5,10,1,0.49999999999999994,0.8660254037844387
2025-10-04 03:00:00+00:00,IE,166,2025-10-04T08:41:15.570Z,2025-10-02T00:09:34.641Z,lifecycle,True,MODE_BREAKDOWN,3,5,10,1,0.7071067811865476,0.7071067811865476
2025-10-04 04:00:00+00:00,IE,168,2025-10-04T06:13:05.197Z,2025-10-02T00:09:34.641Z,lifecycle,True,MODE_BREAKDOWN,4,5,10,1,0.8660254037844386,0.5000000000000001
2025-10-04 05:00:00+00:00,IE,166,2025-10-04T07:26:12.528Z,2025-10-02T00:10:01.131Z,lifecycle,True,MODE_BREAKDOWN,5,5,10,1,0.9659258262890683,0.25881904510252074
2025-10-04 06:00:00+00:00,IE,149,2025-10-04T08:25:56.375Z,2025-10-02T00:09:34.641Z,lifecycle,True,MODE_BREAKDOWN,6,5,10,1,1.0,6.123233995736766e-17
2025-10-04 07:00:00+00:00,IE,136,2025-10-04T09:26:08.871Z,2025-10-02T00:09:34.641Z,lifecycle,True,MODE_BREAKDOWN,7,5,10,1,0.9659258262890683,-0.25881904510252063
2025-10-04 08:00:00+00:00,IE,140,2025-10-04T10:26:00.383Z,2025-10-02T00:10:01.131Z,lifecycle,True,MODE_BREAKDOWN,8,5,10,1,0.8660254037844387,-0.4999999999999998
2025-10-04 09:00:00+00:00,IE,152,2025-10-04T11:26:26.153Z,2025-10-02T00:09:49.381Z,lifecycle,True,MODE_BREAKDOWN,9,5,10,1,0.7071067811865476,-0.7071067811865475
2025-10-04 10:00:00+00:00,IE,153,2025-10-11T00:34:07.104Z,2025-10-02T00:09:34.641Z,lifecycle,True,MODE_BREAKDOWN,10,5,10,1,0.49999999999999994,-0.8660254037844387
2025-10-04 11:00:00+00:00,IE,145,2025-10-04T13:25:25.019Z,2025-10-02T00:10:01.131Z,lifecycle,True,MODE_BREAKDOWN,11,5,10,1,0.258819045102521,-0.9659258262890682
2025-10-04 12:00:00+00:00,IE,147,2025-10-04T14:25:12.572Z,2025-10-02T00:09:34.641Z,lifecycle,True,MODE_BREAKDOWN,12,5,10,1,1.2246467991473532e-16,-1.0
2025-10-04 13:00:00+00:00,IE,148,2025-10-12T00:38:01.782Z,2025-10-02T00:09:49.381Z,lifecycle,True,MODE_BREAKDOWN,13,5,10,1,-0.2588190451025208,-0.9659258262890683
2025-10-04 14:00:00+00:00,IE,145,2025-10-04T16:25:54.379Z,2025-10-02T00:09:34.641Z,lifecycle,True,MODE_BREAKDOWN,14,5,10,1,-0.4999999999999997,-0.8660254037844388
2025-10-04 15:00:00+00:00,IE,146,2025-10-04T17:25:14.697Z,2025-10-02T00:09:49.381Z,lifecycle,True,MODE_BREAKDOWN,15,5,10,1,-0.7071067811865471,-0.7071067811865479
2025-10-04 16:00:00+00:00,IE,152,2025-10-04T18:26:27.320Z,2025-10-02T00:09:49.381Z,lifecycle,True,MODE_BREAKDOWN,16,5,10,1,-0.8660254037844385,-0.5000000000000004
2025-10-04 17:00:00+00:00,IE,168,2025-10-04T19:25:49.618Z,2025-10-02T00:09:49.381Z,lifecycle,True,MODE_BREAKDOWN,17,5,10,1,-0.9659258262890683,-0.25881904510252063
2025-10-04 18:00:00+00:00,IE,160,2025-10-04T20:26:09.159Z,2025-10-02T00:09:34.641Z,lifecycle,True,MODE_BREAKDOWN,18,5,10,1,-1.0,-1.8369701987210297e-16
2025-10-04 19:00:00+00:00,IE,146,2025-10-12T00:38:01.782Z,2025-10-02T00:10:01.131Z,lifecycle,True,MODE_BREAKDOWN,19,5,10,1,-0.9659258262890684,0.2588190451025203
2025-10-04 20:00:00+00:00,IE,152,2025-10-12T00:38:36.047Z,2025-10-02T00:09:49.381Z,lifecycle,True,MODE_BREAKDOWN,20,5,10,1,-0.8660254037844386,0.5000000000000001
2025-10-04 21:00:00+00:00,IE,158,2025-10-12T00:38:01.782Z,2025-10-02T00:10:01.131Z,lifecycle,True,MODE_BREAKDOWN,21,5,10,1,-0.7071067811865477,0.7071067811865474
2025-10-04 22:00:00+00:00,IE,168,2025-10-06T13:39:45.033Z,2025-10-02T00:09:34.641Z,lifecycle,True,MODE_BREAKDOWN,22,5,10,1,-0.5000000000000004,0.8660254037844384
2025-10-04 23:00:00+00:00,IE,158,2025-10-05T01:25:05.235Z,2025-10-02T00:09:49.381Z,lifecycle,True,MODE_BREAKDOWN,23,5,10,1,-0.25881904510252157,0.9659258262890681
2025-10-05 00:00:00+00:00,IE,156,2025-10-05T03:26:26.964Z,2025-10-02T21:11:46.978Z,lifecycle,True,MODE_BREAKDOWN,0,6,10,1,0.0,1.0
2025-10-05 01:00:00+00:00,IE,160,2025-10-05T03:25:55.091Z,2025-10-02T21:11:55.226Z,lifecycle,True,MODE_BREAKDOWN,1,6,10,1,0.25881904510252074,0.9659258262890683
2025-10-05 02:00:00+00:00,IE,171,2025-10-05T04:26:21.362Z,2025-10-02T21:11:55.226Z,lifecycle,True,MODE_BREAKDOWN,2,6,10,1,0.49999999999999994,0.8660254037844387
2025-10-05 03:00:00+00:00,IE,181,2025-10-05T05:27:30.851Z,2025-10-02T21:11:46.978Z,lifecycle,True,MODE_BREAKDOWN,3,6,10,1,0.7071067811865476,0.7071067811865476
2025-10-05 04:00:00+00:00,IE,179,2025-10-05T07:25:29.926Z,2025-10-02T21:12:26.247Z,lifecycle,True,MODE_BREAKDOWN,4,6,10,1,0.8660254037844386,0.5000000000000001
2025-10-05 05:00:00+00:00,IE,190,2025-10-13T00:30:49.324Z,2025-10-02T21:11:46.978Z,lifecycle,True,MODE_BREAKDOWN,5,6,10,1,0.9659258262890683,0.25881904510252074
2025-10-05 06:00:00+00:00,IE,189,2025-10-13T00:30:23.262Z,2025-10-02T21:11:46.978Z,lifecycle,True,MODE_BREAKDOWN,6,6,10,1,1.0,6.123233995736766e-17
2025-10-05 07:00:00+00:00,IE,193,2025-10-14T00:32:40.208Z,2025-10-02T21:12:26.247Z,lifecycle,True,MODE_BREAKDOWN,7,6,10,1,0.9659258262890683,-0.25881904510252063
2025-10-05 08:00:00+00:00,IE,181,2025-10-13T00:30:23.262Z,2025-10-02T21:12:26.247Z,lifecycle,True,MODE_BREAKDOWN,8,6,10,1,0.8660254037844387,-0.4999999999999998
2025-10-05 09:00:00+00:00,IE,175,2025-10-13T00:30:49.324Z,2025-10-02T21:12:26.247Z,lifecycle,True,MODE_BREAKDOWN,9,6,10,1,0.7071067811865476,-0.7071067811865475
2025-10-05 10:00:00+00:00,IE,175,2025-10-14T00:32:48.177Z,2025-10-02T21:12:26.247Z,lifecycle,True,MODE_BREAKDOWN,10,6,10,1,0.49999999999999994,-0.8660254037844387
2025-10-05 11:00:00+00:00,IE,174,2025-10-14T00:32:18.744Z,2025-10-02T21:11:55.226Z,lifecycle,True,MODE_BREAKDOWN,11,6,10,1,0.258819045102521,-0.9659258262890682
2025-10-05 12:00:00+00:00,IE,172,2025-10-14T00:32:40.208Z,2025-10-02T21:12:26.247Z,lifecycle,True,MODE_BREAKDOWN,12,6,10,1,1.2246467991473532e-16,-1.0
2025-10-05 13:00:00+00:00,IE,174,2025-10-13T00:30:23.262Z,2025-10-02T21:12:26.247Z,lifecycle,True,MODE_BREAKDOWN,13,6,10,1,-0.2588190451025208,-0.9659258262890683
2025-10-05 14:00:00+00:00,IE,171,2025-10-14T00:32:48.177Z,2025-10-02T21:11:46.978Z,lifecycle,True,MODE_BREAKDOWN,14,6,10,1,-0.4999999999999997,-0.8660254037844388
2025-10-05 15:00:00+00:00,IE,167,2025-10-14T00:32:18.744Z,2025-10-02T21:11:46.978Z,lifecycle,True,MODE_BREAKDOWN,15,6,10,1,-0.7071067811865471,-0.7071067811865479
2025-10-05 16:00:00+00:00,IE,174,2025-10-14T00:32:50.177Z,2025-10-02T21:11:55.226Z,lifecycle,True,MODE_BREAKDOWN,16,6,10,1,-0.8660254037844385,-0.5000000000000004
2025-10-05 17:00:00+00:00,IE,205,2025-10-14T00:32:50.177Z,2025-10-02T21:11:46.978Z,lifecycle,True,MODE_BREAKDOWN,17,6,10,1,-0.9659258262890683,-0.25881904510252063
2025-10-05 18:00:00+00:00,IE,217,2025-10-14T00:32:29.614Z,2025-10-02T21:11:46.978Z,lifecycle,True,MODE_BREAKDOWN,18,6,10,1,-1.0,-1.8369701987210297e-16
2025-10-05 19:00:00+00:00,IE,185,2025-10-14T00:32:29.614Z,2025-10-02T21:12:26.247Z,lifecycle,True,MODE_BREAKDOWN,19,6,10,1,-0.9659258262890684,0.2588190451025203
2025-10-05 20:00:00+00:00,IE,176,2025-10-13T00:30:23.262Z,2025-10-02T21:12:26.247Z,lifecycle,True,MODE_BREAKDOWN,20,6,10,1,-0.8660254037844386,0.5000000000000001
2025-10-05 21:00:00+00:00,IE,186,2025-10-14T00:32:29.614Z,2025-10-02T21:11:46.978Z,lifecycle,True,MODE_BREAKDOWN,21,6,10,1,-0.7071067811865477,0.7071067811865474
2025-10-05 22:00:00+00:00,IE,198,2025-10-08T00:10:17.269Z,2025-10-02T23:56:13.555Z,lifecycle,True,MODE_BREAKDOWN,22,6,10,1,-0.5000000000000004,0.8660254037844384
2025-10-05 23:00:00+00:00,IE,198,2025-10-15T00:31:26.023Z,2025-10-02T23:55:30.369Z,lifecycle,True,MODE_BREAKDOWN,23,6,10,1,-0.25881904510252157,0.9659258262890681
2025-10-06 00:00:00+00:00,IE,195,2025-10-09T00:25:59.876Z,2025-10-03T21:10:48.574Z,lifecycle,True,MODE_BREAKDOWN,0,0,10,0,0.0,1.0
2025-10-06 01:00:00+00:00,IE,192,2025-10-09T01:25:38.564Z,2025-10-03T21:10:48.574Z,lifecycle,True,MODE_BREAKDOWN,1,0,10,0,0.25881904510252074,0.9659258262890683
2025-10-06 02:00:00+00:00,IE,191,2025-10-09T02:24:24.397Z,2025-10-03T21:11:07.634Z,lifecycle,True,MODE_BREAKDOWN,2,0,10,0,0.49999999999999994,0.8660254037844387
2025-10-06 03:00:00+00:00,IE,196,2025-10-13T00:30:23.262Z,2025-10-03T21:11:25.087Z,lifecycle,True,MODE_BREAKDOWN,3,0,10,0,0.7071067811865476,0.7071067811865476
2025-10-06 04:00:00+00:00,IE,194,2025-10-09T04:41:38.794Z,2025-10-03T21:10:48.574Z,lifecycle,True,MODE_BREAKDOWN,4,0,10,0,0.8660254037844386,0.5000000000000001
2025-10-06 05:00:00+00:00,IE,196,2025-10-09T05:24:42.949Z,2025-10-03T21:11:25.087Z,lifecycle,True,MODE_BREAKDOWN,5,0,10,0,0.9659258262890683,0.25881904510252074
2025-10-06 06:00:00+00:00,IE,248,2025-10-09T06:25:20.324Z,2025-10-03T21:10:48.574Z,lifecycle,True,MODE_BREAKDOWN,6,0,10,0,1.0,6.123233995736766e-17
2025-10-06 07:00:00+00:00,IE,227,2025-10-14T00:32:58.724Z,2025-10-03T21:11:07.634Z,lifecycle,True,MODE_BREAKDOWN,7,0,10,0,0.9659258262890683,-0.25881904510252063
2025-10-06 08:00:00+00:00,IE,191,2025-10-14T00:32:50.177Z,2025-10-03T21:11:07.634Z,lifecycle,True,MODE_BREAKDOWN,8,0,10,0,0.8660254037844387,-0.4999999999999998
2025-10-06 09:00:00+00:00,IE,182,2025-10-14T00:32:58.724Z,2025-10-03T21:10:48.574Z,lifecycle,True,MODE_BREAKDOWN,9,0,10,0,0.7071067811865476,-0.7071067811865475
2025-10-06 10:00:00+00:00,IE,176,2025-10-09T10:25:37.804Z,2025-10-03T21:11:25.087Z,lifecycle,True,MODE_BREAKDOWN,10,0,10,0,0.49999999999999994,-0.8660254037844387
2025-10-06 11:00:00+00:00,IE,169,2025-10-14T00:32:58.724Z,2025-10-03T21:11:07.634Z,lifecycle,True,MODE_BREAKDOWN,11,0,10,0,0.258819045102521,-0.9659258262890682
2025-10-06 12:00:00+00:00,IE,163,2025-10-09T12:54:37.386Z,2025-10-03T21:10:48.574Z,lifecycle,True,MODE_BREAKDOWN,12,0,10,0,1.2246467991473532e-16,-1.0
2025-10-06 13:00:00+00:00,IE,164,2025-10-09T13:25:26.269Z,2025-10-03T21:11:07.634Z,lifecycle,True,MODE_BREAKDOWN,13,0,10,0,-0.2588190451025208,-0.9659258262890683
2025-10-06 14:00:00+00:00,IE,205,2025-10-06T16:25:17.792Z,2025-10-03T21:10:48.574Z,lifecycle,True,MODE_BREAKDOWN,14,0,10,0,-0.4999999999999997,-0.8660254037844388
2025-10-06 15:00:00+00:00,IE,212,2025-10-09T15:24:38.832Z,2025-10-03T21:11:07.634Z,lifecycle,True,MODE_BREAKDOWN,15,0,10,0,-0.7071067811865471,-0.7071067811865479
2025-10-06 16:00:00+00:00,IE,264,2025-10-06T18:25:30.796Z,2025-10-03T21:11:07.634Z,lifecycle,True,MODE_BREAKDOWN,16,0,10,0,-0.8660254037844385,-0.5000000000000004
2025-10-06 17:00:00+00:00,IE,278,2025-10-06T19:26:23.372Z,2025-10-03T21:11:25.087Z,lifecycle,True,MODE_BREAKDOWN,17,0,10,0,-0.9659258262890683,-0.25881904510252063
2025-10-06 18:00:00+00:00,IE,275,2025-10-06T20:25:20.014Z,2025-10-03T21:10:48.574Z,lifecycle,True,MODE_BREAKDOWN,18,0,10,0,-1.0,-1.8369701987210297e-16
2025-10-06 19:00:00+00:00,IE,255,2025-10-06T21:25:15.108Z,2025-10-03T21:10:48.574Z,lifecycle,True,MODE_BREAKDOWN,19,0,10,0,-0.9659258262890684,0.2588190451025203
2025-10-06 20:00:00+00:00,IE,220,2025-10-06T22:25:40.141Z,2025-10-03T21:10:48.574Z,lifecycle,True,MODE_BREAKDOWN,20,0,10,0,-0.8660254037844386,0.5000000000000001
2025-10-06 21:00:00+00:00,IE,217,2025-10-06T23:25:42.805Z,2025-10-03T21:11:25.087Z,lifecycle,True,MODE_BREAKDOWN,21,0,10,0,-0.7071067811865477,0.7071067811865474
2025-10-06 22:00:00+00:00,IE,210,2025-10-07T00:24:47.730Z,2025-10-03T23:45:23.161Z,lifecycle,True,MODE_BREAKDOWN,22,0,10,0,-0.5000000000000004,0.8660254037844384
2025-10-06 23:00:00+00:00,IE,191,2025-10-07T01:25:29.216Z,2025-10-03T23:45:05.909Z,lifecycle,True,MODE_BREAKDOWN,23,0,10,0,-0.25881904510252157,0.9659258262890681
2025-10-07 00:00:00+00:00,IE,205,2025-10-07T02:25:01.913Z,2025-10-04T22:40:36.796Z,lifecycle,True,MODE_BREAKDOWN,0,1,10,0,0.0,1.0
2025-10-07 01:00:00+00:00,IE,181,2025-10-07T04:24:50.347Z,2025-10-04T22:40:52.882Z,lifecycle,True,MODE_BREAKDOWN,1,1,10,0,0.25881904510252074,0.9659258262890683
2025-10-07 02:00:00+00:00,IE,192,2025-10-07T04:25:20.875Z,2025-10-04T23:55:48.559Z,lifecycle,True,MODE_BREAKDOWN,2,1,10,0,0.49999999999999994,0.8660254037844387
2025-10-07 03:00:00+00:00,IE,205,2025-10-07T05:21:31.184Z,2025-10-04T23:56:05.076Z,lifecycle,True,MODE_BREAKDOWN,3,1,10,0,0.7071067811865476,0.7071067811865476
2025-10-07 04:00:00+00:00,IE,206,2025-10-07T06:25:05.199Z,2025-10-04T23:55:18.487Z,lifecycle,True,MODE_BREAKDOWN,4,1,10,0,0.8660254037844386,0.5000000000000001
2025-10-07 05:00:00+00:00,IE,252,2025-10-07T07:25:16.838Z,2025-10-04T23:56:05.076Z,lifecycle,True,MODE_BREAKDOWN,5,1,10,0,0.9659258262890683,0.25881904510252074
2025-10-07 06:00:00+00:00,IE,318,2025-10-10T06:25:43.614Z,2025-10-04T23:55:18.487Z,lifecycle,True,MODE_BREAKDOWN,6,1,10,0,1.0,6.123233995736766e-17
2025-10-07 07:00:00+00:00,IE,355,2025-10-14T00:32:58.724Z,2025-10-04T23:55:18.487Z,lifecycle,True,MODE_BREAKDOWN,7,1,10,0,0.9659258262890683,-0.25881904510252063
2025-10-07 08:00:00+00:00,IE,362,2025-10-14T00:32:29.614Z,2025-10-04T23:55:48.559Z,lifecycle,True,MODE_BREAKDOWN,8,1,10,0,0.8660254037844387,-0.4999999999999998
2025-10-07 09:00:00+00:00,IE,365,2025-10-14T00:32:29.614Z,2025-10-04T23:55:18.487Z,lifecycle,True,MODE_BREAKDOWN,9,1,10,0,0.7071067811865476,-0.7071067811865475
2025-10-07 10:00:00+00:00,IE,370,2025-10-14T00:32:54.738Z,2025-10-04T23:56:05.076Z,lifecycle,True,MODE_BREAKDOWN,10,1,10,0,0.49999999999999994,-0.8660254037844387
2025-10-07 11:00:00+00:00,IE,372,2025-10-14T00:32:35.029Z,2025-10-04T23:55:48.559Z,lifecycle,True,MODE_BREAKDOWN,11,1,10,0,0.258819045102521,-0.9659258262890682
2025-10-07 12:00:00+00:00,IE,370,2025-10-14T00:32:35.029Z,2025-10-04T23:55:48.559Z,lifecycle,True,MODE_BREAKDOWN,12,1,10,0,1.2246467991473532e-16,-1.0
2025-10-07 13:00:00+00:00,IE,377,2025-10-08T14:10:48.043Z,2025-10-04T23:56:05.076Z,lifecycle,True,MODE_BREAKDOWN,13,1,10,0,-0.2588190451025208,-0.9659258262890683
2025-10-07 14:00:00+00:00,IE,385,2025-10-08T15:10:53.042Z,2025-10-04T23:55:48.559Z,lifecycle,True,MODE_BREAKDOWN,14,1,10,0,-0.4999999999999997,-0.8660254037844388
2025-10-07 15:00:00+00:00,IE,394,2025-10-08T16:11:43.996Z,2025-10-04T23:55:18.487Z,lifecycle,True,MODE_BREAKDOWN,15,1,10,0,-0.7071067811865471,-0.7071067811865479
2025-10-07 16:00:00+00:00,IE,416,2025-10-08T17:11:00.294Z,2025-10-04T23:55:48.559Z,lifecycle,True,MODE_BREAKDOWN,16,1,10,0,-0.8660254037844385,-0.5000000000000004
2025-10-07 17:00:00+00:00,IE,432,2025-10-08T18:11:00.029Z,2025-10-04T23:55:18.487Z,lifecycle,True,MODE_BREAKDOWN,17,1,10,0,-0.9659258262890683,-0.25881904510252063
2025-10-07 18:00:00+00:00,IE,433,2025-10-10T18:55:38.952Z,2025-10-04T23:55:18.487Z,lifecycle,True,MODE_BREAKDOWN,18,1,10,0,-1.0,-1.8369701987210297e-16
2025-10-07 19:00:00+00:00,IE,427,2025-10-08T20:09:58.096Z,2025-10-04T23:55:18.487Z,lifecycle,True,MODE_BREAKDOWN,19,1,10,0,-0.9659258262890684,0.2588190451025203
2025-10-07 20:00:00+00:00,IE,423,2025-10-08T20:57:01.024Z,2025-10-04T23:55:18.487Z,lifecycle,True,MODE_BREAKDOWN,20,1,10,0,-0.8660254037844386,0.5000000000000001
2025-10-07 21:00:00+00:00,IE,424,2025-10-08T22:10:12.663Z,2025-10-04T23:56:05.076Z,lifecycle,True,MODE_BREAKDOWN,21,1,10,0,-0.7071067811865477,0.7071067811865474
2025-10-07 22:00:00+00:00,IE,414,2025-10-08T22:55:35.313Z,2025-10-04T23:55:18.487Z,lifecycle,True,MODE_BREAKDOWN,22,1,10,0,-0.5000000000000004,0.8660254037844384
2025-10-07 23:00:00+00:00,IE,390,2025-10-08T23:54:49.887Z,2025-10-04T23:56:05.076Z,lifecycle,True,MODE_BREAKDOWN,23,1,10,0,-0.25881904510252157,0.9659258262890681
2025-10-08 00:00:00+00:00,IE,383,2025-10-09T01:09:49.310Z,2025-10-05T22:40:38.322Z,lifecycle,True,MODE_BREAKDOWN,0,2,10,0,0.0,1.0
2025-10-08 01:00:00+00:00,IE,368,2025-10-09T01:54:59.648Z,2025-10-05T22:40:38.322Z,lifecycle,True,MODE_BREAKDOWN,1,2,10,0,0.25881904510252074,0.9659258262890683
2025-10-08 02:00:00+00:00,IE,368,2025-10-09T02:56:36.875Z,2025-10-05T23:42:12.367Z,lifecycle,True,MODE_BREAKDOWN,2,2,10,0,0.49999999999999994,0.8660254037844387
2025-10-08 03:00:00+00:00,IE,381,2025-10-09T03:55:24.699Z,2025-10-05T23:42:12.367Z,lifecycle,True,MODE_BREAKDOWN,3,2,10,0,0.7071067811865476,0.7071067811865476
2025-10-08 04:00:00+00:00,IE,411,2025-10-09T04:55:10.404Z,2025-10-05T23:42:12.367Z,lifecycle,True,MODE_BREAKDOWN,4,2,10,0,0.8660254037844386,0.5000000000000001
2025-10-08 05:00:00+00:00,IE,407,2025-10-09T05:55:34.763Z,2025-10-05T23:42:12.367Z,lifecycle,True,MODE_BREAKDOWN,5,2,10,0,0.9659258262890683,0.25881904510252074
2025-10-08 06:00:00+00:00,IE,397,2025-10-09T06:55:15.026Z,2025-10-05T23:42:12.367Z,lifecycle,True,MODE_BREAKDOWN,6,2,10,0,1.0,6.123233995736766e-17
2025-10-08 07:00:00+00:00,IE,396,2025-10-09T08:40:14.810Z,2025-10-05T23:42:24.437Z,lifecycle,True,MODE_BREAKDOWN,7,2,10,0,0.9659258262890683,-0.25881904510252063
2025-10-08 08:00:00+00:00,IE,379,2025-10-17T00:31:42.444Z,2025-10-05T23:42:12.367Z,lifecycle,True,MODE_BREAKDOWN,8,2,10,0,0.8660254037844387,-0.4999999999999998
2025-10-08 09:00:00+00:00,IE,345,2025-10-17T00:31:22.696Z,2025-10-05T23:41:59.142Z,lifecycle,True,MODE_BREAKDOWN,9,2,10,0,0.7071067811865476,-0.7071067811865475
2025-10-08 10:00:00+00:00,IE,293,2025-10-17T00:31:47.146Z,2025-10-05T23:42:24.437Z,lifecycle,True,MODE_BREAKDOWN,10,2,10,0,0.49999999999999994,-0.8660254037844387
2025-10-08 11:00:00+00:00,IE,269,2025-10-17T00:31:22.696Z,2025-10-05T23:41:59.142Z,lifecycle,True,MODE_BREAKDOWN,11,2,10,0,0.258819045102521,-0.9659258262890682
2025-10-08 12:00:00+00:00,IE,261,2025-10-17T00:31:42.444Z,2025-10-05T23:42:12.367Z,lifecycle,True,MODE_BREAKDOWN,12,2,10,0,1.2246467991473532e-16,-1.0
2025-10-08 13:00:00+00:00,IE,249,2025-10-17T00:31:42.444Z,2025-10-05T23:42:12.367Z,lifecycle,True,MODE_BREAKDOWN,13,2,10,0,-0.2588190451025208,-0.9659258262890683
2025-10-08 14:00:00+00:00,IE,246,2025-10-09T15:09:30.981Z,2025-10-05T23:42:24.437Z,lifecycle,True,MODE_BREAKDOWN,14,2,10,0,-0.4999999999999997,-0.8660254037844388
2025-10-08 15:00:00+00:00,IE,266,2025-10-09T15:54:30.516Z,2025-10-05T23:42:12.367Z,lifecycle,True,MODE_BREAKDOWN,15,2,10,0,-0.7071067811865471,-0.7071067811865479
2025-10-08 16:00:00+00:00,IE,305,2025-10-09T17:10:14.826Z,2025-10-05T23:41:59.142Z,lifecycle,True,MODE_BREAKDOWN,16,2,10,0,-0.8660254037844385,-0.5000000000000004
2025-10-08 17:00:00+00:00,IE,341,2025-10-09T17:54:20.200Z,2025-10-05T23:41:59.142Z,lifecycle,True,MODE_BREAKDOWN,17,2,10,0,-0.9659258262890683,-0.25881904510252063
2025-10-08 18:00:00+00:00,IE,342,2025-10-09T18:55:59.684Z,2025-10-05T23:41:59.142Z,lifecycle,True,MODE_BREAKDOWN,18,2,10,0,-1.0,-1.8369701987210297e-16
2025-10-08 19:00:00+00:00,IE,336,2025-10-09T19:55:13.635Z,2025-10-05T23:42:24.437Z,lifecycle,True,MODE_BREAKDOWN,19,2,10,0,-0.9659258262890684,0.2588190451025203
2025-10-08 20:00:00+00:00,IE,341,2025-10-09T20:55:09.808Z,2025-10-05T23:42:12.367Z,lifecycle,True,MODE_BREAKDOWN,20,2,10,0,-0.8660254037844386,0.5000000000000001
2025-10-08 21:00:00+00:00,IE,350,2025-10-09T21:55:55.725Z,2025-10-05T23:42:12.367Z,lifecycle,True,MODE_BREAKDOWN,21,2,10,0,-0.7071067811865477,0.7071067811865474
2025-10-08 22:00:00+00:00,IE,358,2025-10-09T22:55:01.797Z,2025-10-05T23:42:24.437Z,lifecycle,True,MODE_BREAKDOWN,22,2,10,0,-0.5000000000000004,0.8660254037844384
2025-10-08 23:00:00+00:00,IE,371,2025-10-09T23:55:22.098Z,2025-10-05T23:42:24.437Z,lifecycle,True,MODE_BREAKDOWN,23,2,10,0,-0.25881904510252157,0.9659258262890681
2025-10-09 00:00:00+00:00,IE,370,2025-10-17T00:31:52.787Z,2025-10-06T22:55:09.864Z,lifecycle,True,MODE_BREAKDOWN,0,3,10,0,0.0,1.0
2025-10-09 01:00:00+00:00,IE,364,2025-10-17T00:31:31.467Z,2025-10-06T22:55:22.043Z,lifecycle,True,MODE_BREAKDOWN,1,3,10,0,0.25881904510252074,0.9659258262890683
2025-10-09 02:00:00+00:00,IE,343,2025-10-10T02:55:12.218Z,2025-10-06T23:42:39.935Z,lifecycle,True,MODE_BREAKDOWN,2,3,10,0,0.49999999999999994,0.8660254037844387
2025-10-09 03:00:00+00:00,IE,351,2025-10-10T03:25:23.715Z,2025-10-06T23:42:24.482Z,lifecycle,True,MODE_BREAKDOWN,3,3,10,0,0.7071067811865476,0.7071067811865476
2025-10-09 04:00:00+00:00,IE,358,2025-10-10T05:10:18.334Z,2025-10-06T23:42:24.482Z,lifecycle,True,MODE_BREAKDOWN,4,3,10,0,0.8660254037844386,0.5000000000000001
2025-10-09 05:00:00+00:00,IE,347,2025-10-10T06:11:30.431Z,2025-10-06T23:42:52.814Z,lifecycle,True,MODE_BREAKDOWN,5,3,10,0,0.9659258262890683,0.25881904510252074
2025-10-09 06:00:00+00:00,IE,353,2025-10-10T06:55:17.693Z,2025-10-06T23:42:39.935Z,lifecycle,True,MODE_BREAKDOWN,6,3,10,0,1.0,6.123233995736766e-17
2025-10-09 07:00:00+00:00,IE,354,2025-10-10T14:10:20.837Z,2025-10-06T23:42:24.482Z,lifecycle,True,MODE_BREAKDOWN,7,3,10,0,0.9659258262890683,-0.25881904510252063
2025-10-09 08:00:00+00:00,IE,357,2025-10-10T14:10:20.837Z,2025-10-06T23:42:39.935Z,lifecycle,True,MODE_BREAKDOWN,8,3,10,0,0.8660254037844387,-0.4999999999999998
2025-10-09 09:00:00+00:00,IE,347,2025-10-17T00:31:52.787Z,2025-10-06T23:42:39.935Z,lifecycle,True,MODE_BREAKDOWN,9,3,10,0,0.7071067811865476,-0.7071067811865475
2025-10-09 10:00:00+00:00,IE,323,2025-10-17T00:31:31.467Z,2025-10-06T23:42:52.814Z,lifecycle,True,MODE_BREAKDOWN,10,3,10,0,0.49999999999999994,-0.8660254037844387
2025-10-09 11:00:00+00:00,IE,294,2025-10-17T00:31:31.467Z,2025-10-06T23:42:39.935Z,lifecycle,True,MODE_BREAKDOWN,11,3,10,0,0.258819045102521,-0.9659258262890682
2025-10-09 12:00:00+00:00,IE,291,2025-10-17T00:31:52.787Z,2025-10-06T23:42:39.935Z,lifecycle,True,MODE_BREAKDOWN,12,3,10,0,1.2246467991473532e-16,-1.0
2025-10-09 13:00:00+00:00,IE,311,2025-10-17T00:31:31.467Z,2025-10-06T23:42:52.814Z,lifecycle,True,MODE_BREAKDOWN,13,3,10,0,-0.2588190451025208,-0.9659258262890683
2025-10-09 14:00:00+00:00,IE,350,2025-10-17T00:31:56.005Z,2025-10-06T23:42:52.814Z,lifecycle,True,MODE_BREAKDOWN,14,3,10,0,-0.4999999999999997,-0.8660254037844388
2025-10-09 15:00:00+00:00,IE,373,2025-10-17T00:31:56.005Z,2025-10-06T23:42:52.814Z,lifecycle,True,MODE_BREAKDOWN,15,3,10,0,-0.7071067811865471,-0.7071067811865479
2025-10-09 16:00:00+00:00,IE,399,2025-10-17T00:31:31.467Z,2025-10-06T23:42:52.814Z,lifecycle,True,MODE_BREAKDOWN,16,3,10,0,-0.8660254037844385,-0.5000000000000004
2025-10-09 17:00:00+00:00,IE,427,2025-10-17T00:31:56.005Z,2025-10-06T23:42:24.482Z,lifecycle,True,MODE_BREAKDOWN,17,3,10,0,-0.9659258262890683,-0.25881904510252063
2025-10-09 18:00:00+00:00,IE,436,2025-10-17T00:31:56.005Z,2025-10-06T23:42:52.814Z,lifecycle,True,MODE_BREAKDOWN,18,3,10,0,-1.0,-1.8369701987210297e-16
2025-10-09 19:00:00+00:00,IE,435,2025-10-17T00:31:52.787Z,2025-10-06T23:42:39.935Z,lifecycle,True,MODE_BREAKDOWN,19,3,10,0,-0.9659258262890684,0.2588190451025203
2025-10-09 20:00:00+00:00,IE,422,2025-10-18T00:29:48.061Z,2025-10-06T23:42:39.935Z,lifecycle,True,MODE_BREAKDOWN,20,3,10,0,-0.8660254037844386,0.5000000000000001
2025-10-09 21:00:00+00:00,IE,401,2025-10-17T00:31:56.005Z,2025-10-06T23:42:52.814Z,lifecycle,True,MODE_BREAKDOWN,21,3,10,0,-0.7071067811865477,0.7071067811865474
2025-10-09 22:00:00+00:00,IE,402,2025-10-17T00:31:56.005Z,2025-10-06T23:42:24.482Z,lifecycle,True,MODE_BREAKDOWN,22,3,10,0,-0.5000000000000004,0.8660254037844384
2025-10-09 23:00:00+00:00,IE,441,2025-10-19T00:30:49.655Z,2025-10-06T23:42:39.935Z,lifecycle,True,MODE_BREAKDOWN,23,3,10,0,-0.25881904510252157,0.9659258262890681
2025-10-10 00:00:00+00:00,IE,445,2025-10-17T00:31:31.467Z,2025-10-07T23:11:12.438Z,lifecycle,True,MODE_BREAKDOWN,0,4,10,0,0.0,1.0
2025-10-10 01:00:00+00:00,IE,442,2025-10-17T00:31:31.467Z,2025-10-07T23:11:27.681Z,lifecycle,True,MODE_BREAKDOWN,1,4,10,0,0.25881904510252074,0.9659258262890683
2025-10-10 02:00:00+00:00,IE,424,2025-10-17T00:31:31.467Z,2025-10-07T23:11:12.438Z,lifecycle,True,MODE_BREAKDOWN,2,4,10,0,0.49999999999999994,0.8660254037844387
2025-10-10 03:00:00+00:00,IE,430,2025-10-17T00:31:31.467Z,2025-10-07T23:11:27.681Z,lifecycle,True,MODE_BREAKDOWN,3,4,10,0,0.7071067811865476,0.7071067811865476
2025-10-10 04:00:00+00:00,IE,446,2025-10-13T04:24:49.012Z,2025-10-07T23:10:59.975Z,lifecycle,True,MODE_BREAKDOWN,4,4,10,0,0.8660254037844386,0.5000000000000001
2025-10-10 05:00:00+00:00,IE,440,2025-10-13T05:40:04.573Z,2025-10-07T23:11:27.681Z,lifecycle,True,MODE_BREAKDOWN,5,4,10,0,0.9659258262890683,0.25881904510252074
2025-10-10 06:00:00+00:00,IE,448,2025-10-13T06:26:05.224Z,2025-10-07T23:11:12.438Z,lifecycle,True,MODE_BREAKDOWN,6,4,10,0,1.0,6.123233995736766e-17
2025-10-10 07:00:00+00:00,IE,455,2025-10-17T00:31:52.787Z,2025-10-07T23:10:59.975Z,lifecycle,True,MODE_BREAKDOWN,7,4,10,0,0.9659258262890683,-0.25881904510252063
2025-10-10 08:00:00+00:00,IE,450,2025-10-18T00:29:42.323Z,2025-10-07T23:10:59.975Z,lifecycle,True,MODE_BREAKDOWN,8,4,10,0,0.8660254037844387,-0.4999999999999998
2025-10-10 09:00:00+00:00,IE,438,2025-10-17T00:31:59.973Z,2025-10-07T23:11:27.681Z,lifecycle,True,MODE_BREAKDOWN,9,4,10,0,0.7071067811865476,-0.7071067811865475
2025-10-10 10:00:00+00:00,IE,429,2025-10-17T00:31:31.467Z,2025-10-07T23:10:59.975Z,lifecycle,True,MODE_BREAKDOWN,10,4,10,0,0.49999999999999994,-0.8660254037844387
2025-10-10 11:00:00+00:00,IE,420,2025-10-17T00:31:59.973Z,2025-10-07T23:10:59.975Z,lifecycle,True,MODE_BREAKDOWN,11,4,10,0,0.258819045102521,-0.9659258262890682
2025-10-10 12:00:00+00:00,IE,414,2025-10-17T00:31:56.674Z,2025-10-07T23:11:12.438Z,lifecycle,True,MODE_BREAKDOWN,12,4,10,0,1.2246467991473532e-16,-1.0
2025-10-10 13:00:00+00:00,IE,417,2025-10-17T00:31:56.674Z,2025-10-07T23:11:12.438Z,lifecycle,True,MODE_BREAKDOWN,13,4,10,0,-0.2588190451025208,-0.9659258262890683
2025-10-10 14:00:00+00:00,IE,428,2025-10-13T14:24:56.460Z,2025-10-07T23:10:59.975Z,lifecycle,True,MODE_BREAKDOWN,14,4,10,0,-0.4999999999999997,-0.8660254037844388
2025-10-10 15:00:00+00:00,IE,441,2025-10-13T14:24:56.460Z,2025-10-07T23:11:27.681Z,lifecycle,True,MODE_BREAKDOWN,15,4,10,0,-0.7071067811865471,-0.7071067811865479
2025-10-10 16:00:00+00:00,IE,461,2025-10-11T16:55:22.492Z,2025-10-07T23:11:12.438Z,lifecycle,True,MODE_BREAKDOWN,16,4,10,0,-0.8660254037844385,-0.5000000000000004
2025-10-10 17:00:00+00:00,IE,476,2025-10-17T00:31:56.674Z,2025-10-07T23:10:59.975Z,lifecycle,True,MODE_BREAKDOWN,17,4,10,0,-0.9659258262890683,-0.25881904510252063
2025-10-10 18:00:00+00:00,IE,479,2025-10-17T00:31:59.973Z,2025-10-07T23:11:12.438Z,lifecycle,True,MODE_BREAKDOWN,18,4,10,0,-1.0,-1.8369701987210297e-16
2025-10-10 19:00:00+00:00,IE,474,2025-10-17T00:31:59.973Z,2025-10-07T23:11:12.438Z,lifecycle,True,MODE_BREAKDOWN,19,4,10,0,-0.9659258262890684,0.2588190451025203
2025-10-10 20:00:00+00:00,IE,464,2025-10-17T00:31:36.742Z,2025-10-07T23:10:59.975Z,lifecycle,True,MODE_BREAKDOWN,20,4,10,0,-0.8660254037844386,0.5000000000000001
2025-10-10 21:00:00+00:00,IE,461,2025-10-18T00:29:48.061Z,2025-10-07T23:11:27.681Z,lifecycle,True,MODE_BREAKDOWN,21,4,10,0,-0.7071067811865477,0.7071067811865474
2025-10-10 22:00:00+00:00,IE,451,2025-10-18T00:29:42.323Z,2025-10-07T23:11:12.438Z,lifecycle,True,MODE_BREAKDOWN,22,4,10,0,-0.5000000000000004,0.8660254037844384
2025-10-10 23:00:00+00:00,IE,444,2025-10-18T00:29:48.061Z,2025-10-07T23:11:12.438Z,lifecycle,True,MODE_BREAKDOWN,23,4,10,0,-0.25881904510252157,0.9659258262890681
2025-10-11 00:00:00+00:00,IE,439,2025-10-18T00:29:22.966Z,2025-10-08T22:40:35.601Z,lifecycle,True,MODE_BREAKDOWN,0,5,10,1,0.0,1.0
2025-10-11 01:00:00+00:00,IE,439,2025-10-18T00:29:48.061Z,2025-10-08T22:40:48.545Z,lifecycle,True,MODE_BREAKDOWN,1,5,10,1,0.25881904510252074,0.9659258262890683
2025-10-11 02:00:00+00:00,IE,437,2025-10-18T00:29:42.323Z,2025-10-08T23:54:40.301Z,lifecycle,True,MODE_BREAKDOWN,2,5,10,1,0.49999999999999994,0.8660254037844387
2025-10-11 03:00:00+00:00,IE,451,2025-10-18T00:29:48.061Z,2025-10-08T23:54:40.301Z,lifecycle,True,MODE_BREAKDOWN,3,5,10,1,0.7071067811865476,0.7071067811865476
2025-10-11 04:00:00+00:00,IE,445,2025-10-18T00:29:22.966Z,2025-10-08T23:54:55.011Z,lifecycle,True,MODE_BREAKDOWN,4,5,10,1,0.8660254037844386,0.5000000000000001
2025-10-11 05:00:00+00:00,IE,456,2025-10-18T00:29:22.966Z,2025-10-08T23:55:08.225Z,lifecycle,True,MODE_BREAKDOWN,5,5,10,1,0.9659258262890683,0.25881904510252074
2025-10-11 06:00:00+00:00,IE,458,2025-10-18T00:29:48.061Z,2025-10-08T23:54:55.011Z,lifecycle,True,MODE_BREAKDOWN,6,5,10,1,1.0,6.123233995736766e-17
2025-10-11 07:00:00+00:00,IE,469,2025-10-18T00:29:48.061Z,2025-10-08T23:54:40.301Z,lifecycle,True,MODE_BREAKDOWN,7,5,10,1,0.9659258262890683,-0.25881904510252063
2025-10-11 08:00:00+00:00,IE,468,2025-10-18T00:29:42.323Z,2025-10-08T23:55:08.225Z,lifecycle,True,MODE_BREAKDOWN,8,5,10,1,0.8660254037844387,-0.4999999999999998
2025-10-11 09:00:00+00:00,IE,458,2025-10-18T00:29:51.850Z,2025-10-08T23:55:08.225Z,lifecycle,True,MODE_BREAKDOWN,9,5,10,1,0.7071067811865476,-0.7071067811865475
2025-10-11 10:00:00+00:00,IE,443,2025-10-18T00:29:22.966Z,2025-10-08T23:54:40.301Z,lifecycle,True,MODE_BREAKDOWN,10,5,10,1,0.49999999999999994,-0.8660254037844387
2025-10-11 11:00:00+00:00,IE,438,2025-10-18T00:29:51.850Z,2025-10-08T23:54:40.301Z,lifecycle,True,MODE_BREAKDOWN,11,5,10,1,0.258819045102521,-0.9659258262890682
2025-10-11 12:00:00+00:00,IE,434,2025-10-18T00:29:27.209Z,2025-10-08T23:54:55.011Z,lifecycle,True,MODE_BREAKDOWN,12,5,10,1,1.2246467991473532e-16,-1.0
2025-10-11 13:00:00+00:00,IE,434,2025-10-18T00:29:27.209Z,2025-10-08T23:54:40.301Z,lifecycle,True,MODE_BREAKDOWN,13,5,10,1,-0.2588190451025208,-0.9659258262890683
2025-10-11 14:00:00+00:00,IE,437,2025-10-18T00:29:51.850Z,2025-10-08T23:55:08.225Z,lifecycle,True,MODE_BREAKDOWN,14,5,10,1,-0.4999999999999997,-0.8660254037844388
2025-10-11 15:00:00+00:00,IE,450,2025-10-18T00:29:51.850Z,2025-10-08T23:55:08.225Z,lifecycle,True,MODE_BREAKDOWN,15,5,10,1,-0.7071067811865471,-0.7071067811865479
2025-10-11 16:00:00+00:00,IE,465,2025-10-18T00:29:27.209Z,2025-10-08T23:55:08.225Z,lifecycle,True,MODE_BREAKDOWN,16,5,10,1,-0.8660254037844385,-0.5000000000000004
2025-10-11 17:00:00+00:00,IE,482,2025-10-18T00:29:46.156Z,2025-10-08T23:55:08.225Z,lifecycle,True,MODE_BREAKDOWN,17,5,10,1,-0.9659258262890683,-0.25881904510252063
2025-10-11 18:00:00+00:00,IE,481,2025-10-18T00:29:27.209Z,2025-10-08T23:55:08.225Z,lifecycle,True,MODE_BREAKDOWN,18,5,10,1,-1.0,-1.8369701987210297e-16
2025-10-11 19:00:00+00:00,IE,471,2025-10-18T00:29:51.850Z,2025-10-08T23:54:55.011Z,lifecycle,True,MODE_BREAKDOWN,19,5,10,1,-0.9659258262890684,0.2588190451025203
2025-10-11 20:00:00+00:00,IE,465,2025-10-18T00:29:51.850Z,2025-10-08T23:54:40.301Z,lifecycle,True,MODE_BREAKDOWN,20,5,10,1,-0.8660254037844386,0.5000000000000001
2025-10-11 21:00:00+00:00,IE,458,2025-10-18T00:29:46.156Z,2025-10-08T23:54:40.301Z,lifecycle,True,MODE_BREAKDOWN,21,5,10,1,-0.7071067811865477,0.7071067811865474
2025-10-11 22:00:00+00:00,IE,450,2025-10-18T00:29:46.156Z,2025-10-08T23:55:08.225Z,lifecycle,True,MODE_BREAKDOWN,22,5,10,1,-0.5000000000000004,0.8660254037844384
2025-10-11 23:00:00+00:00,IE,450,2025-10-21T00:28:37.203Z,2025-10-08T23:54:40.301Z,lifecycle,True,MODE_BREAKDOWN,23,5,10,1,-0.25881904510252157,0.9659258262890681
2025-10-12 00:00:00+00:00,IE,441,2025-10-21T00:28:14.045Z,2025-10-09T22:55:09.554Z,lifecycle,True,MODE_BREAKDOWN,0,6,10,1,0.0,1.0
2025-10-12 01:00:00+00:00,IE,443,2025-10-21T00:28:30.542Z,2025-10-09T22:54:56.347Z,lifecycle,True,MODE_BREAKDOWN,1,6,10,1,0.25881904510252074,0.9659258262890683
2025-10-12 02:00:00+00:00,IE,441,2025-10-21T00:28:14.045Z,2025-10-09T23:25:41.496Z,lifecycle,True,MODE_BREAKDOWN,2,6,10,1,0.49999999999999994,0.8660254037844387
2025-10-12 03:00:00+00:00,IE,437,2025-10-21T00:28:37.203Z,2025-10-09T23:26:01.562Z,lifecycle,True,MODE_BREAKDOWN,3,6,10,1,0.7071067811865476,0.7071067811865476
2025-10-12 04:00:00+00:00,IE,432,2025-10-21T00:28:37.203Z,2025-10-09T23:25:41.496Z,lifecycle,True,MODE_BREAKDOWN,4,6,10,1,0.8660254037844386,0.5000000000000001
2025-10-12 05:00:00+00:00,IE,443,2025-10-20T00:29:27.668Z,2025-10-09T23:25:41.496Z,lifecycle,True,MODE_BREAKDOWN,5,6,10,1,0.9659258262890683,0.25881904510252074
2025-10-12 06:00:00+00:00,IE,436,2025-10-20T00:29:23.841Z,2025-10-09T23:25:41.496Z,lifecycle,True,MODE_BREAKDOWN,6,6,10,1,1.0,6.123233995736766e-17
2025-10-12 07:00:00+00:00,IE,431,2025-10-21T00:28:37.203Z,2025-10-09T23:26:01.562Z,lifecycle,True,MODE_BREAKDOWN,7,6,10,1,0.9659258262890683,-0.25881904510252063
2025-10-12 08:00:00+00:00,IE,429,2025-10-20T00:29:27.668Z,2025-10-09T23:26:14.729Z,lifecycle,True,MODE_BREAKDOWN,8,6,10,1,0.8660254037844387,-0.4999999999999998
2025-10-12 09:00:00+00:00,IE,426,2025-10-21T00:28:30.542Z,2025-10-09T23:26:01.562Z,lifecycle,True,MODE_BREAKDOWN,9,6,10,1,0.7071067811865476,-0.7071067811865475
2025-10-12 10:00:00+00:00,IE,426,2025-10-20T00:29:03.476Z,2025-10-09T23:26:14.729Z,lifecycle,True,MODE_BREAKDOWN,10,6,10,1,0.49999999999999994,-0.8660254037844387
2025-10-12 11:00:00+00:00,IE,416,2025-10-20T00:29:03.476Z,2025-10-09T23:26:01.562Z,lifecycle,True,MODE_BREAKDOWN,11,6,10,1,0.258819045102521,-0.9659258262890682
2025-10-12 12:00:00+00:00,IE,408,2025-10-20T00:29:27.668Z,2025-10-09T23:26:14.729Z,lifecycle,True,MODE_BREAKDOWN,12,6,10,1,1.2246467991473532e-16,-1.0
2025-10-12 13:00:00+00:00,IE,396,2025-10-21T00:28:14.045Z,2025-10-09T23:26:01.562Z,lifecycle,True,MODE_BREAKDOWN,13,6,10,1,-0.2588190451025208,-0.9659258262890683
2025-10-12 14:00:00+00:00,IE,393,2025-10-20T00:29:23.841Z,2025-10-09T23:26:14.729Z,lifecycle,True,MODE_BREAKDOWN,14,6,10,1,-0.4999999999999997,-0.8660254037844388
2025-10-12 15:00:00+00:00,IE,411,2025-10-21T00:28:30.542Z,2025-10-09T23:25:41.496Z,lifecycle,True,MODE_BREAKDOWN,15,6,10,1,-0.7071067811865471,-0.7071067811865479
2025-10-12 16:00:00+00:00,IE,429,2025-10-20T00:29:03.476Z,2025-10-09T23:26:14.729Z,lifecycle,True,MODE_BREAKDOWN,16,6,10,1,-0.8660254037844385,-0.5000000000000004
2025-10-12 17:00:00+00:00,IE,437,2025-10-20T00:29:27.668Z,2025-10-09T23:25:41.496Z,lifecycle,True,MODE_BREAKDOWN,17,6,10,1,-0.9659258262890683,-0.25881904510252063
2025-10-12 18:00:00+00:00,IE,432,2025-10-20T00:29:27.668Z,2025-10-09T23:26:14.729Z,lifecycle,True,MODE_BREAKDOWN,18,6,10,1,-1.0,-1.8369701987210297e-16
2025-10-12 19:00:00+00:00,IE,425,2025-10-20T00:29:23.841Z,2025-10-09T23:26:14.729Z,lifecycle,True,MODE_BREAKDOWN,19,6,10,1,-0.9659258262890684,0.2588190451025203
2025-10-12 20:00:00+00:00,IE,422,2025-10-20T00:29:03.476Z,2025-10-09T23:25:41.496Z,lifecycle,True,MODE_BREAKDOWN,20,6,10,1,-0.8660254037844386,0.5000000000000001
2025-10-12 21:00:00+00:00,IE,415,2025-10-13T21:55:29.846Z,2025-10-09T23:26:01.562Z,lifecycle,True,MODE_BREAKDOWN,21,6,10,1,-0.7071067811865477,0.7071067811865474
2025-10-12 22:00:00+00:00,IE,423,2025-10-20T00:29:23.841Z,2025-10-09T23:26:01.562Z,lifecycle,True,MODE_BREAKDOWN,22,6,10,1,-0.5000000000000004,0.8660254037844384
2025-10-12 23:00:00+00:00,IE,442,2025-10-21T00:28:35.455Z,2025-10-09T23:26:14.729Z,lifecycle,True,MODE_BREAKDOWN,23,6,10,1,-0.25881904510252157,0.9659258262890681
2025-10-13 00:00:00+00:00,IE,437,2025-10-21T00:28:35.455Z,2025-10-10T21:39:43.599Z,lifecycle,True,MODE_BREAKDOWN,0,0,10,0,0.0,1.0
2025-10-13 01:00:00+00:00,IE,443,2025-10-21T00:28:22.208Z,2025-10-10T21:39:59.848Z,lifecycle,True,MODE_BREAKDOWN,1,0,10,0,0.25881904510252074,0.9659258262890683
2025-10-13 02:00:00+00:00,IE,451,2025-10-21T00:28:22.208Z,2025-10-10T21:39:59.848Z,lifecycle,True,MODE_BREAKDOWN,2,0,10,0,0.49999999999999994,0.8660254037844387
2025-10-13 03:00:00+00:00,IE,449,2025-10-20T00:29:03.476Z,2025-10-10T21:39:59.848Z,lifecycle,True,MODE_BREAKDOWN,3,0,10,0,0.7071067811865476,0.7071067811865476
2025-10-13 04:00:00+00:00,IE,450,2025-10-14T04:55:12.400Z,2025-10-10T21:39:43.599Z,lifecycle,True,MODE_BREAKDOWN,4,0,10,0,0.8660254037844386,0.5000000000000001
2025-10-13 05:00:00+00:00,IE,446,2025-10-14T05:55:37.138Z,2025-10-10T21:39:59.848Z,lifecycle,True,MODE_BREAKDOWN,5,0,10,0,0.9659258262890683,0.25881904510252074
2025-10-13 06:00:00+00:00,IE,438,2025-10-14T06:55:36.372Z,2025-10-10T21:39:59.848Z,lifecycle,True,MODE_BREAKDOWN,6,0,10,0,1.0,6.123233995736766e-17
2025-10-13 07:00:00+00:00,IE,427,2025-10-21T00:28:22.208Z,2025-10-10T21:39:59.848Z,lifecycle,True,MODE_BREAKDOWN,7,0,10,0,0.9659258262890683,-0.25881904510252063
2025-10-13 08:00:00+00:00,IE,419,2025-10-21T00:28:35.455Z,2025-10-10T21:40:10.357Z,lifecycle,True,MODE_BREAKDOWN,8,0,10,0,0.8660254037844387,-0.4999999999999998
2025-10-13 09:00:00+00:00,IE,408,2025-10-20T00:29:23.841Z,2025-10-10T21:39:43.599Z,lifecycle,True,MODE_BREAKDOWN,9,0,10,0,0.7071067811865476,-0.7071067811865475
2025-10-13 10:00:00+00:00,IE,413,2025-10-21T00:28:22.208Z,2025-10-10T21:39:43.599Z,lifecycle,True,MODE_BREAKDOWN,10,0,10,0,0.49999999999999994,-0.8660254037844387
2025-10-13 11:00:00+00:00,IE,422,2025-10-21T00:28:44.876Z,2025-10-10T21:40:10.357Z,lifecycle,True,MODE_BREAKDOWN,11,0,10,0,0.258819045102521,-0.9659258262890682
2025-10-13 12:00:00+00:00,IE,423,2025-10-21T00:28:22.208Z,2025-10-10T21:39:43.599Z,lifecycle,True,MODE_BREAKDOWN,12,0,10,0,1.2246467991473532e-16,-1.0
2025-10-13 13:00:00+00:00,IE,428,2025-10-21T00:28:35.455Z,2025-10-10T21:40:10.357Z,lifecycle,True,MODE_BREAKDOWN,13,0,10,0,-0.2588190451025208,-0.9659258262890683
2025-10-13 14:00:00+00:00,IE,434,2025-10-21T00:28:44.876Z,2025-10-10T21:40:10.357Z,lifecycle,True,MODE_BREAKDOWN,14,0,10,0,-0.4999999999999997,-0.8660254037844388
2025-10-13 15:00:00+00:00,IE,451,2025-10-21T00:28:44.876Z,2025-10-10T21:40:10.357Z,lifecycle,True,MODE_BREAKDOWN,15,0,10,0,-0.7071067811865471,-0.7071067811865479
2025-10-13 16:00:00+00:00,IE,475,2025-10-21T00:28:44.876Z,2025-10-10T21:39:59.848Z,lifecycle,True,MODE_BREAKDOWN,16,0,10,0,-0.8660254037844385,-0.5000000000000004
2025-10-13 17:00:00+00:00,IE,471,2025-10-20T00:29:27.724Z,2025-10-10T21:40:10.357Z,lifecycle,True,MODE_BREAKDOWN,17,0,10,0,-0.9659258262890683,-0.25881904510252063
2025-10-13 18:00:00+00:00,IE,467,2025-10-21T00:28:22.208Z,2025-10-10T21:40:10.357Z,lifecycle,True,MODE_BREAKDOWN,18,0,10,0,-1.0,-1.8369701987210297e-16
2025-10-13 19:00:00+00:00,IE,459,2025-10-21T00:28:44.876Z,2025-10-10T21:40:10.357Z,lifecycle,True,MODE_BREAKDOWN,19,0,10,0,-0.9659258262890684,0.2588190451025203
2025-10-13 20:00:00+00:00,IE,462,2025-10-20T00:29:07.605Z,2025-10-10T21:39:43.599Z,lifecycle,True,MODE_BREAKDOWN,20,0,10,0,-0.8660254037844386,0.5000000000000001
2025-10-13 21:00:00+00:00,IE,463,2025-10-20T00:29:27.724Z,2025-10-10T21:39:59.848Z,lifecycle,True,MODE_BREAKDOWN,21,0,10,0,-0.7071067811865477,0.7071067811865474
2025-10-13 22:00:00+00:00,IE,457,2025-10-20T00:29:31.550Z,2025-10-10T23:24:50.478Z,lifecycle,True,MODE_BREAKDOWN,22,0,10,0,-0.5000000000000004,0.8660254037844384
2025-10-13 23:00:00+00:00,IE,449,2025-10-21T00:28:44.876Z,2025-10-10T23:25:07.935Z,lifecycle,True,MODE_BREAKDOWN,23,0,10,0,-0.25881904510252157,0.9659258262890681
2025-10-14 00:00:00+00:00,IE,444,2025-10-21T00:28:35.455Z,2025-10-11T22:40:08.374Z,lifecycle,True,MODE_BREAKDOWN,0,1,10,0,0.0,1.0
2025-10-14 01:00:00+00:00,IE,427,2025-10-21T00:28:35.455Z,2025-10-11T22:40:39.864Z,lifecycle,True,MODE_BREAKDOWN,1,1,10,0,0.25881904510252074,0.9659258262890683
2025-10-14 02:00:00+00:00,IE,420,2025-10-21T00:28:22.208Z,2025-10-11T23:10:22.851Z,lifecycle,True,MODE_BREAKDOWN,2,1,10,0,0.49999999999999994,0.8660254037844387
2025-10-14 03:00:00+00:00,IE,431,2025-10-21T00:28:35.455Z,2025-10-11T23:10:22.851Z,lifecycle,True,MODE_BREAKDOWN,3,1,10,0,0.7071067811865476,0.7071067811865476
2025-10-14 04:00:00+00:00,IE,452,2025-10-21T00:28:44.876Z,2025-10-11T23:10:22.851Z,lifecycle,True,MODE_BREAKDOWN,4,1,10,0,0.8660254037844386,0.5000000000000001
2025-10-14 05:00:00+00:00,IE,464,2025-10-21T00:28:35.455Z,2025-10-11T23:09:54.229Z,lifecycle,True,MODE_BREAKDOWN,5,1,10,0,0.9659258262890683,0.25881904510252074
2025-10-14 06:00:00+00:00,IE,479,2025-10-21T00:28:44.876Z,2025-10-11T23:10:08.792Z,lifecycle,True,MODE_BREAKDOWN,6,1,10,0,1.0,6.123233995736766e-17
2025-10-14 07:00:00+00:00,IE,480,2025-10-21T00:28:44.876Z,2025-10-11T23:10:22.851Z,lifecycle,True,MODE_BREAKDOWN,7,1,10,0,0.9659258262890683,-0.25881904510252063
2025-10-14 08:00:00+00:00,IE,472,2025-10-21T00:28:22.208Z,2025-10-11T23:10:22.851Z,lifecycle,True,MODE_BREAKDOWN,8,1,10,0,0.8660254037844387,-0.4999999999999998
2025-10-14 09:00:00+00:00,IE,462,2025-10-21T00:28:26.862Z,2025-10-11T23:10:08.792Z,lifecycle,True,MODE_BREAKDOWN,9,1,10,0,0.7071067811865476,-0.7071067811865475
2025-10-14 10:00:00+00:00,IE,452,2025-10-21T00:28:26.862Z,2025-10-11T23:10:22.851Z,lifecycle,True,MODE_BREAKDOWN,10,1,10,0,0.49999999999999994,-0.8660254037844387
2025-10-14 11:00:00+00:00,IE,449,2025-10-21T00:28:39.177Z,2025-10-11T23:10:08.792Z,lifecycle,True,MODE_BREAKDOWN,11,1,10,0,0.258819045102521,-0.9659258262890682
2025-10-14 12:00:00+00:00,IE,451,2025-10-21T00:28:39.177Z,2025-10-11T23:09:54.229Z,lifecycle,True,MODE_BREAKDOWN,12,1,10,0,1.2246467991473532e-16,-1.0
2025-10-14 13:00:00+00:00,IE,452,2025-10-21T00:28:26.862Z,2025-10-11T23:10:08.792Z,lifecycle,True,MODE_BREAKDOWN,13,1,10,0,-0.2588190451025208,-0.9659258262890683
2025-10-14 14:00:00+00:00,IE,453,2025-10-21T00:28:39.177Z,2025-10-11T23:09:54.229Z,lifecycle,True,MODE_BREAKDOWN,14,1,10,0,-0.4999999999999997,-0.8660254037844388
2025-10-14 15:00:00+00:00,IE,460,2025-10-21T00:28:26.862Z,2025-10-11T23:09:54.229Z,lifecycle,True,MODE_BREAKDOWN,15,1,10,0,-0.7071067811865471,-0.7071067811865479
2025-10-14 16:00:00+00:00,IE,472,2025-10-21T00:28:39.177Z,2025-10-11T23:10:08.792Z,lifecycle,True,MODE_BREAKDOWN,16,1,10,0,-0.8660254037844385,-0.5000000000000004
2025-10-14 17:00:00+00:00,IE,482,2025-10-21T00:28:39.177Z,2025-10-11T23:10:22.851Z,lifecycle,True,MODE_BREAKDOWN,17,1,10,0,-0.9659258262890683,-0.25881904510252063
2025-10-14 18:00:00+00:00,IE,477,2025-10-21T00:28:39.177Z,2025-10-11T23:09:54.229Z,lifecycle,True,MODE_BREAKDOWN,18,1,10,0,-1.0,-1.8369701987210297e-16
2025-10-14 19:00:00+00:00,IE,469,2025-10-21T00:28:39.177Z,2025-10-11T23:10:08.792Z,lifecycle,True,MODE_BREAKDOWN,19,1,10,0,-0.9659258262890684,0.2588190451025203
2025-10-14 20:00:00+00:00,IE,469,2025-10-21T00:28:39.177Z,2025-10-11T23:10:08.792Z,lifecycle,True,MODE_BREAKDOWN,20,1,10,0,-0.8660254037844386,0.5000000000000001
2025-10-14 21:00:00+00:00,IE,468,2025-10-21T00:28:48.840Z,2025-10-11T23:10:22.851Z,lifecycle,True,MODE_BREAKDOWN,21,1,10,0,-0.7071067811865477,0.7071067811865474
2025-10-14 22:00:00+00:00,IE,466,2025-10-21T00:28:48.840Z,2025-10-11T23:09:54.229Z,lifecycle,True,MODE_BREAKDOWN,22,1,10,0,-0.5000000000000004,0.8660254037844384
2025-10-14 23:00:00+00:00,IE,468,2025-10-24T00:32:52.121Z,2025-10-11T23:10:22.851Z,lifecycle,True,MODE_BREAKDOWN,23,1,10,0,-0.25881904510252157,0.9659258262890681
2025-10-15 00:00:00+00:00,IE,451,2025-10-24T00:32:39.282Z,2025-10-12T22:40:36.158Z,lifecycle,True,MODE_BREAKDOWN,0,2,10,0,0.0,1.0
2025-10-15 01:00:00+00:00,IE,440,2025-10-24T00:32:39.282Z,2025-10-12T22:41:57.346Z,lifecycle,True,MODE_BREAKDOWN,1,2,10,0,0.25881904510252074,0.9659258262890683
2025-10-15 02:00:00+00:00,IE,429,2025-10-24T00:32:39.282Z,2025-10-12T23:24:50.600Z,lifecycle,True,MODE_BREAKDOWN,2,2,10,0,0.49999999999999994,0.8660254037844387
2025-10-15 03:00:00+00:00,IE,429,2025-10-24T00:32:52.121Z,2025-10-12T23:24:50.600Z,lifecycle,True,MODE_BREAKDOWN,3,2,10,0,0.7071067811865476,0.7071067811865476
2025-10-15 04:00:00+00:00,IE,427,2025-10-24T00:32:52.121Z,2025-10-12T23:24:50.600Z,lifecycle,True,MODE_BREAKDOWN,4,2,10,0,0.8660254037844386,0.5000000000000001
2025-10-15 05:00:00+00:00,IE,448,2025-10-24T00:32:39.282Z,2025-10-12T23:25:03.329Z,lifecycle,True,MODE_BREAKDOWN,5,2,10,0,0.9659258262890683,0.25881904510252074
2025-10-15 06:00:00+00:00,IE,462,2025-10-24T00:32:16.935Z,2025-10-12T23:24:50.600Z,lifecycle,True,MODE_BREAKDOWN,6,2,10,0,1.0,6.123233995736766e-17
2025-10-15 07:00:00+00:00,IE,466,2025-10-24T00:32:16.935Z,2025-10-12T23:25:03.329Z,lifecycle,True,MODE_BREAKDOWN,7,2,10,0,0.9659258262890683,-0.25881904510252063
2025-10-15 08:00:00+00:00,IE,458,2025-10-24T00:32:39.282Z,2025-10-12T23:25:08.291Z,lifecycle,True,MODE_BREAKDOWN,8,2,10,0,0.8660254037844387,-0.4999999999999998
2025-10-15 09:00:00+00:00,IE,448,2025-10-24T00:32:39.282Z,2025-10-12T23:24:50.600Z,lifecycle,True,MODE_BREAKDOWN,9,2,10,0,0.7071067811865476,-0.7071067811865475
2025-10-15 10:00:00+00:00,IE,437,2025-10-24T00:32:39.282Z,2025-10-12T23:25:08.291Z,lifecycle,True,MODE_BREAKDOWN,10,2,10,0,0.49999999999999994,-0.8660254037844387
2025-10-15 11:00:00+00:00,IE,440,2025-10-24T00:32:16.935Z,2025-10-12T23:25:08.291Z,lifecycle,True,MODE_BREAKDOWN,11,2,10,0,0.258819045102521,-0.9659258262890682
2025-10-15 12:00:00+00:00,IE,443,2025-10-24T00:32:52.121Z,2025-10-12T23:25:03.329Z,lifecycle,True,MODE_BREAKDOWN,12,2,10,0,1.2246467991473532e-16,-1.0
2025-10-15 13:00:00+00:00,IE,444,2025-10-24T00:32:16.935Z,2025-10-12T23:25:08.291Z,lifecycle,True,MODE_BREAKDOWN,13,2,10,0,-0.2588190451025208,-0.9659258262890683
2025-10-15 14:00:00+00:00,IE,442,2025-10-24T00:32:16.935Z,2025-10-12T23:24:50.600Z,lifecycle,True,MODE_BREAKDOWN,14,2,10,0,-0.4999999999999997,-0.8660254037844388
2025-10-15 15:00:00+00:00,IE,451,2025-10-24T00:32:39.282Z,2025-10-12T23:25:03.329Z,lifecycle,True,MODE_BREAKDOWN,15,2,10,0,-0.7071067811865471,-0.7071067811865479
2025-10-15 16:00:00+00:00,IE,464,2025-10-24T00:32:25.343Z,2025-10-12T23:25:03.329Z,lifecycle,True,MODE_BREAKDOWN,16,2,10,0,-0.8660254037844385,-0.5000000000000004
2025-10-15 17:00:00+00:00,IE,464,2025-10-24T00:32:25.343Z,2025-10-12T23:25:03.329Z,lifecycle,True,MODE_BREAKDOWN,17,2,10,0,-0.9659258262890683,-0.25881904510252063
2025-10-15 18:00:00+00:00,IE,459,2025-10-24T00:32:59.925Z,2025-10-12T23:25:03.329Z,lifecycle,True,MODE_BREAKDOWN,18,2,10,0,-1.0,-1.8369701987210297e-16
2025-10-15 19:00:00+00:00,IE,458,2025-10-24T00:32:25.343Z,2025-10-12T23:25:03.329Z,lifecycle,True,MODE_BREAKDOWN,19,2,10,0,-0.9659258262890684,0.2588190451025203
2025-10-15 20:00:00+00:00,IE,458,2025-10-24T00:32:59.925Z,2025-10-12T23:25:03.329Z,lifecycle,True,MODE_BREAKDOWN,20,2,10,0,-0.8660254037844386,0.5000000000000001
2025-10-15 21:00:00+00:00,IE,446,2025-10-24T00:32:47.570Z,2025-10-12T23:25:08.291Z,lifecycle,True,MODE_BREAKDOWN,21,2,10,0,-0.7071067811865477,0.7071067811865474
2025-10-15 22:00:00+00:00,IE,438,2025-10-24T00:32:47.570Z,2025-10-12T23:24:50.600Z,lifecycle,True,MODE_BREAKDOWN,22,2,10,0,-0.5000000000000004,0.8660254037844384
2025-10-15 23:00:00+00:00,IE,437,2025-10-26T00:34:25.941Z,2025-10-12T23:25:08.291Z,lifecycle,True,MODE_BREAKDOWN,23,2,10,0,-0.25881904510252157,0.9659258262890681
2025-10-16 00:00:00+00:00,IE,437,2025-10-26T00:34:25.413Z,2025-10-13T22:55:54.223Z,lifecycle,True,MODE_BREAKDOWN,0,3,10,0,0.0,1.0
2025-10-16 01:00:00+00:00,IE,422,2025-10-26T00:34:25.413Z,2025-10-13T22:55:54.223Z,lifecycle,True,MODE_BREAKDOWN,1,3,10,0,0.25881904510252074,0.9659258262890683
2025-10-16 02:00:00+00:00,IE,424,2025-10-26T00:34:06.029Z,2025-10-13T23:25:07.097Z,lifecycle,True,MODE_BREAKDOWN,2,3,10,0,0.49999999999999994,0.8660254037844387
2025-10-16 03:00:00+00:00,IE,431,2025-10-26T00:34:25.413Z,2025-10-13T23:25:19.124Z,lifecycle,True,MODE_BREAKDOWN,3,3,10,0,0.7071067811865476,0.7071067811865476
2025-10-16 04:00:00+00:00,IE,457,2025-10-26T00:34:06.029Z,2025-10-13T23:25:19.124Z,lifecycle,True,MODE_BREAKDOWN,4,3,10,0,0.8660254037844386,0.5000000000000001
2025-10-16 05:00:00+00:00,IE,453,2025-10-26T00:34:25.941Z,2025-10-13T23:24:53.868Z,lifecycle,True,MODE_BREAKDOWN,5,3,10,0,0.9659258262890683,0.25881904510252074
2025-10-16 06:00:00+00:00,IE,460,2025-10-26T00:34:06.029Z,2025-10-13T23:25:19.124Z,lifecycle,True,MODE_BREAKDOWN,6,3,10,0,1.0,6.123233995736766e-17
2025-10-16 07:00:00+00:00,IE,468,2025-10-26T00:34:25.413Z,2025-10-13T23:24:53.868Z,lifecycle,True,MODE_BREAKDOWN,7,3,10,0,0.9659258262890683,-0.25881904510252063
2025-10-16 08:00:00+00:00,IE,465,2025-10-26T00:34:25.413Z,2025-10-13T23:24:53.868Z,lifecycle,True,MODE_BREAKDOWN,8,3,10,0,0.8660254037844387,-0.4999999999999998
2025-10-16 09:00:00+00:00,IE,459,2025-10-26T00:34:25.941Z,2025-10-13T23:25:19.124Z,lifecycle,True,MODE_BREAKDOWN,9,3,10,0,0.7071067811865476,-0.7071067811865475
2025-10-16 10:00:00+00:00,IE,455,2025-10-26T00:34:25.413Z,2025-10-13T23:25:19.124Z,lifecycle,True,MODE_BREAKDOWN,10,3,10,0,0.49999999999999994,-0.8660254037844387
2025-10-16 11:00:00+00:00,IE,454,2025-10-26T00:34:25.941Z,2025-10-13T23:25:19.124Z,lifecycle,True,MODE_BREAKDOWN,11,3,10,0,0.258819045102521,-0.9659258262890682
2025-10-16 12:00:00+00:00,IE,447,2025-10-26T00:34:25.413Z,2025-10-13T23:24:53.868Z,lifecycle,True,MODE_BREAKDOWN,12,3,10,0,1.2246467991473532e-16,-1.0
2025-10-16 13:00:00+00:00,IE,448,2025-10-24T00:32:59.925Z,2025-10-13T23:25:07.097Z,lifecycle,True,MODE_BREAKDOWN,13,3,10,0,-0.2588190451025208,-0.9659258262890683
2025-10-16 14:00:00+00:00,IE,449,2025-10-26T00:34:25.941Z,2025-10-13T23:25:07.097Z,lifecycle,True,MODE_BREAKDOWN,14,3,10,0,-0.4999999999999997,-0.8660254037844388
2025-10-16 15:00:00+00:00,IE,458,2025-10-26T00:34:25.413Z,2025-10-13T23:25:07.097Z,lifecycle,True,MODE_BREAKDOWN,15,3,10,0,-0.7071067811865471,-0.7071067811865479
2025-10-16 16:00:00+00:00,IE,474,2025-10-24T00:32:25.343Z,2025-10-13T23:24:53.868Z,lifecycle,True,MODE_BREAKDOWN,16,3,10,0,-0.8660254037844385,-0.5000000000000004
2025-10-16 17:00:00+00:00,IE,474,2025-10-26T00:34:06.029Z,2025-10-13T23:25:19.124Z,lifecycle,True,MODE_BREAKDOWN,17,3,10,0,-0.9659258262890683,-0.25881904510252063
2025-10-16 18:00:00+00:00,IE,464,2025-10-26T00:34:25.413Z,2025-10-13T23:24:53.868Z,lifecycle,True,MODE_BREAKDOWN,18,3,10,0,-1.0,-1.8369701987210297e-16
2025-10-16 19:00:00+00:00,IE,458,2025-10-26T00:34:25.413Z,2025-10-13T23:24:53.868Z,lifecycle,True,MODE_BREAKDOWN,19,3,10,0,-0.9659258262890684,0.2588190451025203
2025-10-16 20:00:00+00:00,IE,447,2025-10-26T00:34:25.941Z,2025-10-13T23:24:53.868Z,lifecycle,True,MODE_BREAKDOWN,20,3,10,0,-0.8660254037844386,0.5000000000000001
2025-10-16 21:00:00+00:00,IE,435,2025-10-26T00:34:25.413Z,2025-10-13T23:25:19.124Z,lifecycle,True,MODE_BREAKDOWN,21,3,10,0,-0.7071067811865477,0.7071067811865474
2025-10-16 22:00:00+00:00,IE,427,2025-10-26T00:34:25.413Z,2025-10-13T23:25:19.124Z,lifecycle,True,MODE_BREAKDOWN,22,3,10,0,-0.5000000000000004,0.8660254037844384
2025-10-16 23:00:00+00:00,IE,428,2025-10-26T00:34:25.413Z,2025-10-13T23:24:53.868Z,lifecycle,True,MODE_BREAKDOWN,23,3,10,0,-0.25881904510252157,0.9659258262890681
2025-10-17 00:00:00+00:00,IE,423,2025-10-26T00:34:25.413Z,2025-10-14T22:56:36.659Z,lifecycle,True,MODE_BREAKDOWN,0,4,10,0,0.0,1.0
2025-10-17 01:00:00+00:00,IE,420,2025-10-26T00:34:25.413Z,2025-10-14T22:55:41.271Z,lifecycle,True,MODE_BREAKDOWN,1,4,10,0,0.25881904510252074,0.9659258262890683
2025-10-17 02:00:00+00:00,IE,403,2025-10-26T00:34:25.413Z,2025-10-14T23:26:15.840Z,lifecycle,True,MODE_BREAKDOWN,2,4,10,0,0.49999999999999994,0.8660254037844387
2025-10-17 03:00:00+00:00,IE,377,2025-10-26T00:34:25.941Z,2025-10-14T23:25:51.908Z,lifecycle,True,MODE_BREAKDOWN,3,4,10,0,0.7071067811865476,0.7071067811865476
2025-10-17 04:00:00+00:00,IE,355,2025-10-26T00:34:06.029Z,2025-10-14T23:26:15.840Z,lifecycle,True,MODE_BREAKDOWN,4,4,10,0,0.8660254037844386,0.5000000000000001
2025-10-17 05:00:00+00:00,IE,396,2025-10-20T05:25:25.447Z,2025-10-14T23:26:15.840Z,lifecycle,True,MODE_BREAKDOWN,5,4,10,0,0.9659258262890683,0.25881904510252074
2025-10-17 06:00:00+00:00,IE,413,2025-10-26T00:34:25.941Z,2025-10-14T23:26:06.780Z,lifecycle,True,MODE_BREAKDOWN,6,4,10,0,1.0,6.123233995736766e-17
2025-10-17 07:00:00+00:00,IE,396,2025-10-26T00:34:25.413Z,2025-10-14T23:26:15.840Z,lifecycle,True,MODE_BREAKDOWN,7,4,10,0,0.9659258262890683,-0.25881904510252063
2025-10-17 08:00:00+00:00,IE,392,2025-10-26T00:34:25.941Z,2025-10-14T23:26:06.780Z,lifecycle,True,MODE_BREAKDOWN,8,4,10,0,0.8660254037844387,-0.4999999999999998
2025-10-17 09:00:00+00:00,IE,362,2025-10-26T00:34:25.413Z,2025-10-14T23:26:15.840Z,lifecycle,True,MODE_BREAKDOWN,9,4,10,0,0.7071067811865476,-0.7071067811865475
2025-10-17 10:00:00+00:00,IE,335,2025-10-26T00:34:06.029Z,2025-10-14T23:25:51.908Z,lifecycle,True,MODE_BREAKDOWN,10,4,10,0,0.49999999999999994,-0.8660254037844387
2025-10-17 11:00:00+00:00,IE,333,2025-10-26T00:34:06.029Z,2025-10-14T23:26:06.780Z,lifecycle,True,MODE_BREAKDOWN,11,4,10,0,0.258819045102521,-0.9659258262890682
2025-10-17 12:00:00+00:00,IE,309,2025-10-26T00:34:25.413Z,2025-10-14T23:25:51.908Z,lifecycle,True,MODE_BREAKDOWN,12,4,10,0,1.2246467991473532e-16,-1.0
2025-10-17 13:00:00+00:00,IE,298,2025-10-26T00:34:25.413Z,2025-10-14T23:25:51.908Z,lifecycle,True,MODE_BREAKDOWN,13,4,10,0,-0.2588190451025208,-0.9659258262890683
2025-10-17 14:00:00+00:00,IE,307,2025-10-24T00:33:03.534Z,2025-10-14T23:26:15.840Z,lifecycle,True,MODE_BREAKDOWN,14,4,10,0,-0.4999999999999997,-0.8660254037844388
2025-10-17 15:00:00+00:00,IE,336,2025-10-26T00:34:25.413Z,2025-10-14T23:25:51.908Z,lifecycle,True,MODE_BREAKDOWN,15,4,10,0,-0.7071067811865471,-0.7071067811865479
2025-10-17 16:00:00+00:00,IE,361,2025-10-26T00:34:33.011Z,2025-10-14T23:26:06.780Z,lifecycle,True,MODE_BREAKDOWN,16,4,10,0,-0.8660254037844385,-0.5000000000000004
2025-10-17 17:00:00+00:00,IE,371,2025-10-26T00:34:33.011Z,2025-10-14T23:26:06.780Z,lifecycle,True,MODE_BREAKDOWN,17,4,10,0,-0.9659258262890683,-0.25881904510252063
2025-10-17 18:00:00+00:00,IE,351,2025-10-26T00:34:33.608Z,2025-10-14T23:25:51.908Z,lifecycle,True,MODE_BREAKDOWN,18,4,10,0,-1.0,-1.8369701987210297e-16
2025-10-17 19:00:00+00:00,IE,308,2025-10-26T00:34:33.608Z,2025-10-14T23:26:15.840Z,lifecycle,True,MODE_BREAKDOWN,19,4,10,0,-0.9659258262890684,0.2588190451025203
2025-10-17 20:00:00+00:00,IE,284,2025-10-24T00:33:03.534Z,2025-10-14T23:25:51.908Z,lifecycle,True,MODE_BREAKDOWN,20,4,10,0,-0.8660254037844386,0.5000000000000001
2025-10-17 21:00:00+00:00,IE,257,2025-10-19T08:25:54.431Z,2025-10-14T23:26:15.840Z,lifecycle,True,MODE_BREAKDOWN,21,4,10,0,-0.7071067811865477,0.7071067811865474
2025-10-17 22:00:00+00:00,IE,204,2025-10-26T00:34:33.011Z,2025-10-14T23:26:15.840Z,lifecycle,True,MODE_BREAKDOWN,22,4,10,0,-0.5000000000000004,0.8660254037844384
2025-10-17 23:00:00+00:00,IE,167,2025-10-26T00:34:33.608Z,2025-10-14T23:25:51.908Z,lifecycle,True,MODE_BREAKDOWN,23,4,10,0,-0.25881904510252157,0.9659258262890681
2025-10-18 00:00:00+00:00,IE,165,2025-10-27T01:30:37.120Z,2025-10-15T22:39:39.513Z,lifecycle,True,MODE_BREAKDOWN,0,5,10,1,0.0,1.0
2025-10-18 01:00:00+00:00,IE,164,2025-10-26T00:34:33.011Z,2025-10-15T22:40:03.896Z,lifecycle,True,MODE_BREAKDOWN,1,5,10,1,0.25881904510252074,0.9659258262890683
2025-10-18 02:00:00+00:00,IE,174,2025-10-26T00:34:15.242Z,2025-10-15T23:56:27.344Z,lifecycle,True,MODE_BREAKDOWN,2,5,10,1,0.49999999999999994,0.8660254037844387
2025-10-18 03:00:00+00:00,IE,187,2025-10-26T00:34:15.242Z,2025-10-15T23:56:17.524Z,lifecycle,True,MODE_BREAKDOWN,3,5,10,1,0.7071067811865476,0.7071067811865476
2025-10-18 04:00:00+00:00,IE,199,2025-10-27T01:30:45.990Z,2025-10-15T23:56:17.524Z,lifecycle,True,MODE_BREAKDOWN,4,5,10,1,0.8660254037844386,0.5000000000000001
2025-10-18 05:00:00+00:00,IE,205,2025-10-19T08:25:59.494Z,2025-10-15T23:56:27.344Z,lifecycle,True,MODE_BREAKDOWN,5,5,10,1,0.9659258262890683,0.25881904510252074
2025-10-18 06:00:00+00:00,IE,196,2025-10-27T01:30:45.990Z,2025-10-15T23:56:35.065Z,lifecycle,True,MODE_BREAKDOWN,6,5,10,1,1.0,6.123233995736766e-17
2025-10-18 07:00:00+00:00,IE,181,2025-10-26T00:34:33.608Z,2025-10-15T23:56:27.344Z,lifecycle,True,MODE_BREAKDOWN,7,5,10,1,0.9659258262890683,-0.25881904510252063
2025-10-18 08:00:00+00:00,IE,164,2025-10-26T00:34:33.608Z,2025-10-15T23:56:35.065Z,lifecycle,True,MODE_BREAKDOWN,8,5,10,1,0.8660254037844387,-0.4999999999999998
2025-10-18 09:00:00+00:00,IE,155,2025-10-26T00:34:15.242Z,2025-10-15T23:56:17.524Z,lifecycle,True,MODE_BREAKDOWN,9,5,10,1,0.7071067811865476,-0.7071067811865475
2025-10-18 10:00:00+00:00,IE,149,2025-10-27T01:30:15.979Z,2025-10-15T23:56:35.065Z,lifecycle,True,MODE_BREAKDOWN,10,5,10,1,0.49999999999999994,-0.8660254037844387
2025-10-18 11:00:00+00:00,IE,143,2025-10-26T00:34:33.608Z,2025-10-15T23:56:17.524Z,lifecycle,True,MODE_BREAKDOWN,11,5,10,1,0.258819045102521,-0.9659258262890682
2025-10-18 12:00:00+00:00,IE,145,2025-10-26T00:34:15.242Z,2025-10-15T23:56:27.344Z,lifecycle,True,MODE_BREAKDOWN,12,5,10,1,1.2246467991473532e-16,-1.0
2025-10-18 13:00:00+00:00,IE,146,2025-10-21T10:26:58.513Z,2025-10-15T23:56:27.344Z,lifecycle,True,MODE_BREAKDOWN,13,5,10,1,-0.2588190451025208,-0.9659258262890683
2025-10-18 14:00:00+00:00,IE,162,2025-10-18T16:24:07.346Z,2025-10-15T23:56:17.524Z,lifecycle,True,MODE_BREAKDOWN,14,5,10,1,-0.4999999999999997,-0.8660254037844388
2025-10-18 15:00:00+00:00,IE,149,2025-10-18T17:24:46.512Z,2025-10-15T23:56:35.065Z,lifecycle,True,MODE_BREAKDOWN,15,5,10,1,-0.7071067811865471,-0.7071067811865479
2025-10-18 16:00:00+00:00,IE,152,2025-10-18T18:25:14.567Z,2025-10-15T23:56:35.065Z,lifecycle,True,MODE_BREAKDOWN,16,5,10,1,-0.8660254037844385,-0.5000000000000004
2025-10-18 17:00:00+00:00,IE,152,2025-10-18T20:26:08.086Z,2025-10-15T23:56:17.524Z,lifecycle,True,MODE_BREAKDOWN,17,5,10,1,-0.9659258262890683,-0.25881904510252063
2025-10-18 18:00:00+00:00,IE,147,2025-10-18T20:26:20.453Z,2025-10-15T23:56:35.065Z,lifecycle,True,MODE_BREAKDOWN,18,5,10,1,-1.0,-1.8369701987210297e-16
2025-10-18 19:00:00+00:00,IE,139,2025-10-18T21:24:51.579Z,2025-10-15T23:56:17.524Z,lifecycle,True,MODE_BREAKDOWN,19,5,10,1,-0.9659258262890684,0.2588190451025203
2025-10-18 20:00:00+00:00,IE,136,2025-10-18T22:25:43.567Z,2025-10-15T23:56:27.344Z,lifecycle,True,MODE_BREAKDOWN,20,5,10,1,-0.8660254037844386,0.5000000000000001
2025-10-18 21:00:00+00:00,IE,140,2025-10-18T23:25:17.947Z,2025-10-15T23:56:35.065Z,lifecycle,True,MODE_BREAKDOWN,21,5,10,1,-0.7071067811865477,0.7071067811865474
2025-10-18 22:00:00+00:00,IE,142,2025-10-19T00:24:25.920Z,2025-10-15T23:56:27.344Z,lifecycle,True,MODE_BREAKDOWN,22,5,10,1,-0.5000000000000004,0.8660254037844384
2025-10-18 23:00:00+00:00,IE,139,2025-10-19T01:25:27.000Z,2025-10-15T23:56:35.065Z,lifecycle,True,MODE_BREAKDOWN,23,5,10,1,-0.25881904510252157,0.9659258262890681
2025-10-19 00:00:00+00:00,IE,144,2025-10-19T02:24:31.880Z,2025-10-16T22:40:29.352Z,lifecycle,True,MODE_BREAKDOWN,0,6,10,1,0.0,1.0
2025-10-19 01:00:00+00:00,IE,176,2025-10-19T03:25:38.048Z,2025-10-16T22:40:29.352Z,lifecycle,True,MODE_BREAKDOWN,1,6,10,1,0.25881904510252074,0.9659258262890683
2025-10-19 02:00:00+00:00,IE,203,2025-10-19T04:25:09.010Z,2025-10-16T23:40:17.156Z,lifecycle,True,MODE_BREAKDOWN,2,6,10,1,0.49999999999999994,0.8660254037844387
2025-10-19 03:00:00+00:00,IE,218,2025-10-19T05:24:57.673Z,2025-10-16T23:40:37.918Z,lifecycle,True,MODE_BREAKDOWN,3,6,10,1,0.7071067811865476,0.7071067811865476
2025-10-19 04:00:00+00:00,IE,246,2025-10-19T06:25:40.632Z,2025-10-16T23:40:59.962Z,lifecycle,True,MODE_BREAKDOWN,4,6,10,1,0.8660254037844386,0.5000000000000001
2025-10-19 05:00:00+00:00,IE,272,2025-10-20T05:55:03.349Z,2025-10-16T23:40:37.918Z,lifecycle,True,MODE_BREAKDOWN,5,6,10,1,0.9659258262890683,0.25881904510252074
2025-10-19 06:00:00+00:00,IE,279,2025-10-20T07:10:11.916Z,2025-10-16T23:40:17.156Z,lifecycle,True,MODE_BREAKDOWN,6,6,10,1,1.0,6.123233995736766e-17
2025-10-19 07:00:00+00:00,IE,292,2025-10-26T00:34:33.011Z,2025-10-16T23:40:37.918Z,lifecycle,True,MODE_BREAKDOWN,7,6,10,1,0.9659258262890683,-0.25881904510252063
2025-10-19 08:00:00+00:00,IE,272,2025-10-27T01:30:23.712Z,2025-10-16T23:40:59.962Z,lifecycle,True,MODE_BREAKDOWN,8,6,10,1,0.8660254037844387,-0.4999999999999998
2025-10-19 09:00:00+00:00,IE,264,2025-10-26T00:34:36.656Z,2025-10-16T23:40:37.918Z,lifecycle,True,MODE_BREAKDOWN,9,6,10,1,0.7071067811865476,-0.7071067811865475
2025-10-19 10:00:00+00:00,IE,279,2025-10-26T00:34:36.656Z,2025-10-16T23:40:59.962Z,lifecycle,True,MODE_BREAKDOWN,10,6,10,1,0.49999999999999994,-0.8660254037844387
2025-10-19 11:00:00+00:00,IE,276,2025-10-27T01:30:23.712Z,2025-10-16T23:40:59.962Z,lifecycle,True,MODE_BREAKDOWN,11,6,10,1,0.258819045102521,-0.9659258262890682
2025-10-19 12:00:00+00:00,IE,267,2025-10-27T01:30:23.712Z,2025-10-16T23:40:37.918Z,lifecycle,True,MODE_BREAKDOWN,12,6,10,1,1.2246467991473532e-16,-1.0
2025-10-19 13:00:00+00:00,IE,257,2025-10-26T00:34:36.656Z,2025-10-16T23:40:37.918Z,lifecycle,True,MODE_BREAKDOWN,13,6,10,1,-0.2588190451025208,-0.9659258262890683
2025-10-19 14:00:00+00:00,IE,233,2025-10-26T00:34:37.522Z,2025-10-16T23:40:59.962Z,lifecycle,True,MODE_BREAKDOWN,14,6,10,1,-0.4999999999999997,-0.8660254037844388
2025-10-19 15:00:00+00:00,IE,254,2025-10-27T01:31:02.878Z,2025-10-16T23:40:59.962Z,lifecycle,True,MODE_BREAKDOWN,15,6,10,1,-0.7071067811865471,-0.7071067811865479
2025-10-19 16:00:00+00:00,IE,312,2025-10-27T01:30:23.712Z,2025-10-16T23:40:37.918Z,lifecycle,True,MODE_BREAKDOWN,16,6,10,1,-0.8660254037844385,-0.5000000000000004
2025-10-19 17:00:00+00:00,IE,338,2025-10-26T00:34:37.522Z,2025-10-16T23:40:37.918Z,lifecycle,True,MODE_BREAKDOWN,17,6,10,1,-0.9659258262890683,-0.25881904510252063
2025-10-19 18:00:00+00:00,IE,329,2025-10-27T01:31:02.878Z,2025-10-16T23:40:37.918Z,lifecycle,True,MODE_BREAKDOWN,18,6,10,1,-1.0,-1.8369701987210297e-16
2025-10-19 19:00:00+00:00,IE,295,2025-10-27T01:31:02.878Z,2025-10-16T23:40:17.156Z,lifecycle,True,MODE_BREAKDOWN,19,6,10,1,-0.9659258262890684,0.2588190451025203
2025-10-19 20:00:00+00:00,IE,260,2025-10-26T00:34:36.656Z,2025-10-16T23:40:59.962Z,lifecycle,True,MODE_BREAKDOWN,20,6,10,1,-0.8660254037844386,0.5000000000000001
2025-10-19 21:00:00+00:00,IE,249,2025-10-26T00:34:19.506Z,2025-10-16T23:40:17.156Z,lifecycle,True,MODE_BREAKDOWN,21,6,10,1,-0.7071067811865477,0.7071067811865474
2025-10-19 22:00:00+00:00,IE,267,2025-10-26T00:34:37.522Z,2025-10-16T23:40:37.918Z,lifecycle,True,MODE_BREAKDOWN,22,6,10,1,-0.5000000000000004,0.8660254037844384
2025-10-19 23:00:00+00:00,IE,290,2025-10-26T00:34:37.522Z,2025-10-16T23:40:37.918Z,lifecycle,True,MODE_BREAKDOWN,23,6,10,1,-0.25881904510252157,0.9659258262890681
2025-10-20 00:00:00+00:00,IE,308,2025-10-27T01:30:23.712Z,2025-10-17T21:40:14.509Z,lifecycle,True,MODE_BREAKDOWN,0,0,10,0,0.0,1.0
2025-10-20 01:00:00+00:00,IE,326,2025-10-27T01:31:02.878Z,2025-10-17T21:40:24.227Z,lifecycle,True,MODE_BREAKDOWN,1,0,10,0,0.25881904510252074,0.9659258262890683
2025-10-20 02:00:00+00:00,IE,328,2025-10-27T01:30:23.712Z,2025-10-17T21:40:03.524Z,lifecycle,True,MODE_BREAKDOWN,2,0,10,0,0.49999999999999994,0.8660254037844387
2025-10-20 03:00:00+00:00,IE,329,2025-10-27T01:31:02.878Z,2025-10-17T21:40:24.227Z,lifecycle,True,MODE_BREAKDOWN,3,0,10,0,0.7071067811865476,0.7071067811865476
2025-10-20 04:00:00+00:00,IE,316,2025-10-27T01:30:23.712Z,2025-10-17T21:40:03.524Z,lifecycle,True,MODE_BREAKDOWN,4,0,10,0,0.8660254037844386,0.5000000000000001
2025-10-20 05:00:00+00:00,IE,313,2025-10-27T01:31:02.878Z,2025-10-17T21:40:14.509Z,lifecycle,True,MODE_BREAKDOWN,5,0,10,0,0.9659258262890683,0.25881904510252074
2025-10-20 06:00:00+00:00,IE,341,2025-10-27T01:30:44.894Z,2025-10-17T21:40:14.509Z,lifecycle,True,MODE_BREAKDOWN,6,0,10,0,1.0,6.123233995736766e-17
2025-10-20 07:00:00+00:00,IE,365,2025-10-27T01:30:23.712Z,2025-10-17T21:40:14.509Z,lifecycle,True,MODE_BREAKDOWN,7,0,10,0,0.9659258262890683,-0.25881904510252063
2025-10-20 08:00:00+00:00,IE,366,2025-10-27T01:31:02.878Z,2025-10-17T21:40:14.509Z,lifecycle,True,MODE_BREAKDOWN,8,0,10,0,0.8660254037844387,-0.4999999999999998
2025-10-20 09:00:00+00:00,IE,366,2025-10-27T01:30:44.894Z,2025-10-17T21:40:14.509Z,lifecycle,True,MODE_BREAKDOWN,9,0,10,0,0.7071067811865476,-0.7071067811865475
2025-10-20 10:00:00+00:00,IE,349,2025-10-27T01:30:23.712Z,2025-10-17T21:40:14.509Z,lifecycle,True,MODE_BREAKDOWN,10,0,10,0,0.49999999999999994,-0.8660254037844387
2025-10-20 11:00:00+00:00,IE,318,2025-10-27T01:30:48.854Z,2025-10-17T21:40:03.524Z,lifecycle,True,MODE_BREAKDOWN,11,0,10,0,0.258819045102521,-0.9659258262890682
2025-10-20 12:00:00+00:00,IE,297,2025-10-27T01:30:48.854Z,2025-10-17T21:40:03.524Z,lifecycle,True,MODE_BREAKDOWN,12,0,10,0,1.2246467991473532e-16,-1.0
2025-10-20 13:00:00+00:00,IE,298,2025-10-27T01:30:48.854Z,2025-10-17T21:40:03.524Z,lifecycle,True,MODE_BREAKDOWN,13,0,10,0,-0.2588190451025208,-0.9659258262890683
2025-10-20 14:00:00+00:00,IE,300,2025-10-27T01:30:48.854Z,2025-10-17T21:40:14.509Z,lifecycle,True,MODE_BREAKDOWN,14,0,10,0,-0.4999999999999997,-0.8660254037844388
2025-10-20 15:00:00+00:00,IE,304,2025-10-27T01:31:06.363Z,2025-10-17T21:40:03.524Z,lifecycle,True,MODE_BREAKDOWN,15,0,10,0,-0.7071067811865471,-0.7071067811865479
2025-10-20 16:00:00+00:00,IE,349,2025-10-27T01:31:06.363Z,2025-10-17T21:40:03.524Z,lifecycle,True,MODE_BREAKDOWN,16,0,10,0,-0.8660254037844385,-0.5000000000000004
2025-10-20 17:00:00+00:00,IE,371,2025-10-27T01:31:06.363Z,2025-10-17T21:40:03.524Z,lifecycle,True,MODE_BREAKDOWN,17,0,10,0,-0.9659258262890683,-0.25881904510252063
2025-10-20 18:00:00+00:00,IE,387,2025-10-27T01:31:06.363Z,2025-10-17T21:40:14.509Z,lifecycle,True,MODE_BREAKDOWN,18,0,10,0,-1.0,-1.8369701987210297e-16
2025-10-20 19:00:00+00:00,IE,367,2025-10-27T01:30:27.625Z,2025-10-17T21:40:24.227Z,lifecycle,True,MODE_BREAKDOWN,19,0,10,0,-0.9659258262890684,0.2588190451025203
2025-10-20 20:00:00+00:00,IE,369,2025-10-27T01:31:06.363Z,2025-10-17T21:40:14.509Z,lifecycle,True,MODE_BREAKDOWN,20,0,10,0,-0.8660254037844386,0.5000000000000001
2025-10-20 21:00:00+00:00,IE,386,2025-10-27T01:31:06.363Z,2025-10-17T21:40:14.509Z,lifecycle,True,MODE_BREAKDOWN,21,0,10,0,-0.7071067811865477,0.7071067811865474
2025-10-20 22:00:00+00:00,IE,382,2025-10-27T01:30:27.625Z,2025-10-17T23:40:12.389Z,lifecycle,True,MODE_BREAKDOWN,22,0,10,0,-0.5000000000000004,0.8660254037844384
2025-10-20 23:00:00+00:00,IE,386,2025-10-27T01:30:48.854Z,2025-10-17T23:39:48.605Z,lifecycle,True,MODE_BREAKDOWN,23,0,10,0,-0.25881904510252157,0.9659258262890681
2025-10-21 00:00:00+00:00,IE,356,2025-10-27T01:30:48.854Z,2025-10-19T00:24:48.170Z,lifecycle,True,MODE_BREAKDOWN,0,1,10,0,0.0,1.0
2025-10-21 01:00:00+00:00,IE,333,2025-10-24T01:25:32.582Z,2025-10-19T00:24:48.170Z,lifecycle,True,MODE_BREAKDOWN,1,1,10,0,0.25881904510252074,0.9659258262890683
2025-10-21 02:00:00+00:00,IE,324,2025-10-24T02:25:25.181Z,2025-10-19T00:24:28.995Z,lifecycle,True,MODE_BREAKDOWN,2,1,10,0,0.49999999999999994,0.8660254037844387
2025-10-21 03:00:00+00:00,IE,270,2025-10-24T03:24:41.748Z,2025-10-19T00:42:57.597Z,lifecycle,True,MODE_BREAKDOWN,3,1,10,0,0.7071067811865476,0.7071067811865476
2025-10-21 04:00:00+00:00,IE,257,2025-10-24T04:41:13.085Z,2025-10-19T00:43:03.292Z,lifecycle,True,MODE_BREAKDOWN,4,1,10,0,0.8660254037844386,0.5000000000000001
2025-10-21 05:00:00+00:00,IE,292,2025-10-24T05:26:22.678Z,2025-10-19T00:42:57.597Z,lifecycle,True,MODE_BREAKDOWN,5,1,10,0,0.9659258262890683,0.25881904510252074
2025-10-21 06:00:00+00:00,IE,335,2025-10-22T08:27:03.276Z,2025-10-19T00:42:48.763Z,lifecycle,True,MODE_BREAKDOWN,6,1,10,0,1.0,6.123233995736766e-17
2025-10-21 07:00:00+00:00,IE,329,2025-10-24T07:55:40.011Z,2025-10-19T00:43:03.292Z,lifecycle,True,MODE_BREAKDOWN,7,1,10,0,0.9659258262890683,-0.25881904510252063
2025-10-21 08:00:00+00:00,IE,318,2025-10-24T08:27:26.958Z,2025-10-19T00:42:48.763Z,lifecycle,True,MODE_BREAKDOWN,8,1,10,0,0.8660254037844387,-0.4999999999999998
2025-10-21 09:00:00+00:00,IE,312,2025-10-24T09:27:15.736Z,2025-10-19T00:42:48.763Z,lifecycle,True,MODE_BREAKDOWN,9,1,10,0,0.7071067811865476,-0.7071067811865475
2025-10-21 10:00:00+00:00,IE,305,2025-10-24T07:55:28.685Z,2025-10-19T00:42:57.597Z,lifecycle,True,MODE_BREAKDOWN,10,1,10,0,0.49999999999999994,-0.8660254037844387
2025-10-21 11:00:00+00:00,IE,295,2025-10-21T13:25:57.036Z,2025-10-19T00:42:57.597Z,lifecycle,True,MODE_BREAKDOWN,11,1,10,0,0.258819045102521,-0.9659258262890682
2025-10-21 12:00:00+00:00,IE,266,2025-10-24T08:27:26.958Z,2025-10-19T00:42:57.597Z,lifecycle,True,MODE_BREAKDOWN,12,1,10,0,1.2246467991473532e-16,-1.0
2025-10-21 13:00:00+00:00,IE,228,2025-10-24T13:25:21.518Z,2025-10-19T00:43:03.292Z,lifecycle,True,MODE_BREAKDOWN,13,1,10,0,-0.2588190451025208,-0.9659258262890683
2025-10-21 14:00:00+00:00,IE,226,2025-10-24T14:25:17.429Z,2025-10-19T00:42:57.597Z,lifecycle,True,MODE_BREAKDOWN,14,1,10,0,-0.4999999999999997,-0.8660254037844388
2025-10-21 15:00:00+00:00,IE,286,2025-10-24T09:12:20.827Z,2025-10-19T00:42:57.597Z,lifecycle,True,MODE_BREAKDOWN,15,1,10,0,-0.7071067811865471,-0.7071067811865479
2025-10-21 16:00:00+00:00,IE,305,2025-10-24T16:29:14.879Z,2025-10-19T00:42:57.597Z,lifecycle,True,MODE_BREAKDOWN,16,1,10,0,-0.8660254037844385,-0.5000000000000004
2025-10-21 17:00:00+00:00,IE,327,2025-10-24T15:23:56.601Z,2025-10-19T00:42:48.763Z,lifecycle,True,MODE_BREAKDOWN,17,1,10,0,-0.9659258262890683,-0.25881904510252063
2025-10-21 18:00:00+00:00,IE,343,2025-10-24T15:24:16.832Z,2025-10-19T00:42:48.763Z,lifecycle,True,MODE_BREAKDOWN,18,1,10,0,-1.0,-1.8369701987210297e-16
2025-10-21 19:00:00+00:00,IE,343,2025-10-24T15:23:56.601Z,2025-10-19T00:42:57.597Z,lifecycle,True,MODE_BREAKDOWN,19,1,10,0,-0.9659258262890684,0.2588190451025203
2025-10-21 20:00:00+00:00,IE,330,2025-10-24T15:24:09.253Z,2025-10-19T00:43:03.292Z,lifecycle,True,MODE_BREAKDOWN,20,1,10,0,-0.8660254037844386,0.5000000000000001
2025-10-21 21:00:00+00:00,IE,328,2025-10-24T15:23:56.601Z,2025-10-19T00:42:57.597Z,lifecycle,True,MODE_BREAKDOWN,21,1,10,0,-0.7071067811865477,0.7071067811865474
2025-10-21 22:00:00+00:00,IE,321,2025-10-24T15:23:56.601Z,2025-10-19T00:42:48.763Z,lifecycle,True,MODE_BREAKDOWN,22,1,10,0,-0.5000000000000004,0.8660254037844384
2025-10-21 23:00:00+00:00,IE,329,2025-10-24T08:27:42.553Z,2025-10-19T00:43:03.292Z,lifecycle,True,MODE_BREAKDOWN,23,1,10,0,-0.25881904510252157,0.9659258262890681
2025-10-22 00:00:00+00:00,IE,306,2025-10-24T15:24:09.253Z,2025-10-19T23:41:30.942Z,lifecycle,True,MODE_BREAKDOWN,0,2,10,0,0.0,1.0
2025-10-22 01:00:00+00:00,IE,354,2025-10-24T15:24:16.832Z,2025-10-19T23:40:42.281Z,lifecycle,True,MODE_BREAKDOWN,1,2,10,0,0.25881904510252074,0.9659258262890683
2025-10-22 02:00:00+00:00,IE,341,2025-10-24T15:24:09.253Z,2025-10-19T23:41:41.482Z,lifecycle,True,MODE_BREAKDOWN,2,2,10,0,0.49999999999999994,0.8660254037844387
2025-10-22 03:00:00+00:00,IE,353,2025-10-24T15:24:16.832Z,2025-10-19T23:40:42.281Z,lifecycle,True,MODE_BREAKDOWN,3,2,10,0,0.7071067811865476,0.7071067811865476
2025-10-22 04:00:00+00:00,IE,382,2025-10-24T08:27:55.559Z,2025-10-19T23:41:41.482Z,lifecycle,True,MODE_BREAKDOWN,4,2,10,0,0.8660254037844386,0.5000000000000001
2025-10-22 05:00:00+00:00,IE,387,2025-10-24T08:27:42.553Z,2025-10-19T23:41:41.482Z,lifecycle,True,MODE_BREAKDOWN,5,2,10,0,0.9659258262890683,0.25881904510252074
2025-10-22 06:00:00+00:00,IE,421,2025-10-24T08:27:26.958Z,2025-10-19T23:41:41.482Z,lifecycle,True,MODE_BREAKDOWN,6,2,10,0,1.0,6.123233995736766e-17
2025-10-22 07:00:00+00:00,IE,431,2025-10-24T08:27:26.958Z,2025-10-19T23:41:30.942Z,lifecycle,True,MODE_BREAKDOWN,7,2,10,0,0.9659258262890683,-0.25881904510252063
2025-10-22 08:00:00+00:00,IE,429,2025-10-24T08:27:42.553Z,2025-10-19T23:41:41.482Z,lifecycle,True,MODE_BREAKDOWN,8,2,10,0,0.8660254037844387,-0.4999999999999998
2025-10-22 09:00:00+00:00,IE,413,2025-10-24T15:24:20.432Z,2025-10-19T23:41:30.942Z,lifecycle,True,MODE_BREAKDOWN,9,2,10,0,0.7071067811865476,-0.7071067811865475
2025-10-22 10:00:00+00:00,IE,401,2025-10-24T08:39:47.816Z,2025-10-19T23:41:41.482Z,lifecycle,True,MODE_BREAKDOWN,10,2,10,0,0.49999999999999994,-0.8660254037844387
2025-10-22 11:00:00+00:00,IE,394,2025-10-24T08:39:20.670Z,2025-10-19T23:41:41.482Z,lifecycle,True,MODE_BREAKDOWN,11,2,10,0,0.258819045102521,-0.9659258262890682
2025-10-22 12:00:00+00:00,IE,404,2025-10-24T08:39:34.158Z,2025-10-19T23:41:30.942Z,lifecycle,True,MODE_BREAKDOWN,12,2,10,0,1.2246467991473532e-16,-1.0
2025-10-22 13:00:00+00:00,IE,415,2025-10-24T08:39:34.158Z,2025-10-19T23:40:42.281Z,lifecycle,True,MODE_BREAKDOWN,13,2,10,0,-0.2588190451025208,-0.9659258262890683
2025-10-22 14:00:00+00:00,IE,432,2025-10-24T08:27:55.559Z,2025-10-19T23:41:41.482Z,lifecycle,True,MODE_BREAKDOWN,14,2,10,0,-0.4999999999999997,-0.8660254037844388
2025-10-22 15:00:00+00:00,IE,457,2025-10-25T15:26:03.871Z,2025-10-19T23:41:41.482Z,lifecycle,True,MODE_BREAKDOWN,15,2,10,0,-0.7071067811865471,-0.7071067811865479
2025-10-22 16:00:00+00:00,IE,480,2025-10-25T15:26:03.871Z,2025-10-19T23:41:30.942Z,lifecycle,True,MODE_BREAKDOWN,16,2,10,0,-0.8660254037844385,-0.5000000000000004
2025-10-22 17:00:00+00:00,IE,487,2025-10-24T08:27:26.958Z,2025-10-19T23:40:42.281Z,lifecycle,True,MODE_BREAKDOWN,17,2,10,0,-0.9659258262890683,-0.25881904510252063
2025-10-22 18:00:00+00:00,IE,484,2025-10-25T15:25:55.086Z,2025-10-19T23:41:30.942Z,lifecycle,True,MODE_BREAKDOWN,18,2,10,0,-1.0,-1.8369701987210297e-16
2025-10-22 19:00:00+00:00,IE,478,2025-10-24T08:39:20.670Z,2025-10-19T23:41:30.942Z,lifecycle,True,MODE_BREAKDOWN,19,2,10,0,-0.9659258262890684,0.2588190451025203
2025-10-22 20:00:00+00:00,IE,468,2025-10-25T20:40:52.257Z,2025-10-19T23:41:41.482Z,lifecycle,True,MODE_BREAKDOWN,20,2,10,0,-0.8660254037844386,0.5000000000000001
2025-10-22 21:00:00+00:00,IE,442,2025-10-25T20:41:05.635Z,2025-10-19T23:41:41.482Z,lifecycle,True,MODE_BREAKDOWN,21,2,10,0,-0.7071067811865477,0.7071067811865474
2025-10-22 22:00:00+00:00,IE,390,2025-10-24T15:24:09.253Z,2025-10-19T23:41:41.482Z,lifecycle,True,MODE_BREAKDOWN,22,2,10,0,-0.5000000000000004,0.8660254037844384
2025-10-22 23:00:00+00:00,IE,331,2025-10-24T15:23:56.601Z,2025-10-19T23:41:30.942Z,lifecycle,True,MODE_BREAKDOWN,23,2,10,0,-0.25881904510252157,0.9659258262890681
2025-10-23 00:00:00+00:00,IE,229,2025-10-24T23:40:39.100Z,2025-10-20T23:55:12.317Z,lifecycle,True,MODE_BREAKDOWN,0,3,10,0,0.0,1.0
2025-10-23 01:00:00+00:00,IE,229,2025-10-24T15:24:09.253Z,2025-10-20T23:55:22.430Z,lifecycle,True,MODE_BREAKDOWN,1,3,10,0,0.25881904510252074,0.9659258262890683
2025-10-23 02:00:00+00:00,IE,231,2025-10-26T02:41:21.652Z,2025-10-20T23:55:12.317Z,lifecycle,True,MODE_BREAKDOWN,2,3,10,0,0.49999999999999994,0.8660254037844387
2025-10-23 03:00:00+00:00,IE,174,2025-10-26T03:25:17.830Z,2025-10-20T23:54:54.871Z,lifecycle,True,MODE_BREAKDOWN,3,3,10,0,0.7071067811865476,0.7071067811865476
2025-10-23 04:00:00+00:00,IE,199,2025-10-26T04:25:39.698Z,2025-10-20T23:54:54.871Z,lifecycle,True,MODE_BREAKDOWN,4,3,10,0,0.8660254037844386,0.5000000000000001
2025-10-23 05:00:00+00:00,IE,210,2025-10-26T05:27:20.228Z,2025-10-20T23:55:12.317Z,lifecycle,True,MODE_BREAKDOWN,5,3,10,0,0.9659258262890683,0.25881904510252074
2025-10-23 06:00:00+00:00,IE,218,2025-10-26T05:27:28.524Z,2025-10-20T23:54:54.871Z,lifecycle,True,MODE_BREAKDOWN,6,3,10,0,1.0,6.123233995736766e-17
2025-10-23 07:00:00+00:00,IE,236,2025-10-26T05:27:12.882Z,2025-10-20T23:55:12.317Z,lifecycle,True,MODE_BREAKDOWN,7,3,10,0,0.9659258262890683,-0.25881904510252063
2025-10-23 08:00:00+00:00,IE,248,2025-10-26T05:27:28.524Z,2025-10-20T23:54:54.871Z,lifecycle,True,MODE_BREAKDOWN,8,3,10,0,0.8660254037844387,-0.4999999999999998
2025-10-23 09:00:00+00:00,IE,247,2025-10-26T05:27:28.524Z,2025-10-20T23:55:12.317Z,lifecycle,True,MODE_BREAKDOWN,9,3,10,0,0.7071067811865476,-0.7071067811865475
2025-10-23 10:00:00+00:00,IE,249,2025-10-26T05:27:28.524Z,2025-10-20T23:55:12.317Z,lifecycle,True,MODE_BREAKDOWN,10,3,10,0,0.49999999999999994,-0.8660254037844387
2025-10-23 11:00:00+00:00,IE,217,2025-10-25T06:39:55.878Z,2025-10-20T23:54:54.871Z,lifecycle,True,MODE_BREAKDOWN,11,3,10,0,0.258819045102521,-0.9659258262890682
2025-10-23 12:00:00+00:00,IE,204,2025-10-23T14:24:25.522Z,2025-10-20T23:54:54.871Z,lifecycle,True,MODE_BREAKDOWN,12,3,10,0,1.2246467991473532e-16,-1.0
2025-10-23 13:00:00+00:00,IE,193,2025-10-23T15:24:53.447Z,2025-10-20T23:55:12.317Z,lifecycle,True,MODE_BREAKDOWN,13,3,10,0,-0.2588190451025208,-0.9659258262890683
2025-10-23 14:00:00+00:00,IE,203,2025-10-23T16:27:18.921Z,2025-10-20T23:54:54.871Z,lifecycle,True,MODE_BREAKDOWN,14,3,10,0,-0.4999999999999997,-0.8660254037844388
2025-10-23 15:00:00+00:00,IE,214,2025-10-25T06:39:35.335Z,2025-10-20T23:55:22.430Z,lifecycle,True,MODE_BREAKDOWN,15,3,10,0,-0.7071067811865471,-0.7071067811865479
2025-10-23 16:00:00+00:00,IE,245,2025-10-26T15:26:31.553Z,2025-10-20T23:55:12.317Z,lifecycle,True,MODE_BREAKDOWN,16,3,10,0,-0.8660254037844385,-0.5000000000000004
2025-10-23 17:00:00+00:00,IE,255,2025-10-26T17:25:04.189Z,2025-10-20T23:54:54.871Z,lifecycle,True,MODE_BREAKDOWN,17,3,10,0,-0.9659258262890683,-0.25881904510252063
2025-10-23 18:00:00+00:00,IE,252,2025-10-26T10:24:51.258Z,2025-10-20T23:54:54.871Z,lifecycle,True,MODE_BREAKDOWN,18,3,10,0,-1.0,-1.8369701987210297e-16
2025-10-23 19:00:00+00:00,IE,239,2025-10-25T06:39:46.952Z,2025-10-20T23:55:12.317Z,lifecycle,True,MODE_BREAKDOWN,19,3,10,0,-0.9659258262890684,0.2588190451025203
2025-10-23 20:00:00+00:00,IE,229,2025-10-26T10:24:51.258Z,2025-10-20T23:55:12.317Z,lifecycle,True,MODE_BREAKDOWN,20,3,10,0,-0.8660254037844386,0.5000000000000001
2025-10-23 21:00:00+00:00,IE,191,2025-10-25T06:39:46.952Z,2025-10-20T23:54:54.871Z,lifecycle,True,MODE_BREAKDOWN,21,3,10,0,-0.7071067811865477,0.7071067811865474
2025-10-23 22:00:00+00:00,IE,167,2025-10-26T22:54:18.601Z,2025-10-20T23:55:12.317Z,lifecycle,True,MODE_BREAKDOWN,22,3,10,0,-0.5000000000000004,0.8660254037844384
2025-10-23 23:00:00+00:00,IE,164,2025-10-26T23:24:58.772Z,2025-10-20T23:55:22.430Z,lifecycle,True,MODE_BREAKDOWN,23,3,10,0,-0.25881904510252157,0.9659258262890681
2025-10-24 00:00:00+00:00,IE,162,2025-10-26T23:25:11.704Z,2025-10-21T22:42:12.929Z,lifecycle,True,MODE_BREAKDOWN,0,4,10,0,0.0,1.0
2025-10-24 01:00:00+00:00,IE,163,2025-10-26T23:25:11.704Z,2025-10-21T22:42:03.884Z,lifecycle,True,MODE_BREAKDOWN,1,4,10,0,0.25881904510252074,0.9659258262890683
2025-10-24 02:00:00+00:00,IE,167,2025-10-26T23:25:19.692Z,2025-10-21T23:40:05.165Z,lifecycle,True,MODE_BREAKDOWN,2,4,10,0,0.49999999999999994,0.8660254037844387
2025-10-24 03:00:00+00:00,IE,169,2025-10-26T23:24:58.772Z,2025-10-21T23:40:05.165Z,lifecycle,True,MODE_BREAKDOWN,3,4,10,0,0.7071067811865476,0.7071067811865476
2025-10-24 04:00:00+00:00,IE,163,2025-10-27T03:39:25.946Z,2025-10-21T23:39:45.754Z,lifecycle,True,MODE_BREAKDOWN,4,4,10,0,0.8660254037844386,0.5000000000000001
2025-10-24 05:00:00+00:00,IE,164,2025-10-27T00:25:14.806Z,2025-10-21T23:39:45.754Z,lifecycle,True,MODE_BREAKDOWN,5,4,10,0,0.9659258262890683,0.25881904510252074
2025-10-24 06:00:00+00:00,IE,203,2025-10-27T01:24:37.150Z,2025-10-21T23:40:14.055Z,lifecycle,True,MODE_BREAKDOWN,6,4,10,0,1.0,6.123233995736766e-17
2025-10-24 07:00:00+00:00,IE,221,2025-10-27T01:24:56.815Z,2025-10-21T23:40:14.055Z,lifecycle,True,MODE_BREAKDOWN,7,4,10,0,0.9659258262890683,-0.25881904510252063
2025-10-24 08:00:00+00:00,IE,228,2025-10-26T18:25:46.393Z,2025-10-21T23:40:05.165Z,lifecycle,True,MODE_BREAKDOWN,8,4,10,0,0.8660254037844387,-0.4999999999999998
2025-10-24 09:00:00+00:00,IE,225,2025-10-27T00:39:47.235Z,2025-10-21T23:39:45.754Z,lifecycle,True,MODE_BREAKDOWN,9,4,10,0,0.7071067811865476,-0.7071067811865475
2025-10-24 10:00:00+00:00,IE,194,2025-10-26T23:25:19.692Z,2025-10-21T23:40:05.165Z,lifecycle,True,MODE_BREAKDOWN,10,4,10,0,0.49999999999999994,-0.8660254037844387
2025-10-24 11:00:00+00:00,IE,162,2025-10-26T23:25:11.704Z,2025-10-21T23:40:14.055Z,lifecycle,True,MODE_BREAKDOWN,11,4,10,0,0.258819045102521,-0.9659258262890682
2025-10-24 12:00:00+00:00,IE,159,2025-10-27T01:24:49.413Z,2025-10-21T23:40:14.055Z,lifecycle,True,MODE_BREAKDOWN,12,4,10,0,1.2246467991473532e-16,-1.0
2025-10-24 13:00:00+00:00,IE,156,2025-10-27T02:26:02.654Z,2025-10-21T23:40:05.165Z,lifecycle,True,MODE_BREAKDOWN,13,4,10,0,-0.2588190451025208,-0.9659258262890683
2025-10-24 14:00:00+00:00,IE,163,2025-10-27T03:40:05.595Z,2025-10-21T23:39:45.754Z,lifecycle,True,MODE_BREAKDOWN,14,4,10,0,-0.4999999999999997,-0.8660254037844388
2025-10-24 15:00:00+00:00,IE,178,2025-10-27T03:39:25.946Z,2025-10-21T23:39:45.754Z,lifecycle,True,MODE_BREAKDOWN,15,4,10,0,-0.7071067811865471,-0.7071067811865479
2025-10-24 16:00:00+00:00,IE,246,2025-10-27T01:24:37.150Z,2025-10-21T23:39:45.754Z,lifecycle,True,MODE_BREAKDOWN,16,4,10,0,-0.8660254037844385,-0.5000000000000004
2025-10-24 17:00:00+00:00,IE,266,2025-10-27T02:41:21.600Z,2025-10-21T23:39:45.754Z,lifecycle,True,MODE_BREAKDOWN,17,4,10,0,-0.9659258262890683,-0.25881904510252063
2025-10-24 18:00:00+00:00,IE,232,2025-10-27T02:25:38.064Z,2025-10-21T23:40:14.055Z,lifecycle,True,MODE_BREAKDOWN,18,4,10,0,-1.0,-1.8369701987210297e-16
2025-10-24 19:00:00+00:00,IE,185,2025-10-27T02:26:02.654Z,2025-10-21T23:40:14.055Z,lifecycle,True,MODE_BREAKDOWN,19,4,10,0,-0.9659258262890684,0.2588190451025203
2025-10-24 20:00:00+00:00,IE,173,2025-10-27T03:39:25.946Z,2025-10-21T23:40:14.055Z,lifecycle,True,MODE_BREAKDOWN,20,4,10,0,-0.8660254037844386,0.5000000000000001
2025-10-24 21:00:00+00:00,IE,161,2025-10-27T03:39:41.435Z,2025-10-21T23:40:05.165Z,lifecycle,True,MODE_BREAKDOWN,21,4,10,0,-0.7071067811865477,0.7071067811865474
2025-10-24 22:00:00+00:00,IE,153,2025-10-27T02:26:02.654Z,2025-10-21T23:40:05.165Z,lifecycle,True,MODE_BREAKDOWN,22,4,10,0,-0.5000000000000004,0.8660254037844384
2025-10-24 23:00:00+00:00,IE,169,2025-10-25T08:40:24.329Z,2025-10-21T23:39:45.754Z,lifecycle,True,MODE_BREAKDOWN,23,4,10,0,-0.25881904510252157,0.9659258262890681
2025-10-25 00:00:00+00:00,IE,169,2025-10-25T08:40:24.329Z,2025-10-22T22:41:16.054Z,lifecycle,True,MODE_BREAKDOWN,0,5,10,1,0.0,1.0
2025-10-25 01:00:00+00:00,IE,156,2025-10-26T07:40:21.678Z,2025-10-22T22:41:24.909Z,lifecycle,True,MODE_BREAKDOWN,1,5,10,1,0.25881904510252074,0.9659258262890683
2025-10-25 02:00:00+00:00,IE,159,2025-10-27T03:39:41.435Z,2025-10-22T23:40:19.336Z,lifecycle,True,MODE_BREAKDOWN,2,5,10,1,0.49999999999999994,0.8660254037844387
2025-10-25 03:00:00+00:00,IE,163,2025-10-26T07:40:13.587Z,2025-10-22T23:40:01.162Z,lifecycle,True,MODE_BREAKDOWN,3,5,10,1,0.7071067811865476,0.7071067811865476
2025-10-25 04:00:00+00:00,IE,163,2025-10-25T08:40:24.329Z,2025-10-22T23:40:10.784Z,lifecycle,True,MODE_BREAKDOWN,4,5,10,1,0.8660254037844386,0.5000000000000001
2025-10-25 05:00:00+00:00,IE,161,2025-10-25T08:40:24.329Z,2025-10-22T23:40:19.336Z,lifecycle,True,MODE_BREAKDOWN,5,5,10,1,0.9659258262890683,0.25881904510252074
2025-10-25 06:00:00+00:00,IE,164,2025-10-27T02:25:38.064Z,2025-10-22T23:40:10.784Z,lifecycle,True,MODE_BREAKDOWN,6,5,10,1,1.0,6.123233995736766e-17
2025-10-25 07:00:00+00:00,IE,164,2025-10-27T02:25:38.064Z,2025-10-22T23:40:10.784Z,lifecycle,True,MODE_BREAKDOWN,7,5,10,1,0.9659258262890683,-0.25881904510252063
2025-10-25 08:00:00+00:00,IE,166,2025-10-27T02:25:52.212Z,2025-10-22T23:40:19.336Z,lifecycle,True,MODE_BREAKDOWN,8,5,10,1,0.8660254037844387,-0.4999999999999998
2025-10-25 09:00:00+00:00,IE,166,2025-10-27T02:26:02.654Z,2025-10-22T23:40:10.784Z,lifecycle,True,MODE_BREAKDOWN,9,5,10,1,0.7071067811865476,-0.7071067811865475
2025-10-25 10:00:00+00:00,IE,162,2025-10-27T02:25:38.064Z,2025-10-22T23:40:10.784Z,lifecycle,True,MODE_BREAKDOWN,10,5,10,1,0.49999999999999994,-0.8660254037844387
2025-10-25 11:00:00+00:00,IE,167,2025-10-27T02:25:38.064Z,2025-10-22T23:40:10.784Z,lifecycle,True,MODE_BREAKDOWN,11,5,10,1,0.258819045102521,-0.9659258262890682
2025-10-25 12:00:00+00:00,IE,164,2025-10-27T02:26:02.654Z,2025-10-22T23:40:01.162Z,lifecycle,True,MODE_BREAKDOWN,12,5,10,1,1.2246467991473532e-16,-1.0
2025-10-25 13:00:00+00:00,IE,165,2025-10-27T02:25:38.064Z,2025-10-22T23:40:01.162Z,lifecycle,True,MODE_BREAKDOWN,13,5,10,1,-0.2588190451025208,-0.9659258262890683
2025-10-25 14:00:00+00:00,IE,161,2025-10-27T02:25:52.212Z,2025-10-22T23:40:10.784Z,lifecycle,True,MODE_BREAKDOWN,14,5,10,1,-0.4999999999999997,-0.8660254037844388
2025-10-25 15:00:00+00:00,IE,151,2025-10-27T02:26:02.654Z,2025-10-22T23:40:01.162Z,lifecycle,True,MODE_BREAKDOWN,15,5,10,1,-0.7071067811865471,-0.7071067811865479
2025-10-25 16:00:00+00:00,IE,150,2025-10-27T02:26:02.654Z,2025-10-22T23:40:01.162Z,lifecycle,True,MODE_BREAKDOWN,16,5,10,1,-0.8660254037844385,-0.5000000000000004
2025-10-25 17:00:00+00:00,IE,166,2025-10-27T02:25:38.064Z,2025-10-22T23:40:01.162Z,lifecycle,True,MODE_BREAKDOWN,17,5,10,1,-0.9659258262890683,-0.25881904510252063
2025-10-25 18:00:00+00:00,IE,167,2025-10-27T02:25:38.064Z,2025-10-22T23:40:10.784Z,lifecycle,True,MODE_BREAKDOWN,18,5,10,1,-1.0,-1.8369701987210297e-16
2025-10-25 19:00:00+00:00,IE,157,2025-10-27T02:26:02.654Z,2025-10-22T23:40:10.784Z,lifecycle,True,MODE_BREAKDOWN,19,5,10,1,-0.9659258262890684,0.2588190451025203
2025-10-25 20:00:00+00:00,IE,154,2025-10-27T02:25:45.431Z,2025-10-22T23:40:19.336Z,lifecycle,True,MODE_BREAKDOWN,20,5,10,1,-0.8660254037844386,0.5000000000000001
2025-10-25 21:00:00+00:00,IE,163,2025-10-27T02:26:02.654Z,2025-10-22T23:40:10.784Z,lifecycle,True,MODE_BREAKDOWN,21,5,10,1,-0.7071067811865477,0.7071067811865474
2025-10-25 22:00:00+00:00,IE,175,2025-10-27T02:25:56.356Z,2025-10-22T23:40:19.336Z,lifecycle,True,MODE_BREAKDOWN,22,5,10,1,-0.5000000000000004,0.8660254037844384
2025-10-25 23:00:00+00:00,IE,172,2025-10-27T02:26:02.654Z,2025-10-22T23:40:19.336Z,lifecycle,True,MODE_BREAKDOWN,23,5,10,1,-0.25881904510252157,0.9659258262890681
2025-10-26 00:00:00+00:00,IE,182,2025-10-27T01:24:59.992Z,2025-10-23T22:26:52.266Z,lifecycle,True,MODE_BREAKDOWN,0,6,10,1,0.0,1.0
2025-10-26 01:00:00+00:00,IE,187,2025-10-27T03:26:00.476Z,2025-10-23T22:27:02.924Z,lifecycle,True,MODE_BREAKDOWN,1,6,10,1,0.25881904510252074,0.9659258262890683
2025-10-26 02:00:00+00:00,IE,195,2025-10-27T02:55:54.355Z,2025-10-23T22:26:52.266Z,lifecycle,True,MODE_BREAKDOWN,2,6,10,1,0.49999999999999994,0.8660254037844387
2025-10-26 03:00:00+00:00,IE,187,2025-10-27T03:54:50.334Z,2025-10-23T22:27:02.924Z,lifecycle,True,MODE_BREAKDOWN,3,6,10,1,0.7071067811865476,0.7071067811865476
2025-10-26 04:00:00+00:00,IE,185,2025-10-27T01:24:53.182Z,2025-10-23T22:27:02.924Z,lifecycle,True,MODE_BREAKDOWN,4,6,10,1,0.8660254037844386,0.5000000000000001
2025-10-26 05:00:00+00:00,IE,187,2025-10-27T01:24:43.275Z,2025-10-23T22:27:11.419Z,lifecycle,True,MODE_BREAKDOWN,5,6,10,1,0.9659258262890683,0.25881904510252074
2025-10-26 06:00:00+00:00,IE,190,2025-10-27T01:40:22.696Z,2025-10-23T22:27:11.419Z,lifecycle,True,MODE_BREAKDOWN,6,6,10,1,1.0,6.123233995736766e-17
2025-10-26 07:00:00+00:00,IE,181,2025-10-27T03:40:14.416Z,2025-10-23T22:26:52.266Z,lifecycle,True,MODE_BREAKDOWN,7,6,10,1,0.9659258262890683,-0.25881904510252063
2025-10-26 08:00:00+00:00,IE,170,2025-10-27T02:25:45.431Z,2025-10-23T22:27:02.924Z,lifecycle,True,MODE_BREAKDOWN,8,6,10,1,0.8660254037844387,-0.4999999999999998
2025-10-26 09:00:00+00:00,IE,158,2025-10-27T01:24:53.182Z,2025-10-23T22:26:52.266Z,lifecycle,True,MODE_BREAKDOWN,9,6,10,1,0.7071067811865476,-0.7071067811865475
2025-10-26 10:00:00+00:00,IE,158,2025-10-27T01:25:03.601Z,2025-10-23T22:27:02.924Z,lifecycle,True,MODE_BREAKDOWN,10,6,10,1,0.49999999999999994,-0.8660254037844387
2025-10-26 11:00:00+00:00,IE,160,2025-10-27T01:25:03.601Z,2025-10-23T22:27:02.924Z,lifecycle,True,MODE_BREAKDOWN,11,6,10,1,0.258819045102521,-0.9659258262890682
2025-10-26 12:00:00+00:00,IE,154,2025-10-27T01:24:43.275Z,2025-10-23T22:26:52.266Z,lifecycle,True,MODE_BREAKDOWN,12,6,10,1,1.2246467991473532e-16,-1.0
2025-10-26 13:00:00+00:00,IE,149,2025-10-26T15:26:18.312Z,2025-10-23T22:27:11.419Z,lifecycle,True,MODE_BREAKDOWN,13,6,10,1,-0.2588190451025208,-0.9659258262890683
2025-10-26 14:00:00+00:00,IE,145,2025-10-26T17:25:09.805Z,2025-10-23T22:27:11.419Z,lifecycle,True,MODE_BREAKDOWN,14,6,10,1,-0.4999999999999997,-0.8660254037844388
2025-10-26 15:00:00+00:00,IE,150,2025-10-26T17:25:09.805Z,2025-10-23T22:26:52.266Z,lifecycle,True,MODE_BREAKDOWN,15,6,10,1,-0.7071067811865471,-0.7071067811865479
2025-10-26 16:00:00+00:00,IE,167,2025-10-26T18:25:40.521Z,2025-10-23T22:27:02.924Z,lifecycle,True,MODE_BREAKDOWN,16,6,10,1,-0.8660254037844385,-0.5000000000000004
2025-10-26 17:00:00+00:00,IE,185,2025-10-26T20:26:34.885Z,2025-10-23T22:27:11.419Z,lifecycle,True,MODE_BREAKDOWN,17,6,10,1,-0.9659258262890683,-0.25881904510252063
2025-10-26 18:00:00+00:00,IE,185,2025-10-26T20:26:55.679Z,2025-10-23T22:26:52.266Z,lifecycle,True,MODE_BREAKDOWN,18,6,10,1,-1.0,-1.8369701987210297e-16
2025-10-26 19:00:00+00:00,IE,141,2025-10-27T03:39:33.269Z,2025-10-23T22:26:52.266Z,lifecycle,True,MODE_BREAKDOWN,19,6,10,1,-0.9659258262890684,0.2588190451025203
2025-10-26 20:00:00+00:00,IE,138,2025-10-27T02:25:56.356Z,2025-10-23T22:27:02.924Z,lifecycle,True,MODE_BREAKDOWN,20,6,10,1,-0.8660254037844386,0.5000000000000001
2025-10-26 21:00:00+00:00,IE,146,2025-10-27T01:24:43.275Z,2025-10-23T22:26:52.266Z,lifecycle,True,MODE_BREAKDOWN,21,6,10,1,-0.7071067811865477,0.7071067811865474
2025-10-26 22:00:00+00:00,IE,155,2025-10-27T01:40:22.696Z,2025-10-23T22:26:52.266Z,lifecycle,True,MODE_BREAKDOWN,22,6,10,1,-0.5000000000000004,0.8660254037844384
2025-10-26 23:00:00+00:00,IE,160,2025-10-27T01:24:53.182Z,2025-10-23T23:11:39.813Z,lifecycle,True,MODE_BREAKDOWN,23,6,10,1,-0.25881904510252157,0.9659258262890681
2025-10-27 00:00:00+00:00,IE,145,2025-10-27T03:26:00.476Z,2025-10-24T00:09:58.307Z,lifecycle,True,MODE_BREAKDOWN,0,0,10,0,0.0,1.0
2025-10-27 01:00:00+00:00,IE,158,2025-10-27T03:39:33.269Z,2025-10-24T15:43:35.606Z,lifecycle,True,MODE_BREAKDOWN,1,0,10,0,0.25881904510252074,0.9659258262890683
2025-10-27 02:00:00+00:00,IE,162,2025-10-27T03:39:48.071Z,2025-10-24T15:43:28.232Z,lifecycle,True,MODE_BREAKDOWN,2,0,10,0,0.49999999999999994,0.8660254037844387
2025-10-27 03:00:00+00:00,IE,162,2025-10-27T03:39:48.071Z,2025-10-24T15:43:10.312Z,lifecycle,True,MODE_BREAKDOWN,3,0,10,0,0.7071067811865476,0.7071067811865476
2025-10-27 04:00:00+00:00,IE,168,2025-10-27T03:26:28.721Z,2025-10-24T15:43:10.312Z,lifecycle,True,MODE_BREAKDOWN,4,0,10,0,0.8660254037844386,0.5000000000000001
