datetime,zone,carbon,updatedAt,createdAt,emissionFactorType,isEstimated,estimationMethod,hour,dayofweek,month,is_weekend,hour_sin,hour_cos
2025-09-27 05:00:00+00:00,JP-TK,0.3065693430656935,2025-10-27T03:34:18.368Z,2025-09-26T01:41:13.365Z,lifecycle,True,MODE_BREAKDOWN,5,5,9,1,0.9659258262890683,0.25881904510252074
2025-09-27 06:00:00+00:00,JP-TK,0.5437956204379562,2025-10-01T17:33:10.965Z,2025-09-26T01:40:27.732Z,lifecycle,True,MODE_BREAKDOWN,6,5,9,1,1.0,6.123233995736766e-17
2025-09-27 07:00:00+00:00,JP-TK,0.8211678832116787,2025-10-01T17:32:57.288Z,2025-09-26T01:41:22.311Z,lifecycle,True,MODE_BREAKDOWN,7,5,9,1,0.9659258262890683,-0.25881904510252063
2025-09-27 08:00:00+00:00,JP-TK,0.978102189781022,2025-10-01T17:33:10.965Z,2025-09-26T01:41:22.311Z,lifecycle,True,MODE_BREAKDOWN,8,5,9,1,0.8660254037844387,-0.4999999999999998
2025-09-27 09:00:00+00:00,JP-TK,0.9890510948905111,2025-10-01T17:33:10.965Z,2025-09-26T01:41:22.311Z,lifecycle,True,MODE_BREAKDOWN,9,5,9,1,0.7071067811865476,-0.7071067811865475
2025-09-27 10:00:00+00:00,JP-TK,0.9890510948905111,2025-10-01T17:33:10.965Z,2025-09-26T01:41:22.311Z,lifecycle,True,MODE_BREAKDOWN,10,5,9,1,0.49999999999999994,-0.8660254037844387
2025-09-27 11:00:00+00:00,JP-TK,0.9854014598540146,2025-10-01T17:32:57.288Z,2025-09-26T01:41:13.365Z,lifecycle,True,MODE_BREAKDOWN,11,5,9,1,0.258819045102521,-0.9659258262890682
2025-09-27 12:00:00+00:00,JP-TK,0.9890510948905111,2025-10-01T17:33:11.047Z,2025-09-26T01:41:22.311Z,lifecycle,True,MODE_BREAKDOWN,12,5,9,1,1.2246467991473532e-16,-1.0
2025-09-27 13:00:00+00:00,JP-TK,0.9817518248175181,2025-10-01T17:33:10.965Z,2025-09-26T01:41:22.311Z,lifecycle,True,MODE_BREAKDOWN,13,5,9,1,-0.2588190451025208,-0.9659258262890683
2025-09-27 14:00:00+00:00,JP-TK,0.9854014598540146,2025-10-04T00:41:57.654Z,2025-09-26T01:41:22.311Z,lifecycle,True,MODE_BREAKDOWN,14,5,9,1,-0.4999999999999997,-0.8660254037844388
2025-09-27 15:00:00+00:00,JP-TK,0.9854014598540146,2025-10-04T00:41:57.654Z,2025-09-26T01:41:22.311Z,lifecycle,True,MODE_BREAKDOWN,15,5,9,1,-0.7071067811865471,-0.7071067811865479
2025-09-27 16:00:00+00:00,JP-TK,0.9854014598540146,2025-10-27T03:33:52.088Z,2025-09-26T01:40:27.732Z,lifecycle,True,MODE_BREAKDOWN,16,5,9,1,-0.8660254037844385,-0.5000000000000004
2025-09-27 17:00:00+00:00,JP-TK,0.9854014598540146,2025-10-01T17:33:10.965Z,2025-09-27T01:56:30.304Z,lifecycle,True,MODE_BREAKDOWN,17,5,9,1,-0.9659258262890683,-0.25881904510252063
2025-09-27 18:00:00+00:00,JP-TK,0.9854014598540146,2025-10-01T17:32:57.288Z,2025-09-27T01:56:30.304Z,lifecycle,True,MODE_BREAKDOWN,18,5,9,1,-1.0,-1.8369701987210297e-16
2025-09-27 19:00:00+00:00,JP-TK,0.9854014598540146,2025-10-01T17:33:11.047Z,2025-09-27T01:56:30.304Z,lifecycle,True,MODE_BREAKDOWN,19,5,9,1,-0.9659258262890684,0.2588190451025203
2025-09-27 20:00:00+00:00,JP-TK,0.9854014598540146,2025-10-01T17:33:11.047Z,2025-09-27T01:56:30.304Z,lifecycle,True,MODE_BREAKDOWN,20,5,9,1,-0.8660254037844386,0.5000000000000001
2025-09-27 21:00:00+00:00,JP-TK,0.8576642335766425,2025-10-27T03:33:52.088Z,2025-09-27T01:56:30.304Z,lifecycle,True,MODE_BREAKDOWN,21,5,9,1,-0.7071067811865477,0.7071067811865474
2025-09-27 22:00:00+00:00,JP-TK,0.5656934306569343,2025-10-01T17:33:11.047Z,2025-09-27T01:56:30.304Z,lifecycle,True,MODE_BREAKDOWN,22,5,9,1,-0.5000000000000004,0.8660254037844384
2025-09-27 23:00:00+00:00,JP-TK,0.3248175182481752,2025-10-27T03:34:08.204Z,2025-09-27T01:56:30.304Z,lifecycle,True,MODE_BREAKDOWN,23,5,9,1,-0.25881904510252157,0.9659258262890681
2025-09-28 00:00:00+00:00,JP-TK,0.1897810218978102,2025-10-27T03:33:52.088Z,2025-09-27T01:56:30.304Z,lifecycle,True,MODE_BREAKDOWN,0,6,9,1,0.0,1.0
2025-09-28 01:00:00+00:00,JP-TK,0.12773722627737238,2025-10-01T17:33:10.994Z,2025-09-27T01:56:17.564Z,lifecycle,True,MODE_BREAKDOWN,1,6,9,1,0.25881904510252074,0.9659258262890683
2025-09-28 02:00:00+00:00,JP-TK,0.15693430656934315,2025-10-01T17:33:10.994Z,2025-09-27T01:56:30.304Z,lifecycle,True,MODE_BREAKDOWN,2,6,9,1,0.49999999999999994,0.8660254037844387
2025-09-28 03:00:00+00:00,JP-TK,0.18248175182481763,2025-10-01T17:33:10.994Z,2025-09-27T01:56:17.564Z,lifecycle,True,MODE_BREAKDOWN,3,6,9,1,0.7071067811865476,0.7071067811865476
2025-09-28 04:00:00+00:00,JP-TK,0.27372262773722644,2025-10-01T17:33:10.965Z,2025-09-27T01:56:26.786Z,lifecycle,True,MODE_BREAKDOWN,4,6,9,1,0.8660254037844386,0.5000000000000001
2025-09-28 05:00:00+00:00,JP-TK,0.4197080291970803,2025-10-01T17:33:11.047Z,2025-09-27T01:56:30.304Z,lifecycle,True,MODE_BREAKDOWN,5,6,9,1,0.9659258262890683,0.25881904510252074
2025-09-28 06:00:00+00:00,JP-TK,0.6459854014598541,2025-10-01T17:33:10.965Z,2025-09-27T01:56:30.304Z,lifecycle,True,MODE_BREAKDOWN,6,6,9,1,1.0,6.123233995736766e-17
2025-09-28 07:00:00+00:00,JP-TK,0.8832116788321167,2025-10-01T17:33:10.965Z,2025-09-27T01:56:26.786Z,lifecycle,True,MODE_BREAKDOWN,7,6,9,1,0.9659258262890683,-0.25881904510252063
2025-09-28 08:00:00+00:00,JP-TK,0.9890510948905111,2025-10-01T08:25:11.356Z,2025-09-27T01:56:26.786Z,lifecycle,True,MODE_BREAKDOWN,8,6,9,1,0.8660254037844387,-0.4999999999999998
2025-09-28 09:00:00+00:00,JP-TK,0.9963503649635037,2025-10-01T08:25:11.356Z,2025-09-27T01:56:17.564Z,lifecycle,True,MODE_BREAKDOWN,9,6,9,1,0.7071067811865476,-0.7071067811865475
2025-09-28 10:00:00+00:00,JP-TK,0.9963503649635037,2025-10-01T08:25:11.356Z,2025-09-27T01:56:30.304Z,lifecycle,True,MODE_BREAKDOWN,10,6,9,1,0.49999999999999994,-0.8660254037844387
2025-09-28 11:00:00+00:00,JP-TK,0.9927007299270072,2025-10-01T08:24:37.708Z,2025-09-27T01:56:26.786Z,lifecycle,True,MODE_BREAKDOWN,11,6,9,1,0.258819045102521,-0.9659258262890682
2025-09-28 12:00:00+00:00,JP-TK,0.9890510948905111,2025-10-01T08:25:11.356Z,2025-09-27T01:56:17.564Z,lifecycle,True,MODE_BREAKDOWN,12,6,9,1,1.2246467991473532e-16,-1.0
2025-09-28 13:00:00+00:00,JP-TK,0.9817518248175181,2025-10-01T08:24:37.708Z,2025-09-27T01:56:26.786Z,lifecycle,True,MODE_BREAKDOWN,13,6,9,1,-0.2588190451025208,-0.9659258262890683
2025-09-28 14:00:00+00:00,JP-TK,0.978102189781022,2025-10-05T00:41:29.131Z,2025-09-27T01:56:17.564Z,lifecycle,True,MODE_BREAKDOWN,14,6,9,1,-0.4999999999999997,-0.8660254037844388
2025-09-28 15:00:00+00:00,JP-TK,0.9635036496350364,2025-10-05T00:41:08.428Z,2025-09-27T01:56:26.786Z,lifecycle,True,MODE_BREAKDOWN,15,6,9,1,-0.7071067811865471,-0.7071067811865479
2025-09-28 16:00:00+00:00,JP-TK,0.9598540145985404,2025-10-01T08:24:52.019Z,2025-09-27T01:56:26.786Z,lifecycle,True,MODE_BREAKDOWN,16,6,9,1,-0.8660254037844385,-0.5000000000000004
2025-09-28 17:00:00+00:00,JP-TK,0.9598540145985404,2025-10-01T08:24:52.019Z,2025-09-28T01:55:44.656Z,lifecycle,True,MODE_BREAKDOWN,17,6,9,1,-0.9659258262890683,-0.25881904510252063
2025-09-28 18:00:00+00:00,JP-TK,0.9635036496350364,2025-10-01T08:25:11.356Z,2025-09-28T01:55:56.237Z,lifecycle,True,MODE_BREAKDOWN,18,6,9,1,-1.0,-1.8369701987210297e-16
2025-09-28 19:00:00+00:00,JP-TK,0.9671532846715329,2025-10-01T08:24:52.019Z,2025-09-28T01:55:56.237Z,lifecycle,True,MODE_BREAKDOWN,19,6,9,1,-0.9659258262890684,0.2588190451025203
2025-09-28 20:00:00+00:00,JP-TK,0.9708029197080295,2025-10-01T08:24:37.708Z,2025-09-28T01:55:56.237Z,lifecycle,True,MODE_BREAKDOWN,20,6,9,1,-0.8660254037844386,0.5000000000000001
2025-09-28 21:00:00+00:00,JP-TK,0.916058394160584,2025-10-01T08:24:37.708Z,2025-09-28T01:56:03.470Z,lifecycle,True,MODE_BREAKDOWN,21,6,9,1,-0.7071067811865477,0.7071067811865474
2025-09-28 22:00:00+00:00,JP-TK,0.7700729927007299,2025-10-01T08:24:52.019Z,2025-09-28T01:55:56.237Z,lifecycle,True,MODE_BREAKDOWN,22,6,9,1,-0.5000000000000004,0.8660254037844384
2025-09-28 23:00:00+00:00,JP-TK,0.5948905109489051,2025-10-01T08:25:16.329Z,2025-09-28T01:56:03.470Z,lifecycle,True,MODE_BREAKDOWN,23,6,9,1,-0.25881904510252157,0.9659258262890681
2025-09-29 00:00:00+00:00,JP-TK,0.47080291970802923,2025-10-01T08:24:37.708Z,2025-09-28T01:55:44.656Z,lifecycle,True,MODE_BREAKDOWN,0,0,9,0,0.0,1.0
2025-09-29 01:00:00+00:00,JP-TK,0.43430656934306566,2025-10-01T08:24:37.708Z,2025-09-28T01:55:56.237Z,lifecycle,True,MODE_BREAKDOWN,1,0,9,0,0.25881904510252074,0.9659258262890683
2025-09-29 02:00:00+00:00,JP-TK,0.45985401459854014,2025-10-01T08:24:52.019Z,2025-09-28T01:56:03.470Z,lifecycle,True,MODE_BREAKDOWN,2,0,9,0,0.49999999999999994,0.8660254037844387
2025-09-29 03:00:00+00:00,JP-TK,0.4890510948905109,2025-10-01T08:24:37.708Z,2025-09-28T01:56:03.470Z,lifecycle,True,MODE_BREAKDOWN,3,0,9,0,0.7071067811865476,0.7071067811865476
2025-09-29 04:00:00+00:00,JP-TK,0.5401459854014599,2025-10-01T08:25:16.329Z,2025-09-28T01:55:56.237Z,lifecycle,True,MODE_BREAKDOWN,4,0,9,0,0.8660254037844386,0.5000000000000001
2025-09-29 05:00:00+00:00,JP-TK,0.6532846715328469,2025-10-01T08:24:37.708Z,2025-09-28T01:56:03.470Z,lifecycle,True,MODE_BREAKDOWN,5,0,9,0,0.9659258262890683,0.25881904510252074
2025-09-29 06:00:00+00:00,JP-TK,0.781021897810219,2025-10-01T08:25:16.329Z,2025-09-28T01:55:56.237Z,lifecycle,True,MODE_BREAKDOWN,6,0,9,0,1.0,6.123233995736766e-17
2025-09-29 07:00:00+00:00,JP-TK,0.9051094890510949,2025-10-01T08:24:52.019Z,2025-09-28T01:55:56.237Z,lifecycle,True,MODE_BREAKDOWN,7,0,9,0,0.9659258262890683,-0.25881904510252063
2025-09-29 08:00:00+00:00,JP-TK,0.9854014598540146,2025-10-01T08:24:37.708Z,2025-09-28T01:55:56.237Z,lifecycle,True,MODE_BREAKDOWN,8,0,9,0,0.8660254037844387,-0.4999999999999998
2025-09-29 09:00:00+00:00,JP-TK,0.9854014598540146,2025-10-01T08:24:37.708Z,2025-09-28T01:56:06.067Z,lifecycle,True,MODE_BREAKDOWN,9,0,9,0,0.7071067811865476,-0.7071067811865475
2025-09-29 10:00:00+00:00,JP-TK,0.9854014598540146,2025-10-01T08:24:52.019Z,2025-09-28T01:55:44.656Z,lifecycle,True,MODE_BREAKDOWN,10,0,9,0,0.49999999999999994,-0.8660254037844387
2025-09-29 11:00:00+00:00,JP-TK,0.9817518248175181,2025-10-01T08:24:52.019Z,2025-09-28T01:56:06.067Z,lifecycle,True,MODE_BREAKDOWN,11,0,9,0,0.258819045102521,-0.9659258262890682
2025-09-29 12:00:00+00:00,JP-TK,0.9817518248175181,2025-10-01T08:24:37.708Z,2025-09-28T01:56:06.067Z,lifecycle,True,MODE_BREAKDOWN,12,0,9,0,1.2246467991473532e-16,-1.0
2025-09-29 13:00:00+00:00,JP-TK,0.9817518248175181,2025-10-01T08:25:16.329Z,2025-09-28T01:56:06.067Z,lifecycle,True,MODE_BREAKDOWN,13,0,9,0,-0.2588190451025208,-0.9659258262890683
2025-09-29 14:00:00+00:00,JP-TK,0.9817518248175181,2025-10-06T00:36:27.747Z,2025-09-28T01:55:44.656Z,lifecycle,True,MODE_BREAKDOWN,14,0,9,0,-0.4999999999999997,-0.8660254037844388
2025-09-29 15:00:00+00:00,JP-TK,0.9817518248175181,2025-10-06T00:36:11.266Z,2025-09-28T01:56:06.067Z,lifecycle,True,MODE_BREAKDOWN,15,0,9,0,-0.7071067811865471,-0.7071067811865479
2025-09-29 16:00:00+00:00,JP-TK,0.9817518248175181,2025-10-01T08:24:37.708Z,2025-09-28T01:55:44.656Z,lifecycle,True,MODE_BREAKDOWN,16,0,9,0,-0.8660254037844385,-0.5000000000000004
2025-09-29 17:00:00+00:00,JP-TK,0.978102189781022,2025-10-01T08:25:16.329Z,2025-09-29T01:55:08.184Z,lifecycle,True,MODE_BREAKDOWN,17,0,9,0,-0.9659258262890683,-0.25881904510252063
2025-09-29 18:00:00+00:00,JP-TK,0.9817518248175181,2025-10-01T08:24:37.708Z,2025-09-29T01:55:17.942Z,lifecycle,True,MODE_BREAKDOWN,18,0,9,0,-1.0,-1.8369701987210297e-16
2025-09-29 19:00:00+00:00,JP-TK,0.9890510948905111,2025-10-01T08:25:16.329Z,2025-09-29T01:55:08.184Z,lifecycle,True,MODE_BREAKDOWN,19,0,9,0,-0.9659258262890684,0.2588190451025203
2025-09-29 20:00:00+00:00,JP-TK,0.9890510948905111,2025-10-01T08:24:52.019Z,2025-09-29T01:55:17.942Z,lifecycle,True,MODE_BREAKDOWN,20,0,9,0,-0.8660254037844386,0.5000000000000001
2025-09-29 21:00:00+00:00,JP-TK,0.8978102189781023,2025-10-01T08:24:52.019Z,2025-09-29T01:54:54.730Z,lifecycle,True,MODE_BREAKDOWN,21,0,9,0,-0.7071067811865477,0.7071067811865474
2025-09-29 22:00:00+00:00,JP-TK,0.6605839416058394,2025-10-01T08:24:37.708Z,2025-09-29T01:55:08.184Z,lifecycle,True,MODE_BREAKDOWN,22,0,9,0,-0.5000000000000004,0.8660254037844384
2025-09-29 23:00:00+00:00,JP-TK,0.46350364963503665,2025-10-01T08:24:37.708Z,2025-09-29T01:55:17.942Z,lifecycle,True,MODE_BREAKDOWN,23,0,9,0,-0.25881904510252157,0.9659258262890681
2025-09-30 00:00:00+00:00,JP-TK,0.3065693430656935,2025-10-01T08:25:16.329Z,2025-09-29T01:55:17.942Z,lifecycle,True,MODE_BREAKDOWN,0,1,9,0,0.0,1.0
2025-09-30 01:00:00+00:00,JP-TK,0.18613138686131392,2025-10-01T08:24:53.832Z,2025-09-29T01:54:54.730Z,lifecycle,True,MODE_BREAKDOWN,1,1,9,0,0.25881904510252074,0.9659258262890683
2025-09-30 02:00:00+00:00,JP-TK,0.13138686131386867,2025-10-01T08:25:16.329Z,2025-09-29T01:54:54.730Z,lifecycle,True,MODE_BREAKDOWN,2,1,9,0,0.49999999999999994,0.8660254037844387
2025-09-30 03:00:00+00:00,JP-TK,0.13138686131386867,2025-10-01T08:25:02.096Z,2025-09-29T01:55:17.942Z,lifecycle,True,MODE_BREAKDOWN,3,1,9,0,0.7071067811865476,0.7071067811865476
2025-09-30 04:00:00+00:00,JP-TK,0.26642335766423364,2025-10-01T08:25:16.329Z,2025-09-29T01:55:08.184Z,lifecycle,True,MODE_BREAKDOWN,4,1,9,0,0.8660254037844386,0.5000000000000001
2025-09-30 05:00:00+00:00,JP-TK,0.4270072992700731,2025-10-01T08:25:16.329Z,2025-09-29T01:55:17.942Z,lifecycle,True,MODE_BREAKDOWN,5,1,9,0,0.9659258262890683,0.25881904510252074
2025-09-30 06:00:00+00:00,JP-TK,0.6569343065693432,2025-10-01T08:25:02.096Z,2025-09-29T01:54:54.730Z,lifecycle,True,MODE_BREAKDOWN,6,1,9,0,1.0,6.123233995736766e-17
2025-09-30 07:00:00+00:00,JP-TK,0.8941605839416058,2025-10-01T08:25:16.329Z,2025-09-29T01:55:17.942Z,lifecycle,True,MODE_BREAKDOWN,7,1,9,0,0.9659258262890683,-0.25881904510252063
2025-09-30 08:00:00+00:00,JP-TK,1.0000000000000002,2025-10-01T08:25:16.329Z,2025-09-29T01:54:54.730Z,lifecycle,True,MODE_BREAKDOWN,8,1,9,0,0.8660254037844387,-0.4999999999999998
2025-09-30 09:00:00+00:00,JP-TK,1.0000000000000002,2025-10-01T08:25:16.329Z,2025-09-29T01:54:54.730Z,lifecycle,True,MODE_BREAKDOWN,9,1,9,0,0.7071067811865476,-0.7071067811865475
2025-09-30 10:00:00+00:00,JP-TK,1.0000000000000002,2025-10-01T08:25:02.096Z,2025-09-29T01:55:21.174Z,lifecycle,True,MODE_BREAKDOWN,10,1,9,0,0.49999999999999994,-0.8660254037844387
2025-09-30 11:00:00+00:00,JP-TK,0.9963503649635037,2025-10-01T08:25:16.329Z,2025-09-29T01:55:08.184Z,lifecycle,True,MODE_BREAKDOWN,11,1,9,0,0.258819045102521,-0.9659258262890682
2025-09-30 12:00:00+00:00,JP-TK,0.9927007299270072,2025-10-01T08:24:53.832Z,2025-09-29T01:54:54.730Z,lifecycle,True,MODE_BREAKDOWN,12,1,9,0,1.2246467991473532e-16,-1.0
2025-09-30 13:00:00+00:00,JP-TK,0.9927007299270072,2025-10-01T08:24:53.832Z,2025-09-29T01:55:21.174Z,lifecycle,True,MODE_BREAKDOWN,13,1,9,0,-0.2588190451025208,-0.9659258262890683
2025-09-30 14:00:00+00:00,JP-TK,0.9927007299270072,2025-10-07T00:35:52.246Z,2025-09-29T01:55:21.174Z,lifecycle,True,MODE_BREAKDOWN,14,1,9,0,-0.4999999999999997,-0.8660254037844388
2025-09-30 15:00:00+00:00,JP-TK,0.9890510948905111,2025-10-07T00:36:22.763Z,2025-09-29T01:54:54.730Z,lifecycle,True,MODE_BREAKDOWN,15,1,9,0,-0.7071067811865471,-0.7071067811865479
2025-09-30 16:00:00+00:00,JP-TK,0.9890510948905111,2025-10-01T08:24:53.832Z,2025-09-29T01:55:21.174Z,lifecycle,True,MODE_BREAKDOWN,16,1,9,0,-0.8660254037844385,-0.5000000000000004
2025-09-30 17:00:00+00:00,JP-TK,0.9890510948905111,2025-10-01T08:24:53.832Z,2025-09-30T01:55:51.004Z,lifecycle,True,MODE_BREAKDOWN,17,1,9,0,-0.9659258262890683,-0.25881904510252063
2025-09-30 18:00:00+00:00,JP-TK,0.9890510948905111,2025-10-01T08:24:53.832Z,2025-09-30T01:55:44.427Z,lifecycle,True,MODE_BREAKDOWN,18,1,9,0,-1.0,-1.8369701987210297e-16
2025-09-30 19:00:00+00:00,JP-TK,0.9890510948905111,2025-10-01T08:24:53.832Z,2025-09-30T01:55:51.004Z,lifecycle,True,MODE_BREAKDOWN,19,1,9,0,-0.9659258262890684,0.2588190451025203
2025-09-30 20:00:00+00:00,JP-TK,0.9890510948905111,2025-10-01T08:25:23.881Z,2025-09-30T01:55:44.427Z,lifecycle,True,MODE_BREAKDOWN,20,1,9,0,-0.8660254037844386,0.5000000000000001
2025-09-30 21:00:00+00:00,JP-TK,0.9562043795620438,2025-10-01T08:25:23.881Z,2025-09-30T01:55:51.004Z,lifecycle,True,MODE_BREAKDOWN,21,1,9,0,-0.7071067811865477,0.7071067811865474
2025-09-30 22:00:00+00:00,JP-TK,0.9087591240875914,2025-10-01T08:25:02.096Z,2025-09-30T01:55:44.427Z,lifecycle,True,MODE_BREAKDOWN,22,1,9,0,-0.5000000000000004,0.8660254037844384
2025-09-30 23:00:00+00:00,JP-TK,0.8686131386861315,2025-10-01T08:25:02.096Z,2025-09-30T01:55:51.004Z,lifecycle,True,MODE_BREAKDOWN,23,1,9,0,-0.25881904510252157,0.9659258262890681
2025-10-01 00:00:00+00:00,JP-TK,0.8686131386861315,2025-10-01T12:25:23.067Z,2025-09-30T01:56:02.479Z,lifecycle,True,MODE_BREAKDOWN,0,2,10,0,0.0,1.0
2025-10-01 01:00:00+00:00,JP-TK,0.8503649635036499,2025-10-01T12:25:59.341Z,2025-09-30T01:56:02.479Z,lifecycle,True,MODE_BREAKDOWN,1,2,10,0,0.25881904510252074,0.9659258262890683
2025-10-01 02:00:00+00:00,JP-TK,0.8357664233576643,2025-10-01T12:25:36.803Z,2025-09-30T01:55:51.004Z,lifecycle,True,MODE_BREAKDOWN,2,2,10,0,0.49999999999999994,0.8660254037844387
2025-10-01 03:00:00+00:00,JP-TK,0.8394160583941608,2025-10-01T12:25:23.067Z,2025-09-30T01:55:51.004Z,lifecycle,True,MODE_BREAKDOWN,3,2,10,0,0.7071067811865476,0.7071067811865476
2025-10-01 04:00:00+00:00,JP-TK,0.8686131386861315,2025-10-01T12:25:23.067Z,2025-09-30T01:55:44.427Z,lifecycle,True,MODE_BREAKDOWN,4,2,10,0,0.8660254037844386,0.5000000000000001
2025-10-01 05:00:00+00:00,JP-TK,0.8832116788321167,2025-10-01T12:25:59.341Z,2025-09-30T01:55:44.427Z,lifecycle,True,MODE_BREAKDOWN,5,2,10,0,0.9659258262890683,0.25881904510252074
2025-10-01 06:00:00+00:00,JP-TK,0.9087591240875914,2025-10-01T18:25:43.386Z,2025-09-30T01:55:51.004Z,lifecycle,True,MODE_BREAKDOWN,6,2,10,0,1.0,6.123233995736766e-17
2025-10-01 07:00:00+00:00,JP-TK,0.9635036496350364,2025-10-01T18:25:43.386Z,2025-09-30T01:55:44.427Z,lifecycle,True,MODE_BREAKDOWN,7,2,10,0,0.9659258262890683,-0.25881904510252063
2025-10-01 08:00:00+00:00,JP-TK,1.0000000000000002,2025-10-01T18:26:13.979Z,2025-09-30T01:55:44.427Z,lifecycle,True,MODE_BREAKDOWN,8,2,10,0,0.8660254037844387,-0.4999999999999998
2025-10-01 09:00:00+00:00,JP-TK,1.0000000000000002,2025-10-01T18:25:28.898Z,2025-09-30T01:56:02.479Z,lifecycle,True,MODE_BREAKDOWN,9,2,10,0,0.7071067811865476,-0.7071067811865475
2025-10-01 10:00:00+00:00,JP-TK,0.9963503649635037,2025-10-01T18:26:13.979Z,2025-09-30T01:55:44.427Z,lifecycle,True,MODE_BREAKDOWN,10,2,10,0,0.49999999999999994,-0.8660254037844387
2025-10-01 11:00:00+00:00,JP-TK,1.0000000000000002,2025-10-01T18:25:28.898Z,2025-09-30T01:55:44.427Z,lifecycle,True,MODE_BREAKDOWN,11,2,10,0,0.258819045102521,-0.9659258262890682
2025-10-01 12:00:00+00:00,JP-TK,0.9963503649635037,2025-10-02T00:27:03.032Z,2025-09-30T01:55:53.392Z,lifecycle,True,MODE_BREAKDOWN,12,2,10,0,1.2246467991473532e-16,-1.0
2025-10-01 13:00:00+00:00,JP-TK,0.9890510948905111,2025-10-02T00:27:32.221Z,2025-09-30T01:56:02.479Z,lifecycle,True,MODE_BREAKDOWN,13,2,10,0,-0.2588190451025208,-0.9659258262890683
2025-10-01 14:00:00+00:00,JP-TK,0.9890510948905111,2025-10-08T00:44:07.109Z,2025-09-30T01:55:44.427Z,lifecycle,True,MODE_BREAKDOWN,14,2,10,0,-0.4999999999999997,-0.8660254037844388
2025-10-01 15:00:00+00:00,JP-TK,0.9854014598540146,2025-10-08T00:43:46.962Z,2025-09-30T01:56:02.479Z,lifecycle,True,MODE_BREAKDOWN,15,2,10,0,-0.7071067811865471,-0.7071067811865479
2025-10-01 16:00:00+00:00,JP-TK,0.9854014598540146,2025-10-02T00:27:03.032Z,2025-09-30T01:56:02.479Z,lifecycle,True,MODE_BREAKDOWN,16,2,10,0,-0.8660254037844385,-0.5000000000000004
2025-10-01 17:00:00+00:00,JP-TK,0.9927007299270072,2025-10-02T00:27:03.032Z,2025-10-01T01:56:18.740Z,lifecycle,True,MODE_BREAKDOWN,17,2,10,0,-0.9659258262890683,-0.25881904510252063
2025-10-01 18:00:00+00:00,JP-TK,0.9927007299270072,2025-10-02T06:25:27.799Z,2025-10-01T01:56:18.740Z,lifecycle,True,MODE_BREAKDOWN,18,2,10,0,-1.0,-1.8369701987210297e-16
2025-10-01 19:00:00+00:00,JP-TK,0.9963503649635037,2025-10-02T06:25:27.799Z,2025-10-01T01:55:44.615Z,lifecycle,True,MODE_BREAKDOWN,19,2,10,0,-0.9659258262890684,0.2588190451025203
2025-10-01 20:00:00+00:00,JP-TK,0.9927007299270072,2025-10-02T06:25:27.799Z,2025-10-01T01:55:44.615Z,lifecycle,True,MODE_BREAKDOWN,20,2,10,0,-0.8660254037844386,0.5000000000000001
2025-10-01 21:00:00+00:00,JP-TK,0.8868613138686132,2025-10-02T06:25:51.325Z,2025-10-01T01:56:05.370Z,lifecycle,True,MODE_BREAKDOWN,21,2,10,0,-0.7071067811865477,0.7071067811865474
2025-10-01 22:00:00+00:00,JP-TK,0.5912408759124088,2025-10-02T06:25:51.325Z,2025-10-01T01:56:05.370Z,lifecycle,True,MODE_BREAKDOWN,22,2,10,0,-0.5000000000000004,0.8660254037844384
2025-10-01 23:00:00+00:00,JP-TK,0.35036496350364965,2025-10-02T06:25:51.325Z,2025-10-01T01:56:05.370Z,lifecycle,True,MODE_BREAKDOWN,23,2,10,0,-0.25881904510252157,0.9659258262890681
2025-10-02 00:00:00+00:00,JP-TK,0.197080291970803,2025-10-02T12:26:20.564Z,2025-10-01T01:56:05.370Z,lifecycle,True,MODE_BREAKDOWN,0,3,10,0,0.0,1.0
2025-10-02 01:00:00+00:00,JP-TK,0.06204379562043805,2025-10-02T12:25:48.490Z,2025-10-01T01:56:18.740Z,lifecycle,True,MODE_BREAKDOWN,1,3,10,0,0.25881904510252074,0.9659258262890683
2025-10-02 02:00:00+00:00,JP-TK,0.04379562043795637,2025-10-02T12:26:04.249Z,2025-10-01T01:56:05.370Z,lifecycle,True,MODE_BREAKDOWN,2,3,10,0,0.49999999999999994,0.8660254037844387
2025-10-02 03:00:00+00:00,JP-TK,0.07664233576642343,2025-10-02T12:26:20.564Z,2025-10-01T01:55:44.615Z,lifecycle,True,MODE_BREAKDOWN,3,3,10,0,0.7071067811865476,0.7071067811865476
2025-10-02 04:00:00+00:00,JP-TK,0.27372262773722644,2025-10-02T12:25:48.490Z,2025-10-01T01:56:18.740Z,lifecycle,True,MODE_BREAKDOWN,4,3,10,0,0.8660254037844386,0.5000000000000001
2025-10-02 05:00:00+00:00,JP-TK,0.44160583941605847,2025-10-02T12:25:48.490Z,2025-10-01T01:56:05.370Z,lifecycle,True,MODE_BREAKDOWN,5,3,10,0,0.9659258262890683,0.25881904510252074
2025-10-02 06:00:00+00:00,JP-TK,0.6569343065693432,2025-10-02T18:26:15.443Z,2025-10-01T01:55:44.615Z,lifecycle,True,MODE_BREAKDOWN,6,3,10,0,1.0,6.123233995736766e-17
2025-10-02 07:00:00+00:00,JP-TK,0.8868613138686132,2025-10-02T18:26:00.842Z,2025-10-01T01:56:05.370Z,lifecycle,True,MODE_BREAKDOWN,7,3,10,0,0.9659258262890683,-0.25881904510252063
2025-10-02 08:00:00+00:00,JP-TK,1.0000000000000002,2025-10-02T18:26:00.842Z,2025-10-01T01:56:18.740Z,lifecycle,True,MODE_BREAKDOWN,8,3,10,0,0.8660254037844387,-0.4999999999999998
2025-10-02 09:00:00+00:00,JP-TK,0.9963503649635037,2025-10-02T18:26:15.443Z,2025-10-01T01:56:22.937Z,lifecycle,True,MODE_BREAKDOWN,9,3,10,0,0.7071067811865476,-0.7071067811865475
2025-10-02 10:00:00+00:00,JP-TK,0.9963503649635037,2025-10-02T18:26:15.443Z,2025-10-01T01:56:05.370Z,lifecycle,True,MODE_BREAKDOWN,10,3,10,0,0.49999999999999994,-0.8660254037844387
2025-10-02 11:00:00+00:00,JP-TK,0.9963503649635037,2025-10-02T18:26:12.095Z,2025-10-01T01:55:44.615Z,lifecycle,True,MODE_BREAKDOWN,11,3,10,0,0.258819045102521,-0.9659258262890682
2025-10-02 12:00:00+00:00,JP-TK,0.9927007299270072,2025-10-02T23:25:50.950Z,2025-10-01T01:56:22.937Z,lifecycle,True,MODE_BREAKDOWN,12,3,10,0,1.2246467991473532e-16,-1.0
2025-10-02 13:00:00+00:00,JP-TK,0.9890510948905111,2025-10-02T23:26:07.311Z,2025-10-01T01:55:44.615Z,lifecycle,True,MODE_BREAKDOWN,13,3,10,0,-0.2588190451025208,-0.9659258262890683
2025-10-02 14:00:00+00:00,JP-TK,0.9890510948905111,2025-10-09T00:34:13.121Z,2025-10-01T01:56:22.937Z,lifecycle,True,MODE_BREAKDOWN,14,3,10,0,-0.4999999999999997,-0.8660254037844388
2025-10-02 15:00:00+00:00,JP-TK,0.9817518248175181,2025-10-09T00:35:03.371Z,2025-10-01T01:55:44.615Z,lifecycle,True,MODE_BREAKDOWN,15,3,10,0,-0.7071067811865471,-0.7071067811865479
2025-10-02 16:00:00+00:00,JP-TK,0.9854014598540146,2025-10-02T23:25:50.950Z,2025-10-01T01:56:22.937Z,lifecycle,True,MODE_BREAKDOWN,16,3,10,0,-0.8660254037844385,-0.5000000000000004
2025-10-02 17:00:00+00:00,JP-TK,0.9854014598540146,2025-10-02T23:25:50.950Z,2025-10-02T01:54:25.434Z,lifecycle,True,MODE_BREAKDOWN,17,3,10,0,-0.9659258262890683,-0.25881904510252063
2025-10-02 18:00:00+00:00,JP-TK,0.9890510948905111,2025-10-03T06:25:50.822Z,2025-10-02T01:54:25.434Z,lifecycle,True,MODE_BREAKDOWN,18,3,10,0,-1.0,-1.8369701987210297e-16
2025-10-02 19:00:00+00:00,JP-TK,0.9890510948905111,2025-10-03T06:26:05.037Z,2025-10-02T01:54:48.901Z,lifecycle,True,MODE_BREAKDOWN,19,3,10,0,-0.9659258262890684,0.2588190451025203
2025-10-02 20:00:00+00:00,JP-TK,0.9890510948905111,2025-10-03T06:25:50.822Z,2025-10-02T01:54:25.434Z,lifecycle,True,MODE_BREAKDOWN,20,3,10,0,-0.8660254037844386,0.5000000000000001
2025-10-02 21:00:00+00:00,JP-TK,0.8905109489051097,2025-10-03T06:26:26.606Z,2025-10-02T01:54:25.434Z,lifecycle,True,MODE_BREAKDOWN,21,3,10,0,-0.7071067811865477,0.7071067811865474
2025-10-02 22:00:00+00:00,JP-TK,0.6021897810218979,2025-10-03T06:26:05.037Z,2025-10-02T01:54:40.309Z,lifecycle,True,MODE_BREAKDOWN,22,3,10,0,-0.5000000000000004,0.8660254037844384
2025-10-02 23:00:00+00:00,JP-TK,0.4233576642335768,2025-10-03T06:25:50.822Z,2025-10-02T01:54:25.434Z,lifecycle,True,MODE_BREAKDOWN,23,3,10,0,-0.25881904510252157,0.9659258262890681
2025-10-03 00:00:00+00:00,JP-TK,0.4233576642335768,2025-10-03T12:25:16.286Z,2025-10-02T01:54:40.309Z,lifecycle,True,MODE_BREAKDOWN,0,4,10,0,0.0,1.0
2025-10-03 01:00:00+00:00,JP-TK,0.44525547445255476,2025-10-03T12:25:32.126Z,2025-10-02T01:54:25.434Z,lifecycle,True,MODE_BREAKDOWN,1,4,10,0,0.25881904510252074,0.9659258262890683
2025-10-03 02:00:00+00:00,JP-TK,0.4087591240875914,2025-10-03T12:25:50.978Z,2025-10-02T01:54:25.434Z,lifecycle,True,MODE_BREAKDOWN,2,4,10,0,0.49999999999999994,0.8660254037844387
2025-10-03 03:00:00+00:00,JP-TK,0.4270072992700731,2025-10-03T12:25:50.978Z,2025-10-02T01:54:40.309Z,lifecycle,True,MODE_BREAKDOWN,3,4,10,0,0.7071067811865476,0.7071067811865476
2025-10-03 04:00:00+00:00,JP-TK,0.5328467153284673,2025-10-03T12:25:32.126Z,2025-10-02T01:54:48.901Z,lifecycle,True,MODE_BREAKDOWN,4,4,10,0,0.8660254037844386,0.5000000000000001
2025-10-03 05:00:00+00:00,JP-TK,0.6897810218978102,2025-10-03T12:25:16.286Z,2025-10-02T01:54:48.901Z,lifecycle,True,MODE_BREAKDOWN,5,4,10,0,0.9659258262890683,0.25881904510252074
2025-10-03 06:00:00+00:00,JP-TK,0.8394160583941608,2025-10-03T18:26:49.985Z,2025-10-02T01:54:40.309Z,lifecycle,True,MODE_BREAKDOWN,6,4,10,0,1.0,6.123233995736766e-17
2025-10-03 07:00:00+00:00,JP-TK,0.9525547445255473,2025-10-03T18:26:32.372Z,2025-10-02T01:54:25.434Z,lifecycle,True,MODE_BREAKDOWN,7,4,10,0,0.9659258262890683,-0.25881904510252063
2025-10-03 08:00:00+00:00,JP-TK,1.0000000000000002,2025-10-03T18:26:49.985Z,2025-10-02T01:54:40.309Z,lifecycle,True,MODE_BREAKDOWN,8,4,10,0,0.8660254037844387,-0.4999999999999998
2025-10-03 09:00:00+00:00,JP-TK,1.0000000000000002,2025-10-03T18:26:49.985Z,2025-10-02T01:54:25.434Z,lifecycle,True,MODE_BREAKDOWN,9,4,10,0,0.7071067811865476,-0.7071067811865475
2025-10-03 10:00:00+00:00,JP-TK,0.9927007299270072,2025-10-03T18:26:49.985Z,2025-10-02T01:54:51.838Z,lifecycle,True,MODE_BREAKDOWN,10,4,10,0,0.49999999999999994,-0.8660254037844387
2025-10-03 11:00:00+00:00,JP-TK,0.9927007299270072,2025-10-03T18:26:49.985Z,2025-10-02T01:54:40.309Z,lifecycle,True,MODE_BREAKDOWN,11,4,10,0,0.258819045102521,-0.9659258262890682
2025-10-03 12:00:00+00:00,JP-TK,0.9854014598540146,2025-10-04T00:26:02.258Z,2025-10-02T01:54:40.309Z,lifecycle,True,MODE_BREAKDOWN,12,4,10,0,1.2246467991473532e-16,-1.0
2025-10-03 13:00:00+00:00,JP-TK,0.9854014598540146,2025-10-04T00:25:25.481Z,2025-10-02T01:54:25.434Z,lifecycle,True,MODE_BREAKDOWN,13,4,10,0,-0.2588190451025208,-0.9659258262890683
2025-10-03 14:00:00+00:00,JP-TK,0.9817518248175181,2025-10-10T00:34:26.767Z,2025-10-02T01:54:51.838Z,lifecycle,True,MODE_BREAKDOWN,14,4,10,0,-0.4999999999999997,-0.8660254037844388
2025-10-03 15:00:00+00:00,JP-TK,0.9744525547445255,2025-10-10T00:34:26.767Z,2025-10-02T01:54:51.838Z,lifecycle,True,MODE_BREAKDOWN,15,4,10,0,-0.7071067811865471,-0.7071067811865479
2025-10-03 16:00:00+00:00,JP-TK,0.9708029197080295,2025-10-04T00:25:25.481Z,2025-10-02T01:54:25.434Z,lifecycle,True,MODE_BREAKDOWN,16,4,10,0,-0.8660254037844385,-0.5000000000000004
2025-10-03 17:00:00+00:00,JP-TK,0.9708029197080295,2025-10-04T00:26:02.258Z,2025-10-03T01:55:41.363Z,lifecycle,True,MODE_BREAKDOWN,17,4,10,0,-0.9659258262890683,-0.25881904510252063
2025-10-03 18:00:00+00:00,JP-TK,0.9708029197080295,2025-10-04T06:25:53.031Z,2025-10-03T01:55:10.951Z,lifecycle,True,MODE_BREAKDOWN,18,4,10,0,-1.0,-1.8369701987210297e-16
2025-10-03 19:00:00+00:00,JP-TK,0.9744525547445255,2025-10-04T06:25:53.031Z,2025-10-03T01:55:41.363Z,lifecycle,True,MODE_BREAKDOWN,19,4,10,0,-0.9659258262890684,0.2588190451025203
2025-10-03 20:00:00+00:00,JP-TK,0.9708029197080295,2025-10-04T06:25:38.988Z,2025-10-03T01:55:26.139Z,lifecycle,True,MODE_BREAKDOWN,20,4,10,0,-0.8660254037844386,0.5000000000000001
2025-10-03 21:00:00+00:00,JP-TK,0.8686131386861315,2025-10-04T06:25:38.988Z,2025-10-03T01:55:10.951Z,lifecycle,True,MODE_BREAKDOWN,21,4,10,0,-0.7071067811865477,0.7071067811865474
2025-10-03 22:00:00+00:00,JP-TK,0.6058394160583942,2025-10-04T06:25:53.031Z,2025-10-03T01:55:10.951Z,lifecycle,True,MODE_BREAKDOWN,22,4,10,0,-0.5000000000000004,0.8660254037844384
2025-10-03 23:00:00+00:00,JP-TK,0.3941605839416058,2025-10-04T06:25:53.031Z,2025-10-03T01:55:26.139Z,lifecycle,True,MODE_BREAKDOWN,23,4,10,0,-0.25881904510252157,0.9659258262890681
2025-10-04 00:00:00+00:00,JP-TK,0.37591240875912413,2025-10-04T12:26:01.893Z,2025-10-03T01:55:41.363Z,lifecycle,True,MODE_BREAKDOWN,0,5,10,1,0.0,1.0
2025-10-04 01:00:00+00:00,JP-TK,0.45255474452554756,2025-10-04T12:26:01.893Z,2025-10-03T01:55:10.951Z,lifecycle,True,MODE_BREAKDOWN,1,5,10,1,0.25881904510252074,0.9659258262890683
2025-10-04 02:00:00+00:00,JP-TK,0.5729927007299271,2025-10-04T12:26:34.725Z,2025-10-03T01:55:26.139Z,lifecycle,True,MODE_BREAKDOWN,2,5,10,1,0.49999999999999994,0.8660254037844387
2025-10-04 03:00:00+00:00,JP-TK,0.6678832116788322,2025-10-04T12:26:01.893Z,2025-10-03T01:55:26.139Z,lifecycle,True,MODE_BREAKDOWN,3,5,10,1,0.7071067811865476,0.7071067811865476
2025-10-04 04:00:00+00:00,JP-TK,0.7408759124087592,2025-10-04T12:26:18.303Z,2025-10-03T01:55:26.139Z,lifecycle,True,MODE_BREAKDOWN,4,5,10,1,0.8660254037844386,0.5000000000000001
2025-10-04 05:00:00+00:00,JP-TK,0.8138686131386861,2025-10-04T12:26:34.725Z,2025-10-03T01:55:41.363Z,lifecycle,True,MODE_BREAKDOWN,5,5,10,1,0.9659258262890683,0.25881904510252074
2025-10-04 06:00:00+00:00,JP-TK,0.8905109489051097,2025-10-04T18:26:10.738Z,2025-10-03T01:55:26.139Z,lifecycle,True,MODE_BREAKDOWN,6,5,10,1,1.0,6.123233995736766e-17
2025-10-04 07:00:00+00:00,JP-TK,0.9489051094890513,2025-10-04T18:26:10.738Z,2025-10-03T01:55:10.951Z,lifecycle,True,MODE_BREAKDOWN,7,5,10,1,0.9659258262890683,-0.25881904510252063
2025-10-04 08:00:00+00:00,JP-TK,0.9817518248175181,2025-10-04T18:26:10.738Z,2025-10-03T01:55:41.363Z,lifecycle,True,MODE_BREAKDOWN,8,5,10,1,0.8660254037844387,-0.4999999999999998
2025-10-04 09:00:00+00:00,JP-TK,0.9817518248175181,2025-10-04T18:25:54.214Z,2025-10-03T01:55:41.363Z,lifecycle,True,MODE_BREAKDOWN,9,5,10,1,0.7071067811865476,-0.7071067811865475
2025-10-04 10:00:00+00:00,JP-TK,0.978102189781022,2025-10-04T18:25:54.214Z,2025-10-03T01:55:10.951Z,lifecycle,True,MODE_BREAKDOWN,10,5,10,1,0.49999999999999994,-0.8660254037844387
2025-10-04 11:00:00+00:00,JP-TK,0.978102189781022,2025-10-04T18:26:10.738Z,2025-10-03T01:55:10.951Z,lifecycle,True,MODE_BREAKDOWN,11,5,10,1,0.258819045102521,-0.9659258262890682
2025-10-04 12:00:00+00:00,JP-TK,0.9744525547445255,2025-10-05T00:25:39.860Z,2025-10-03T01:55:26.139Z,lifecycle,True,MODE_BREAKDOWN,12,5,10,1,1.2246467991473532e-16,-1.0
2025-10-04 13:00:00+00:00,JP-TK,0.9671532846715329,2025-10-05T00:25:39.860Z,2025-10-03T01:55:26.139Z,lifecycle,True,MODE_BREAKDOWN,13,5,10,1,-0.2588190451025208,-0.9659258262890683
2025-10-04 14:00:00+00:00,JP-TK,0.9708029197080295,2025-10-11T00:34:07.104Z,2025-10-03T01:55:47.995Z,lifecycle,True,MODE_BREAKDOWN,14,5,10,1,-0.4999999999999997,-0.8660254037844388
2025-10-04 15:00:00+00:00,JP-TK,0.9671532846715329,2025-10-11T00:34:07.104Z,2025-10-03T01:55:47.995Z,lifecycle,True,MODE_BREAKDOWN,15,5,10,1,-0.7071067811865471,-0.7071067811865479
2025-10-04 16:00:00+00:00,JP-TK,0.9635036496350364,2025-10-05T00:25:39.860Z,2025-10-03T01:55:26.139Z,lifecycle,True,MODE_BREAKDOWN,16,5,10,1,-0.8660254037844385,-0.5000000000000004
2025-10-04 17:00:00+00:00,JP-TK,0.9635036496350364,2025-10-05T00:25:25.606Z,2025-10-04T01:40:51.180Z,lifecycle,True,MODE_BREAKDOWN,17,5,10,1,-0.9659258262890683,-0.25881904510252063
2025-10-04 18:00:00+00:00,JP-TK,0.9671532846715329,2025-10-05T06:25:40.057Z,2025-10-04T01:40:39.579Z,lifecycle,True,MODE_BREAKDOWN,18,5,10,1,-1.0,-1.8369701987210297e-16
2025-10-04 19:00:00+00:00,JP-TK,0.9744525547445255,2025-10-05T06:25:22.226Z,2025-10-04T01:40:39.579Z,lifecycle,True,MODE_BREAKDOWN,19,5,10,1,-0.9659258262890684,0.2588190451025203
2025-10-04 20:00:00+00:00,JP-TK,0.978102189781022,2025-10-05T06:25:40.057Z,2025-10-04T01:40:51.180Z,lifecycle,True,MODE_BREAKDOWN,20,5,10,1,-0.8660254037844386,0.5000000000000001
2025-10-04 21:00:00+00:00,JP-TK,0.8978102189781023,2025-10-05T06:25:40.057Z,2025-10-04T01:40:51.180Z,lifecycle,True,MODE_BREAKDOWN,21,5,10,1,-0.7071067811865477,0.7071067811865474
2025-10-04 22:00:00+00:00,JP-TK,0.6386861313868613,2025-10-05T06:25:22.226Z,2025-10-04T01:40:23.020Z,lifecycle,True,MODE_BREAKDOWN,22,5,10,1,-0.5000000000000004,0.8660254037844384
2025-10-04 23:00:00+00:00,JP-TK,0.37226277372262784,2025-10-05T06:25:55.549Z,2025-10-04T01:40:51.180Z,lifecycle,True,MODE_BREAKDOWN,23,5,10,1,-0.25881904510252157,0.9659258262890681
2025-10-05 00:00:00+00:00,JP-TK,0.21532846715328469,2025-10-05T12:40:29.597Z,2025-10-04T01:40:23.020Z,lifecycle,True,MODE_BREAKDOWN,0,6,10,1,0.0,1.0
2025-10-05 01:00:00+00:00,JP-TK,0.12043795620437958,2025-10-05T12:40:48.399Z,2025-10-04T01:40:39.579Z,lifecycle,True,MODE_BREAKDOWN,1,6,10,1,0.25881904510252074,0.9659258262890683
2025-10-05 02:00:00+00:00,JP-TK,0.14598540145985406,2025-10-05T12:40:48.399Z,2025-10-04T01:40:23.020Z,lifecycle,True,MODE_BREAKDOWN,2,6,10,1,0.49999999999999994,0.8660254037844387
2025-10-05 03:00:00+00:00,JP-TK,0.2007299270072993,2025-10-05T12:40:29.597Z,2025-10-04T01:40:39.579Z,lifecycle,True,MODE_BREAKDOWN,3,6,10,1,0.7071067811865476,0.7071067811865476
2025-10-05 04:00:00+00:00,JP-TK,0.3868613138686132,2025-10-05T12:41:07.624Z,2025-10-04T01:40:23.020Z,lifecycle,True,MODE_BREAKDOWN,4,6,10,1,0.8660254037844386,0.5000000000000001
2025-10-05 05:00:00+00:00,JP-TK,0.613138686131387,2025-10-05T12:41:07.624Z,2025-10-04T01:40:39.579Z,lifecycle,True,MODE_BREAKDOWN,5,6,10,1,0.9659258262890683,0.25881904510252074
2025-10-05 06:00:00+00:00,JP-TK,0.7992700729927007,2025-10-05T18:41:37.847Z,2025-10-04T01:40:51.180Z,lifecycle,True,MODE_BREAKDOWN,6,6,10,1,1.0,6.123233995736766e-17
2025-10-05 07:00:00+00:00,JP-TK,0.9306569343065696,2025-10-05T18:41:37.847Z,2025-10-04T01:40:51.180Z,lifecycle,True,MODE_BREAKDOWN,7,6,10,1,0.9659258262890683,-0.25881904510252063
2025-10-05 08:00:00+00:00,JP-TK,0.9817518248175181,2025-10-05T18:41:17.091Z,2025-10-04T01:40:51.180Z,lifecycle,True,MODE_BREAKDOWN,8,6,10,1,0.8660254037844387,-0.4999999999999998
2025-10-05 09:00:00+00:00,JP-TK,0.9817518248175181,2025-10-05T18:41:17.091Z,2025-10-04T01:40:23.020Z,lifecycle,True,MODE_BREAKDOWN,9,6,10,1,0.7071067811865476,-0.7071067811865475
2025-10-05 10:00:00+00:00,JP-TK,0.9817518248175181,2025-10-05T18:41:17.091Z,2025-10-04T01:40:23.020Z,lifecycle,True,MODE_BREAKDOWN,10,6,10,1,0.49999999999999994,-0.8660254037844387
2025-10-05 11:00:00+00:00,JP-TK,0.9744525547445255,2025-10-05T18:41:37.847Z,2025-10-04T01:40:23.020Z,lifecycle,True,MODE_BREAKDOWN,11,6,10,1,0.258819045102521,-0.9659258262890682
2025-10-05 12:00:00+00:00,JP-TK,0.9708029197080295,2025-10-06T00:40:59.659Z,2025-10-04T01:40:23.020Z,lifecycle,True,MODE_BREAKDOWN,12,6,10,1,1.2246467991473532e-16,-1.0
2025-10-05 13:00:00+00:00,JP-TK,0.9635036496350364,2025-10-06T00:40:41.932Z,2025-10-04T01:40:39.579Z,lifecycle,True,MODE_BREAKDOWN,13,6,10,1,-0.2588190451025208,-0.9659258262890683
2025-10-05 14:00:00+00:00,JP-TK,0.9635036496350364,2025-10-12T00:38:36.047Z,2025-10-04T01:40:54.905Z,lifecycle,True,MODE_BREAKDOWN,14,6,10,1,-0.4999999999999997,-0.8660254037844388
2025-10-05 15:00:00+00:00,JP-TK,0.9562043795620438,2025-10-12T00:38:07.515Z,2025-10-04T01:40:54.905Z,lifecycle,True,MODE_BREAKDOWN,15,6,10,1,-0.7071067811865471,-0.7071067811865479
2025-10-05 16:00:00+00:00,JP-TK,0.9525547445255473,2025-10-06T00:40:59.659Z,2025-10-04T01:40:39.579Z,lifecycle,True,MODE_BREAKDOWN,16,6,10,1,-0.8660254037844385,-0.5000000000000004
2025-10-05 17:00:00+00:00,JP-TK,0.9416058394160582,2025-10-06T00:41:02.038Z,2025-10-05T01:55:02.160Z,lifecycle,True,MODE_BREAKDOWN,17,6,10,1,-0.9659258262890683,-0.25881904510252063
2025-10-05 18:00:00+00:00,JP-TK,0.9416058394160582,2025-10-06T06:41:28.540Z,2025-10-05T01:55:11.070Z,lifecycle,True,MODE_BREAKDOWN,18,6,10,1,-1.0,-1.8369701987210297e-16
2025-10-05 19:00:00+00:00,JP-TK,0.9489051094890513,2025-10-06T06:40:45.306Z,2025-10-05T01:55:02.160Z,lifecycle,True,MODE_BREAKDOWN,19,6,10,1,-0.9659258262890684,0.2588190451025203
2025-10-05 20:00:00+00:00,JP-TK,0.9562043795620438,2025-10-06T06:41:06.041Z,2025-10-05T01:54:45.944Z,lifecycle,True,MODE_BREAKDOWN,20,6,10,1,-0.8660254037844386,0.5000000000000001
2025-10-05 21:00:00+00:00,JP-TK,0.8941605839416058,2025-10-06T06:41:06.041Z,2025-10-05T01:54:45.944Z,lifecycle,True,MODE_BREAKDOWN,21,6,10,1,-0.7071067811865477,0.7071067811865474
2025-10-05 22:00:00+00:00,JP-TK,0.7007299270072993,2025-10-06T06:41:28.540Z,2025-10-05T01:54:45.944Z,lifecycle,True,MODE_BREAKDOWN,22,6,10,1,-0.5000000000000004,0.8660254037844384
2025-10-05 23:00:00+00:00,JP-TK,0.5583941605839418,2025-10-06T06:40:45.306Z,2025-10-05T01:55:11.070Z,lifecycle,True,MODE_BREAKDOWN,23,6,10,1,-0.25881904510252157,0.9659258262890681
2025-10-06 00:00:00+00:00,JP-TK,0.4890510948905109,2025-10-06T12:25:41.578Z,2025-10-05T01:54:45.944Z,lifecycle,True,MODE_BREAKDOWN,0,0,10,0,0.0,1.0
2025-10-06 01:00:00+00:00,JP-TK,0.4270072992700731,2025-10-06T12:25:57.603Z,2025-10-05T01:55:02.160Z,lifecycle,True,MODE_BREAKDOWN,1,0,10,0,0.25881904510252074,0.9659258262890683
2025-10-06 02:00:00+00:00,JP-TK,0.3905109489051095,2025-10-06T12:25:23.838Z,2025-10-05T01:55:02.160Z,lifecycle,True,MODE_BREAKDOWN,2,0,10,0,0.49999999999999994,0.8660254037844387
2025-10-06 03:00:00+00:00,JP-TK,0.43430656934306566,2025-10-06T12:25:41.578Z,2025-10-05T01:54:45.944Z,lifecycle,True,MODE_BREAKDOWN,3,0,10,0,0.7071067811865476,0.7071067811865476
2025-10-06 04:00:00+00:00,JP-TK,0.5875912408759125,2025-10-06T12:25:23.838Z,2025-10-05T01:55:02.160Z,lifecycle,True,MODE_BREAKDOWN,4,0,10,0,0.8660254037844386,0.5000000000000001
2025-10-06 05:00:00+00:00,JP-TK,0.6934306569343067,2025-10-06T12:25:57.603Z,2025-10-05T01:55:11.070Z,lifecycle,True,MODE_BREAKDOWN,5,0,10,0,0.9659258262890683,0.25881904510252074
2025-10-06 06:00:00+00:00,JP-TK,0.7919708029197081,2025-10-06T18:25:30.796Z,2025-10-05T01:55:11.070Z,lifecycle,True,MODE_BREAKDOWN,6,0,10,0,1.0,6.123233995736766e-17
2025-10-06 07:00:00+00:00,JP-TK,0.9306569343065696,2025-10-06T18:25:16.481Z,2025-10-05T01:55:11.070Z,lifecycle,True,MODE_BREAKDOWN,7,0,10,0,0.9659258262890683,-0.25881904510252063
2025-10-06 08:00:00+00:00,JP-TK,0.9817518248175181,2025-10-06T18:25:16.481Z,2025-10-05T01:55:02.160Z,lifecycle,True,MODE_BREAKDOWN,8,0,10,0,0.8660254037844387,-0.4999999999999998
2025-10-06 09:00:00+00:00,JP-TK,0.978102189781022,2025-10-06T18:25:02.576Z,2025-10-05T01:55:02.160Z,lifecycle,True,MODE_BREAKDOWN,9,0,10,0,0.7071067811865476,-0.7071067811865475
2025-10-06 10:00:00+00:00,JP-TK,0.9744525547445255,2025-10-06T18:25:30.796Z,2025-10-05T01:55:14.107Z,lifecycle,True,MODE_BREAKDOWN,10,0,10,0,0.49999999999999994,-0.8660254037844387
2025-10-06 11:00:00+00:00,JP-TK,0.9708029197080295,2025-10-06T18:25:30.796Z,2025-10-05T01:54:45.944Z,lifecycle,True,MODE_BREAKDOWN,11,0,10,0,0.258819045102521,-0.9659258262890682
2025-10-06 12:00:00+00:00,JP-TK,0.9708029197080295,2025-10-07T00:25:18.804Z,2025-10-05T01:55:14.107Z,lifecycle,True,MODE_BREAKDOWN,12,0,10,0,1.2246467991473532e-16,-1.0
2025-10-06 13:00:00+00:00,JP-TK,0.9635036496350364,2025-10-07T00:25:02.676Z,2025-10-05T01:55:02.160Z,lifecycle,True,MODE_BREAKDOWN,13,0,10,0,-0.2588190451025208,-0.9659258262890683
2025-10-06 14:00:00+00:00,JP-TK,0.9671532846715329,2025-10-13T00:30:54.527Z,2025-10-05T01:55:14.107Z,lifecycle,True,MODE_BREAKDOWN,14,0,10,0,-0.4999999999999997,-0.8660254037844388
2025-10-06 15:00:00+00:00,JP-TK,0.9598540145985404,2025-10-13T00:30:28.567Z,2025-10-05T01:55:02.160Z,lifecycle,True,MODE_BREAKDOWN,15,0,10,0,-0.7071067811865471,-0.7071067811865479
2025-10-06 16:00:00+00:00,JP-TK,0.9562043795620438,2025-10-07T00:25:02.676Z,2025-10-05T01:55:02.160Z,lifecycle,True,MODE_BREAKDOWN,16,0,10,0,-0.8660254037844385,-0.5000000000000004
2025-10-06 17:00:00+00:00,JP-TK,0.9635036496350364,2025-10-07T00:24:47.730Z,2025-10-06T01:41:49.934Z,lifecycle,True,MODE_BREAKDOWN,17,0,10,0,-0.9659258262890683,-0.25881904510252063
2025-10-06 18:00:00+00:00,JP-TK,0.9671532846715329,2025-10-07T06:25:34.545Z,2025-10-06T01:41:49.934Z,lifecycle,True,MODE_BREAKDOWN,18,0,10,0,-1.0,-1.8369701987210297e-16
2025-10-06 19:00:00+00:00,JP-TK,0.9671532846715329,2025-10-07T06:25:34.545Z,2025-10-06T01:41:36.561Z,lifecycle,True,MODE_BREAKDOWN,19,0,10,0,-0.9659258262890684,0.2588190451025203
2025-10-06 20:00:00+00:00,JP-TK,0.9708029197080295,2025-10-07T06:25:18.041Z,2025-10-06T01:41:36.561Z,lifecycle,True,MODE_BREAKDOWN,20,0,10,0,-0.8660254037844386,0.5000000000000001
2025-10-06 21:00:00+00:00,JP-TK,0.9306569343065696,2025-10-07T06:25:34.545Z,2025-10-06T01:41:57.657Z,lifecycle,True,MODE_BREAKDOWN,21,0,10,0,-0.7071067811865477,0.7071067811865474
2025-10-06 22:00:00+00:00,JP-TK,0.7846715328467153,2025-10-07T06:25:18.041Z,2025-10-06T01:41:49.934Z,lifecycle,True,MODE_BREAKDOWN,22,0,10,0,-0.5000000000000004,0.8660254037844384
2025-10-06 23:00:00+00:00,JP-TK,0.6788321167883211,2025-10-07T06:25:05.199Z,2025-10-06T01:41:57.657Z,lifecycle,True,MODE_BREAKDOWN,23,0,10,0,-0.25881904510252157,0.9659258262890681
2025-10-07 00:00:00+00:00,JP-TK,0.6313868613138687,2025-10-07T12:27:14.188Z,2025-10-06T01:41:49.934Z,lifecycle,True,MODE_BREAKDOWN,0,1,10,0,0.0,1.0
2025-10-07 01:00:00+00:00,JP-TK,0.5474452554744527,2025-10-07T12:27:14.188Z,2025-10-06T01:41:36.561Z,lifecycle,True,MODE_BREAKDOWN,1,1,10,0,0.25881904510252074,0.9659258262890683
2025-10-07 02:00:00+00:00,JP-TK,0.4744525547445255,2025-10-07T12:27:14.188Z,2025-10-06T01:41:57.657Z,lifecycle,True,MODE_BREAKDOWN,2,1,10,0,0.49999999999999994,0.8660254037844387
2025-10-07 03:00:00+00:00,JP-TK,0.45620437956204385,2025-10-07T12:27:24.854Z,2025-10-06T01:41:49.934Z,lifecycle,True,MODE_BREAKDOWN,3,1,10,0,0.7071067811865476,0.7071067811865476
2025-10-07 04:00:00+00:00,JP-TK,0.5255474452554745,2025-10-07T12:27:14.188Z,2025-10-06T01:41:36.561Z,lifecycle,True,MODE_BREAKDOWN,4,1,10,0,0.8660254037844386,0.5000000000000001
2025-10-07 05:00:00+00:00,JP-TK,0.697080291970803,2025-10-07T12:27:35.795Z,2025-10-06T01:41:57.657Z,lifecycle,True,MODE_BREAKDOWN,5,1,10,0,0.9659258262890683,0.25881904510252074
2025-10-07 06:00:00+00:00,JP-TK,0.8503649635036499,2025-10-07T18:25:17.847Z,2025-10-06T01:41:36.561Z,lifecycle,True,MODE_BREAKDOWN,6,1,10,0,1.0,6.123233995736766e-17
2025-10-07 07:00:00+00:00,JP-TK,0.9562043795620438,2025-10-07T18:25:17.847Z,2025-10-06T01:41:49.934Z,lifecycle,True,MODE_BREAKDOWN,7,1,10,0,0.9659258262890683,-0.25881904510252063
2025-10-07 08:00:00+00:00,JP-TK,0.9890510948905111,2025-10-07T18:24:47.429Z,2025-10-06T01:42:01.083Z,lifecycle,True,MODE_BREAKDOWN,8,1,10,0,0.8660254037844387,-0.4999999999999998
2025-10-07 09:00:00+00:00,JP-TK,0.9854014598540146,2025-10-07T18:24:47.429Z,2025-10-06T01:41:36.561Z,lifecycle,True,MODE_BREAKDOWN,9,1,10,0,0.7071067811865476,-0.7071067811865475
2025-10-07 10:00:00+00:00,JP-TK,0.9854014598540146,2025-10-07T18:24:47.429Z,2025-10-06T01:41:49.934Z,lifecycle,True,MODE_BREAKDOWN,10,1,10,0,0.49999999999999994,-0.8660254037844387
2025-10-07 11:00:00+00:00,JP-TK,0.9817518248175181,2025-10-07T18:25:17.847Z,2025-10-06T01:42:01.083Z,lifecycle,True,MODE_BREAKDOWN,11,1,10,0,0.258819045102521,-0.9659258262890682
2025-10-07 12:00:00+00:00,JP-TK,0.9817518248175181,2025-10-08T00:25:46.766Z,2025-10-06T01:41:49.934Z,lifecycle,True,MODE_BREAKDOWN,12,1,10,0,1.2246467991473532e-16,-1.0
2025-10-07 13:00:00+00:00,JP-TK,0.9744525547445255,2025-10-08T00:26:08.414Z,2025-10-06T01:42:01.083Z,lifecycle,True,MODE_BREAKDOWN,13,1,10,0,-0.2588190451025208,-0.9659258262890683
2025-10-07 14:00:00+00:00,JP-TK,0.978102189781022,2025-10-14T00:32:35.029Z,2025-10-06T01:42:01.083Z,lifecycle,True,MODE_BREAKDOWN,14,1,10,0,-0.4999999999999997,-0.8660254037844388
2025-10-07 15:00:00+00:00,JP-TK,0.9744525547445255,2025-10-14T00:33:03.303Z,2025-10-06T01:42:01.083Z,lifecycle,True,MODE_BREAKDOWN,15,1,10,0,-0.7071067811865471,-0.7071067811865479
2025-10-07 16:00:00+00:00,JP-TK,0.9598540145985404,2025-10-08T00:25:46.766Z,2025-10-06T01:41:49.934Z,lifecycle,True,MODE_BREAKDOWN,16,1,10,0,-0.8660254037844385,-0.5000000000000004
2025-10-07 17:00:00+00:00,JP-TK,0.9598540145985404,2025-10-08T00:25:31.913Z,2025-10-07T01:55:46.059Z,lifecycle,True,MODE_BREAKDOWN,17,1,10,0,-0.9659258262890683,-0.25881904510252063
2025-10-07 18:00:00+00:00,JP-TK,0.9671532846715329,2025-10-08T07:25:44.469Z,2025-10-07T01:55:46.059Z,lifecycle,True,MODE_BREAKDOWN,18,1,10,0,-1.0,-1.8369701987210297e-16
2025-10-07 19:00:00+00:00,JP-TK,0.978102189781022,2025-10-08T07:25:12.477Z,2025-10-07T01:55:56.799Z,lifecycle,True,MODE_BREAKDOWN,19,1,10,0,-0.9659258262890684,0.2588190451025203
2025-10-07 20:00:00+00:00,JP-TK,0.9817518248175181,2025-10-08T07:25:12.477Z,2025-10-07T01:55:46.059Z,lifecycle,True,MODE_BREAKDOWN,20,1,10,0,-0.8660254037844386,0.5000000000000001
2025-10-07 21:00:00+00:00,JP-TK,0.9087591240875914,2025-10-08T07:25:12.477Z,2025-10-07T01:55:46.059Z,lifecycle,True,MODE_BREAKDOWN,21,1,10,0,-0.7071067811865477,0.7071067811865474
2025-10-07 22:00:00+00:00,JP-TK,0.6459854014598541,2025-10-08T07:25:28.664Z,2025-10-07T01:55:46.059Z,lifecycle,True,MODE_BREAKDOWN,22,1,10,0,-0.5000000000000004,0.8660254037844384
2025-10-07 23:00:00+00:00,JP-TK,0.4379562043795622,2025-10-08T07:25:28.664Z,2025-10-07T01:55:46.059Z,lifecycle,True,MODE_BREAKDOWN,23,1,10,0,-0.25881904510252157,0.9659258262890681
2025-10-08 00:00:00+00:00,JP-TK,0.2883211678832118,2025-10-08T12:25:16.536Z,2025-10-07T01:55:56.799Z,lifecycle,True,MODE_BREAKDOWN,0,2,10,0,0.0,1.0
2025-10-08 01:00:00+00:00,JP-TK,0.12408759124087587,2025-10-08T12:25:16.536Z,2025-10-07T01:55:30.009Z,lifecycle,True,MODE_BREAKDOWN,1,2,10,0,0.25881904510252074,0.9659258262890683
2025-10-08 02:00:00+00:00,JP-TK,0.1058394160583942,2025-10-08T12:25:16.536Z,2025-10-07T01:55:46.059Z,lifecycle,True,MODE_BREAKDOWN,2,2,10,0,0.49999999999999994,0.8660254037844387
2025-10-08 03:00:00+00:00,JP-TK,0.13503649635036497,2025-10-08T12:25:45.854Z,2025-10-07T01:55:46.059Z,lifecycle,True,MODE_BREAKDOWN,3,2,10,0,0.7071067811865476,0.7071067811865476
2025-10-08 04:00:00+00:00,JP-TK,0.33576642335766427,2025-10-08T12:25:30.111Z,2025-10-07T01:55:56.799Z,lifecycle,True,MODE_BREAKDOWN,4,2,10,0,0.8660254037844386,0.5000000000000001
2025-10-08 05:00:00+00:00,JP-TK,0.5474452554744527,2025-10-08T12:25:16.536Z,2025-10-07T01:55:56.799Z,lifecycle,True,MODE_BREAKDOWN,5,2,10,0,0.9659258262890683,0.25881904510252074
2025-10-08 06:00:00+00:00,JP-TK,0.7591240875912408,2025-10-08T18:25:26.877Z,2025-10-07T01:55:59.734Z,lifecycle,True,MODE_BREAKDOWN,6,2,10,0,1.0,6.123233995736766e-17
2025-10-08 07:00:00+00:00,JP-TK,0.9343065693430657,2025-10-08T18:25:43.319Z,2025-10-07T01:55:46.059Z,lifecycle,True,MODE_BREAKDOWN,7,2,10,0,0.9659258262890683,-0.25881904510252063
2025-10-08 08:00:00+00:00,JP-TK,0.9890510948905111,2025-10-08T18:25:26.877Z,2025-10-07T01:55:30.009Z,lifecycle,True,MODE_BREAKDOWN,8,2,10,0,0.8660254037844387,-0.4999999999999998
2025-10-08 09:00:00+00:00,JP-TK,0.9817518248175181,2025-10-08T18:25:12.237Z,2025-10-07T01:55:59.734Z,lifecycle,True,MODE_BREAKDOWN,9,2,10,0,0.7071067811865476,-0.7071067811865475
2025-10-08 10:00:00+00:00,JP-TK,0.978102189781022,2025-10-08T18:25:26.877Z,2025-10-07T01:55:30.009Z,lifecycle,True,MODE_BREAKDOWN,10,2,10,0,0.49999999999999994,-0.8660254037844387
2025-10-08 11:00:00+00:00,JP-TK,0.9744525547445255,2025-10-08T18:25:26.877Z,2025-10-07T01:55:30.009Z,lifecycle,True,MODE_BREAKDOWN,11,2,10,0,0.258819045102521,-0.9659258262890682
2025-10-08 12:00:00+00:00,JP-TK,0.9708029197080295,2025-10-09T00:26:10.602Z,2025-10-07T01:55:59.734Z,lifecycle,True,MODE_BREAKDOWN,12,2,10,0,1.2246467991473532e-16,-1.0
2025-10-08 13:00:00+00:00,JP-TK,0.9635036496350364,2025-10-09T00:25:55.624Z,2025-10-07T01:55:30.009Z,lifecycle,True,MODE_BREAKDOWN,13,2,10,0,-0.2588190451025208,-0.9659258262890683
2025-10-08 14:00:00+00:00,JP-TK,0.9635036496350364,2025-10-15T00:31:58.308Z,2025-10-07T01:55:30.009Z,lifecycle,True,MODE_BREAKDOWN,14,2,10,0,-0.4999999999999997,-0.8660254037844388
2025-10-08 15:00:00+00:00,JP-TK,0.9562043795620438,2025-10-15T00:32:03.089Z,2025-10-07T01:55:30.009Z,lifecycle,True,MODE_BREAKDOWN,15,2,10,0,-0.7071067811865471,-0.7071067811865479
2025-10-08 16:00:00+00:00,JP-TK,0.9452554744525548,2025-10-09T00:26:10.602Z,2025-10-07T01:55:30.009Z,lifecycle,True,MODE_BREAKDOWN,16,2,10,0,-0.8660254037844385,-0.5000000000000004
2025-10-08 17:00:00+00:00,JP-TK,0.9416058394160582,2025-10-09T00:25:37.921Z,2025-10-08T01:40:23.864Z,lifecycle,True,MODE_BREAKDOWN,17,2,10,0,-0.9659258262890683,-0.25881904510252063
2025-10-08 18:00:00+00:00,JP-TK,0.9416058394160582,2025-10-09T06:25:13.231Z,2025-10-08T01:40:09.180Z,lifecycle,True,MODE_BREAKDOWN,18,2,10,0,-1.0,-1.8369701987210297e-16
2025-10-08 19:00:00+00:00,JP-TK,0.9489051094890513,2025-10-09T06:25:45.144Z,2025-10-08T01:40:40.167Z,lifecycle,True,MODE_BREAKDOWN,19,2,10,0,-0.9659258262890684,0.2588190451025203
2025-10-08 20:00:00+00:00,JP-TK,0.9562043795620438,2025-10-09T06:25:13.231Z,2025-10-08T01:40:40.167Z,lifecycle,True,MODE_BREAKDOWN,20,2,10,0,-0.8660254037844386,0.5000000000000001
2025-10-08 21:00:00+00:00,JP-TK,0.9233576642335766,2025-10-09T06:25:45.144Z,2025-10-08T01:40:09.180Z,lifecycle,True,MODE_BREAKDOWN,21,2,10,0,-0.7071067811865477,0.7071067811865474
2025-10-08 22:00:00+00:00,JP-TK,0.8686131386861315,2025-10-09T06:25:13.231Z,2025-10-08T01:40:40.167Z,lifecycle,True,MODE_BREAKDOWN,22,2,10,0,-0.5000000000000004,0.8660254037844384
2025-10-08 23:00:00+00:00,JP-TK,0.7846715328467153,2025-10-09T06:25:45.144Z,2025-10-08T01:40:09.180Z,lifecycle,True,MODE_BREAKDOWN,23,2,10,0,-0.25881904510252157,0.9659258262890681
2025-10-09 00:00:00+00:00,JP-TK,0.6751824817518248,2025-10-09T12:25:37.686Z,2025-10-08T01:40:40.167Z,lifecycle,True,MODE_BREAKDOWN,0,3,10,0,0.0,1.0
2025-10-09 01:00:00+00:00,JP-TK,0.6459854014598541,2025-10-09T12:25:22.115Z,2025-10-08T01:40:23.864Z,lifecycle,True,MODE_BREAKDOWN,1,3,10,0,0.25881904510252074,0.9659258262890683
2025-10-09 02:00:00+00:00,JP-TK,0.5875912408759125,2025-10-09T12:25:52.179Z,2025-10-08T01:40:40.167Z,lifecycle,True,MODE_BREAKDOWN,2,3,10,0,0.49999999999999994,0.8660254037844387
2025-10-09 03:00:00+00:00,JP-TK,0.583941605839416,2025-10-09T12:25:37.686Z,2025-10-08T01:40:09.180Z,lifecycle,True,MODE_BREAKDOWN,3,3,10,0,0.7071067811865476,0.7071067811865476
2025-10-09 04:00:00+00:00,JP-TK,0.6569343065693432,2025-10-09T12:25:52.179Z,2025-10-08T01:40:09.180Z,lifecycle,True,MODE_BREAKDOWN,4,3,10,0,0.8660254037844386,0.5000000000000001
2025-10-09 05:00:00+00:00,JP-TK,0.6934306569343067,2025-10-09T12:25:52.179Z,2025-10-08T01:40:40.167Z,lifecycle,True,MODE_BREAKDOWN,5,3,10,0,0.9659258262890683,0.25881904510252074
2025-10-09 06:00:00+00:00,JP-TK,0.8065693430656935,2025-10-09T18:25:49.662Z,2025-10-08T01:40:23.864Z,lifecycle,True,MODE_BREAKDOWN,6,3,10,0,1.0,6.123233995736766e-17
2025-10-09 07:00:00+00:00,JP-TK,0.916058394160584,2025-10-09T18:25:49.662Z,2025-10-08T01:40:46.856Z,lifecycle,True,MODE_BREAKDOWN,7,3,10,0,0.9659258262890683,-0.25881904510252063
2025-10-09 08:00:00+00:00,JP-TK,0.9817518248175181,2025-10-09T18:26:05.898Z,2025-10-08T01:40:23.864Z,lifecycle,True,MODE_BREAKDOWN,8,3,10,0,0.8660254037844387,-0.4999999999999998
2025-10-09 09:00:00+00:00,JP-TK,0.9817518248175181,2025-10-09T18:26:23.808Z,2025-10-08T01:40:46.856Z,lifecycle,True,MODE_BREAKDOWN,9,3,10,0,0.7071067811865476,-0.7071067811865475
2025-10-09 10:00:00+00:00,JP-TK,0.9744525547445255,2025-10-09T18:25:49.662Z,2025-10-08T01:40:23.864Z,lifecycle,True,MODE_BREAKDOWN,10,3,10,0,0.49999999999999994,-0.8660254037844387
2025-10-09 11:00:00+00:00,JP-TK,0.9744525547445255,2025-10-09T18:26:05.898Z,2025-10-08T01:40:23.864Z,lifecycle,True,MODE_BREAKDOWN,11,3,10,0,0.258819045102521,-0.9659258262890682
2025-10-09 12:00:00+00:00,JP-TK,0.9744525547445255,2025-10-10T00:25:10.585Z,2025-10-08T01:40:46.856Z,lifecycle,True,MODE_BREAKDOWN,12,3,10,0,1.2246467991473532e-16,-1.0
2025-10-09 13:00:00+00:00,JP-TK,0.9671532846715329,2025-10-10T00:25:10.585Z,2025-10-08T01:40:23.864Z,lifecycle,True,MODE_BREAKDOWN,13,3,10,0,-0.2588190451025208,-0.9659258262890683
2025-10-09 14:00:00+00:00,JP-TK,0.9671532846715329,2025-10-16T00:33:44.353Z,2025-10-08T01:40:09.180Z,lifecycle,True,MODE_BREAKDOWN,14,3,10,0,-0.4999999999999997,-0.8660254037844388
2025-10-09 15:00:00+00:00,JP-TK,0.9671532846715329,2025-10-16T00:33:46.957Z,2025-10-08T01:40:46.856Z,lifecycle,True,MODE_BREAKDOWN,15,3,10,0,-0.7071067811865471,-0.7071067811865479
2025-10-09 16:00:00+00:00,JP-TK,0.9635036496350364,2025-10-10T00:24:56.083Z,2025-10-08T01:40:46.856Z,lifecycle,True,MODE_BREAKDOWN,16,3,10,0,-0.8660254037844385,-0.5000000000000004
2025-10-09 17:00:00+00:00,JP-TK,0.9671532846715329,2025-10-10T00:24:41.505Z,2025-10-09T01:41:18.752Z,lifecycle,True,MODE_BREAKDOWN,17,3,10,0,-0.9659258262890683,-0.25881904510252063
2025-10-09 18:00:00+00:00,JP-TK,0.9708029197080295,2025-10-10T06:25:36.275Z,2025-10-09T01:41:34.284Z,lifecycle,True,MODE_BREAKDOWN,18,3,10,0,-1.0,-1.8369701987210297e-16
2025-10-09 19:00:00+00:00,JP-TK,0.9744525547445255,2025-10-10T06:25:36.275Z,2025-10-09T01:41:18.752Z,lifecycle,True,MODE_BREAKDOWN,19,3,10,0,-0.9659258262890684,0.2588190451025203
2025-10-09 20:00:00+00:00,JP-TK,0.978102189781022,2025-10-10T06:26:13.461Z,2025-10-09T01:41:18.752Z,lifecycle,True,MODE_BREAKDOWN,20,3,10,0,-0.8660254037844386,0.5000000000000001
2025-10-09 21:00:00+00:00,JP-TK,0.916058394160584,2025-10-10T06:26:13.461Z,2025-10-09T01:41:01.549Z,lifecycle,True,MODE_BREAKDOWN,21,3,10,0,-0.7071067811865477,0.7071067811865474
2025-10-09 22:00:00+00:00,JP-TK,0.6496350364963503,2025-10-10T06:26:13.461Z,2025-10-09T01:41:34.284Z,lifecycle,True,MODE_BREAKDOWN,22,3,10,0,-0.5000000000000004,0.8660254037844384
2025-10-09 23:00:00+00:00,JP-TK,0.3795620437956204,2025-10-10T06:26:13.461Z,2025-10-09T01:41:01.549Z,lifecycle,True,MODE_BREAKDOWN,23,3,10,0,-0.25881904510252157,0.9659258262890681
2025-10-10 00:00:00+00:00,JP-TK,0.2080291970802921,2025-10-10T12:25:55.563Z,2025-10-09T01:41:18.752Z,lifecycle,True,MODE_BREAKDOWN,0,4,10,0,0.0,1.0
2025-10-10 01:00:00+00:00,JP-TK,0.12408759124087587,2025-10-10T12:25:25.803Z,2025-10-09T01:41:34.284Z,lifecycle,True,MODE_BREAKDOWN,1,4,10,0,0.25881904510252074,0.9659258262890683
2025-10-10 02:00:00+00:00,JP-TK,0.12773722627737238,2025-10-10T12:25:55.563Z,2025-10-09T01:41:01.549Z,lifecycle,True,MODE_BREAKDOWN,2,4,10,0,0.49999999999999994,0.8660254037844387
2025-10-10 03:00:00+00:00,JP-TK,0.14598540145985406,2025-10-10T12:25:55.563Z,2025-10-09T01:41:34.284Z,lifecycle,True,MODE_BREAKDOWN,3,4,10,0,0.7071067811865476,0.7071067811865476
2025-10-10 04:00:00+00:00,JP-TK,0.34306569343065707,2025-10-10T12:25:39.879Z,2025-10-09T01:41:01.549Z,lifecycle,True,MODE_BREAKDOWN,4,4,10,0,0.8660254037844386,0.5000000000000001
2025-10-10 05:00:00+00:00,JP-TK,0.6058394160583942,2025-10-10T12:25:39.879Z,2025-10-09T01:41:34.284Z,lifecycle,True,MODE_BREAKDOWN,5,4,10,0,0.9659258262890683,0.25881904510252074
2025-10-10 06:00:00+00:00,JP-TK,0.8138686131386861,2025-10-10T18:25:04.350Z,2025-10-09T01:41:18.752Z,lifecycle,True,MODE_BREAKDOWN,6,4,10,0,1.0,6.123233995736766e-17
2025-10-10 07:00:00+00:00,JP-TK,0.9343065693430657,2025-10-10T18:25:19.966Z,2025-10-09T01:41:18.752Z,lifecycle,True,MODE_BREAKDOWN,7,4,10,0,0.9659258262890683,-0.25881904510252063
2025-10-10 08:00:00+00:00,JP-TK,0.9890510948905111,2025-10-10T18:24:48.106Z,2025-10-09T01:41:39.640Z,lifecycle,True,MODE_BREAKDOWN,8,4,10,0,0.8660254037844387,-0.4999999999999998
2025-10-10 09:00:00+00:00,JP-TK,0.9854014598540146,2025-10-10T18:25:19.966Z,2025-10-09T01:41:18.752Z,lifecycle,True,MODE_BREAKDOWN,9,4,10,0,0.7071067811865476,-0.7071067811865475
2025-10-10 10:00:00+00:00,JP-TK,0.9817518248175181,2025-10-10T18:25:19.966Z,2025-10-09T01:41:01.549Z,lifecycle,True,MODE_BREAKDOWN,10,4,10,0,0.49999999999999994,-0.8660254037844387
2025-10-10 11:00:00+00:00,JP-TK,0.9854014598540146,2025-10-10T18:24:48.106Z,2025-10-09T01:41:18.752Z,lifecycle,True,MODE_BREAKDOWN,11,4,10,0,0.258819045102521,-0.9659258262890682
2025-10-10 12:00:00+00:00,JP-TK,0.9817518248175181,2025-10-11T00:25:24.758Z,2025-10-09T01:41:18.752Z,lifecycle,True,MODE_BREAKDOWN,12,4,10,0,1.2246467991473532e-16,-1.0
2025-10-10 13:00:00+00:00,JP-TK,0.9817518248175181,2025-10-11T00:24:54.687Z,2025-10-09T01:41:39.640Z,lifecycle,True,MODE_BREAKDOWN,13,4,10,0,-0.2588190451025208,-0.9659258262890683
2025-10-10 14:00:00+00:00,JP-TK,0.978102189781022,2025-10-17T00:31:36.742Z,2025-10-09T01:41:18.752Z,lifecycle,True,MODE_BREAKDOWN,14,4,10,0,-0.4999999999999997,-0.8660254037844388
2025-10-10 15:00:00+00:00,JP-TK,0.978102189781022,2025-10-17T00:31:59.973Z,2025-10-09T01:41:01.549Z,lifecycle,True,MODE_BREAKDOWN,15,4,10,0,-0.7071067811865471,-0.7071067811865479
2025-10-10 16:00:00+00:00,JP-TK,0.9708029197080295,2025-10-11T00:25:24.758Z,2025-10-09T01:41:18.752Z,lifecycle,True,MODE_BREAKDOWN,16,4,10,0,-0.8660254037844385,-0.5000000000000004
2025-10-10 17:00:00+00:00,JP-TK,0.9708029197080295,2025-10-11T00:24:54.687Z,2025-10-10T01:40:16.207Z,lifecycle,True,MODE_BREAKDOWN,17,4,10,0,-0.9659258262890683,-0.25881904510252063
2025-10-10 18:00:00+00:00,JP-TK,0.9708029197080295,2025-10-11T06:26:24.129Z,2025-10-10T01:40:34.531Z,lifecycle,True,MODE_BREAKDOWN,18,4,10,0,-1.0,-1.8369701987210297e-16
2025-10-10 19:00:00+00:00,JP-TK,0.9744525547445255,2025-10-11T06:26:46.462Z,2025-10-10T01:40:34.531Z,lifecycle,True,MODE_BREAKDOWN,19,4,10,0,-0.9659258262890684,0.2588190451025203
2025-10-10 20:00:00+00:00,JP-TK,0.9744525547445255,2025-10-11T06:26:36.922Z,2025-10-10T01:40:34.531Z,lifecycle,True,MODE_BREAKDOWN,20,4,10,0,-0.8660254037844386,0.5000000000000001
2025-10-10 21:00:00+00:00,JP-TK,0.9489051094890513,2025-10-11T06:26:46.462Z,2025-10-10T01:40:34.531Z,lifecycle,True,MODE_BREAKDOWN,21,4,10,0,-0.7071067811865477,0.7071067811865474
2025-10-10 22:00:00+00:00,JP-TK,0.9124087591240875,2025-10-11T06:26:24.129Z,2025-10-10T01:40:44.962Z,lifecycle,True,MODE_BREAKDOWN,22,4,10,0,-0.5000000000000004,0.8660254037844384
2025-10-10 23:00:00+00:00,JP-TK,0.8832116788321167,2025-10-11T06:26:24.129Z,2025-10-10T01:40:16.207Z,lifecycle,True,MODE_BREAKDOWN,23,4,10,0,-0.25881904510252157,0.9659258262890681
2025-10-11 00:00:00+00:00,JP-TK,0.8613138686131385,2025-10-11T12:25:14.768Z,2025-10-10T01:40:44.962Z,lifecycle,True,MODE_BREAKDOWN,0,5,10,1,0.0,1.0
2025-10-11 01:00:00+00:00,JP-TK,0.8430656934306568,2025-10-11T12:25:00.629Z,2025-10-10T01:40:34.531Z,lifecycle,True,MODE_BREAKDOWN,1,5,10,1,0.25881904510252074,0.9659258262890683
2025-10-11 02:00:00+00:00,JP-TK,0.8430656934306568,2025-10-11T12:25:14.768Z,2025-10-10T01:40:44.962Z,lifecycle,True,MODE_BREAKDOWN,2,5,10,1,0.49999999999999994,0.8660254037844387
2025-10-11 03:00:00+00:00,JP-TK,0.8576642335766425,2025-10-11T12:25:00.629Z,2025-10-10T01:40:16.207Z,lifecycle,True,MODE_BREAKDOWN,3,5,10,1,0.7071067811865476,0.7071067811865476
2025-10-11 04:00:00+00:00,JP-TK,0.8832116788321167,2025-10-11T12:25:31.312Z,2025-10-10T01:40:44.962Z,lifecycle,True,MODE_BREAKDOWN,4,5,10,1,0.8660254037844386,0.5000000000000001
2025-10-11 05:00:00+00:00,JP-TK,0.9197080291970805,2025-10-21T00:28:14.045Z,2025-10-10T01:40:44.962Z,lifecycle,True,MODE_BREAKDOWN,5,5,10,1,0.9659258262890683,0.25881904510252074
2025-10-11 06:00:00+00:00,JP-TK,0.9489051094890513,2025-10-21T00:28:37.203Z,2025-10-10T01:40:16.207Z,lifecycle,True,MODE_BREAKDOWN,6,5,10,1,1.0,6.123233995736766e-17
2025-10-11 07:00:00+00:00,JP-TK,0.9671532846715329,2025-10-11T18:25:07.513Z,2025-10-10T01:40:34.531Z,lifecycle,True,MODE_BREAKDOWN,7,5,10,1,0.9659258262890683,-0.25881904510252063
2025-10-11 08:00:00+00:00,JP-TK,0.978102189781022,2025-10-21T00:28:30.542Z,2025-10-10T01:40:34.531Z,lifecycle,True,MODE_BREAKDOWN,8,5,10,1,0.8660254037844387,-0.4999999999999998
2025-10-11 09:00:00+00:00,JP-TK,0.9744525547445255,2025-10-11T18:25:07.513Z,2025-10-10T01:40:48.544Z,lifecycle,True,MODE_BREAKDOWN,9,5,10,1,0.7071067811865476,-0.7071067811865475
2025-10-11 10:00:00+00:00,JP-TK,0.9671532846715329,2025-10-11T18:25:23.497Z,2025-10-10T01:40:48.544Z,lifecycle,True,MODE_BREAKDOWN,10,5,10,1,0.49999999999999994,-0.8660254037844387
2025-10-11 11:00:00+00:00,JP-TK,0.9671532846715329,2025-10-11T18:25:23.497Z,2025-10-10T01:40:48.544Z,lifecycle,True,MODE_BREAKDOWN,11,5,10,1,0.258819045102521,-0.9659258262890682
2025-10-11 12:00:00+00:00,JP-TK,0.9635036496350364,2025-10-12T00:26:19.321Z,2025-10-10T01:40:34.531Z,lifecycle,True,MODE_BREAKDOWN,12,5,10,1,1.2246467991473532e-16,-1.0
2025-10-11 13:00:00+00:00,JP-TK,0.9635036496350364,2025-10-21T00:28:30.542Z,2025-10-10T01:40:34.531Z,lifecycle,True,MODE_BREAKDOWN,13,5,10,1,-0.2588190451025208,-0.9659258262890683
2025-10-11 14:00:00+00:00,JP-TK,0.9598540145985404,2025-10-18T00:29:46.156Z,2025-10-10T01:40:48.544Z,lifecycle,True,MODE_BREAKDOWN,14,5,10,1,-0.4999999999999997,-0.8660254037844388
2025-10-11 15:00:00+00:00,JP-TK,0.9525547445255473,2025-10-18T00:29:51.850Z,2025-10-10T01:40:16.207Z,lifecycle,True,MODE_BREAKDOWN,15,5,10,1,-0.7071067811865471,-0.7071067811865479
2025-10-11 16:00:00+00:00,JP-TK,0.9489051094890513,2025-10-12T00:26:19.321Z,2025-10-10T01:40:48.544Z,lifecycle,True,MODE_BREAKDOWN,16,5,10,1,-0.8660254037844385,-0.5000000000000004
2025-10-11 17:00:00+00:00,JP-TK,0.9562043795620438,2025-10-12T00:26:03.159Z,2025-10-11T01:54:39.732Z,lifecycle,True,MODE_BREAKDOWN,17,5,10,1,-0.9659258262890683,-0.25881904510252063
2025-10-11 18:00:00+00:00,JP-TK,0.9635036496350364,2025-10-12T06:26:31.778Z,2025-10-11T01:54:54.704Z,lifecycle,True,MODE_BREAKDOWN,18,5,10,1,-1.0,-1.8369701987210297e-16
2025-10-11 19:00:00+00:00,JP-TK,0.9708029197080295,2025-10-12T06:26:45.294Z,2025-10-11T01:55:04.086Z,lifecycle,True,MODE_BREAKDOWN,19,5,10,1,-0.9659258262890684,0.2588190451025203
2025-10-11 20:00:00+00:00,JP-TK,0.9744525547445255,2025-10-12T06:26:45.294Z,2025-10-11T01:54:54.704Z,lifecycle,True,MODE_BREAKDOWN,20,5,10,1,-0.8660254037844386,0.5000000000000001
2025-10-11 21:00:00+00:00,JP-TK,0.8540145985401459,2025-10-12T06:26:31.778Z,2025-10-11T01:55:04.086Z,lifecycle,True,MODE_BREAKDOWN,21,5,10,1,-0.7071067811865477,0.7071067811865474
2025-10-11 22:00:00+00:00,JP-TK,0.5656934306569343,2025-10-12T06:26:31.778Z,2025-10-11T01:55:04.086Z,lifecycle,True,MODE_BREAKDOWN,22,5,10,1,-0.5000000000000004,0.8660254037844384
2025-10-11 23:00:00+00:00,JP-TK,0.3065693430656935,2025-10-12T06:26:57.240Z,2025-10-11T01:54:54.704Z,lifecycle,True,MODE_BREAKDOWN,23,5,10,1,-0.25881904510252157,0.9659258262890681
2025-10-12 00:00:00+00:00,JP-TK,0.14233576642335777,2025-10-12T12:26:13.221Z,2025-10-11T01:54:39.732Z,lifecycle,True,MODE_BREAKDOWN,0,6,10,1,0.0,1.0
2025-10-12 01:00:00+00:00,JP-TK,0.11678832116788329,2025-10-21T00:28:37.203Z,2025-10-11T01:54:39.732Z,lifecycle,True,MODE_BREAKDOWN,1,6,10,1,0.25881904510252074,0.9659258262890683
2025-10-12 02:00:00+00:00,JP-TK,0.08029197080291972,2025-10-12T12:26:13.221Z,2025-10-11T01:54:54.704Z,lifecycle,True,MODE_BREAKDOWN,2,6,10,1,0.49999999999999994,0.8660254037844387
2025-10-12 03:00:00+00:00,JP-TK,0.24452554744525545,2025-10-12T12:26:13.221Z,2025-10-11T01:55:04.086Z,lifecycle,True,MODE_BREAKDOWN,3,6,10,1,0.7071067811865476,0.7071067811865476
2025-10-12 04:00:00+00:00,JP-TK,0.37591240875912413,2025-10-21T00:28:37.203Z,2025-10-11T01:54:39.732Z,lifecycle,True,MODE_BREAKDOWN,4,6,10,1,0.8660254037844386,0.5000000000000001
2025-10-12 05:00:00+00:00,JP-TK,0.5255474452554745,2025-10-21T00:28:30.542Z,2025-10-11T01:55:04.086Z,lifecycle,True,MODE_BREAKDOWN,5,6,10,1,0.9659258262890683,0.25881904510252074
2025-10-12 06:00:00+00:00,JP-TK,0.7591240875912408,2025-10-12T18:25:46.842Z,2025-10-11T01:54:39.732Z,lifecycle,True,MODE_BREAKDOWN,6,6,10,1,1.0,6.123233995736766e-17
2025-10-12 07:00:00+00:00,JP-TK,0.9525547445255473,2025-10-21T00:28:14.045Z,2025-10-11T01:54:39.732Z,lifecycle,True,MODE_BREAKDOWN,7,6,10,1,0.9659258262890683,-0.25881904510252063
2025-10-12 08:00:00+00:00,JP-TK,0.9854014598540146,2025-10-21T00:28:30.542Z,2025-10-11T01:54:54.704Z,lifecycle,True,MODE_BREAKDOWN,8,6,10,1,0.8660254037844387,-0.4999999999999998
2025-10-12 09:00:00+00:00,JP-TK,0.9817518248175181,2025-10-12T18:26:02.481Z,2025-10-11T01:54:54.704Z,lifecycle,True,MODE_BREAKDOWN,9,6,10,1,0.7071067811865476,-0.7071067811865475
2025-10-12 10:00:00+00:00,JP-TK,0.9817518248175181,2025-10-21T00:28:14.045Z,2025-10-11T01:54:39.732Z,lifecycle,True,MODE_BREAKDOWN,10,6,10,1,0.49999999999999994,-0.8660254037844387
2025-10-12 11:00:00+00:00,JP-TK,0.978102189781022,2025-10-12T18:25:46.842Z,2025-10-11T01:54:54.704Z,lifecycle,True,MODE_BREAKDOWN,11,6,10,1,0.258819045102521,-0.9659258262890682
2025-10-12 12:00:00+00:00,JP-TK,0.9744525547445255,2025-10-13T00:26:50.114Z,2025-10-11T01:54:39.732Z,lifecycle,True,MODE_BREAKDOWN,12,6,10,1,1.2246467991473532e-16,-1.0
2025-10-12 13:00:00+00:00,JP-TK,0.9708029197080295,2025-10-13T00:26:50.114Z,2025-10-11T01:54:39.732Z,lifecycle,True,MODE_BREAKDOWN,13,6,10,1,-0.2588190451025208,-0.9659258262890683
2025-10-12 14:00:00+00:00,JP-TK,0.9744525547445255,2025-10-19T00:30:58.389Z,2025-10-11T01:54:39.732Z,lifecycle,True,MODE_BREAKDOWN,14,6,10,1,-0.4999999999999997,-0.8660254037844388
2025-10-12 15:00:00+00:00,JP-TK,0.9708029197080295,2025-10-19T00:31:09.610Z,2025-10-11T01:55:06.824Z,lifecycle,True,MODE_BREAKDOWN,15,6,10,1,-0.7071067811865471,-0.7071067811865479
2025-10-12 16:00:00+00:00,JP-TK,0.9671532846715329,2025-10-13T00:27:14.208Z,2025-10-11T01:54:39.732Z,lifecycle,True,MODE_BREAKDOWN,16,6,10,1,-0.8660254037844385,-0.5000000000000004
2025-10-12 17:00:00+00:00,JP-TK,0.9671532846715329,2025-10-13T00:26:50.114Z,2025-10-12T01:55:50.220Z,lifecycle,True,MODE_BREAKDOWN,17,6,10,1,-0.9659258262890683,-0.25881904510252063
2025-10-12 18:00:00+00:00,JP-TK,0.9671532846715329,2025-10-13T06:26:15.299Z,2025-10-12T01:55:28.951Z,lifecycle,True,MODE_BREAKDOWN,18,6,10,1,-1.0,-1.8369701987210297e-16
2025-10-12 19:00:00+00:00,JP-TK,0.9671532846715329,2025-10-13T06:25:44.329Z,2025-10-12T01:55:50.220Z,lifecycle,True,MODE_BREAKDOWN,19,6,10,1,-0.9659258262890684,0.2588190451025203
2025-10-12 20:00:00+00:00,JP-TK,0.9671532846715329,2025-10-13T06:26:15.299Z,2025-10-12T01:55:50.220Z,lifecycle,True,MODE_BREAKDOWN,20,6,10,1,-0.8660254037844386,0.5000000000000001
2025-10-12 21:00:00+00:00,JP-TK,0.8978102189781023,2025-10-13T06:26:15.299Z,2025-10-12T01:55:28.951Z,lifecycle,True,MODE_BREAKDOWN,21,6,10,1,-0.7071067811865477,0.7071067811865474
2025-10-12 22:00:00+00:00,JP-TK,0.7627737226277373,2025-10-13T06:26:15.299Z,2025-10-12T01:55:41.843Z,lifecycle,True,MODE_BREAKDOWN,22,6,10,1,-0.5000000000000004,0.8660254037844384
2025-10-12 23:00:00+00:00,JP-TK,0.6605839416058394,2025-10-13T06:25:44.329Z,2025-10-12T01:55:41.843Z,lifecycle,True,MODE_BREAKDOWN,23,6,10,1,-0.25881904510252157,0.9659258262890681
2025-10-13 00:00:00+00:00,JP-TK,0.5401459854014599,2025-10-13T12:25:33.920Z,2025-10-12T01:55:28.951Z,lifecycle,True,MODE_BREAKDOWN,0,0,10,0,0.0,1.0
2025-10-13 01:00:00+00:00,JP-TK,0.44525547445255476,2025-10-13T12:25:33.920Z,2025-10-12T01:55:28.951Z,lifecycle,True,MODE_BREAKDOWN,1,0,10,0,0.25881904510252074,0.9659258262890683
2025-10-13 02:00:00+00:00,JP-TK,0.4233576642335768,2025-10-13T12:25:19.569Z,2025-10-12T01:55:41.843Z,lifecycle,True,MODE_BREAKDOWN,2,0,10,0,0.49999999999999994,0.8660254037844387
2025-10-13 03:00:00+00:00,JP-TK,0.4124087591240877,2025-10-13T12:25:19.569Z,2025-10-12T01:55:41.843Z,lifecycle,True,MODE_BREAKDOWN,3,0,10,0,0.7071067811865476,0.7071067811865476
2025-10-13 04:00:00+00:00,JP-TK,0.5109489051094891,2025-10-21T00:28:44.876Z,2025-10-12T01:55:28.951Z,lifecycle,True,MODE_BREAKDOWN,4,0,10,0,0.8660254037844386,0.5000000000000001
2025-10-13 05:00:00+00:00,JP-TK,0.6167883211678833,2025-10-21T00:28:22.208Z,2025-10-12T01:55:50.220Z,lifecycle,True,MODE_BREAKDOWN,5,0,10,0,0.9659258262890683,0.25881904510252074
2025-10-13 06:00:00+00:00,JP-TK,0.7554744525547445,2025-10-13T18:24:54.942Z,2025-10-12T01:55:50.220Z,lifecycle,True,MODE_BREAKDOWN,6,0,10,0,1.0,6.123233995736766e-17
2025-10-13 07:00:00+00:00,JP-TK,0.9233576642335766,2025-10-13T18:25:08.297Z,2025-10-12T01:55:52.997Z,lifecycle,True,MODE_BREAKDOWN,7,0,10,0,0.9659258262890683,-0.25881904510252063
2025-10-13 08:00:00+00:00,JP-TK,0.9671532846715329,2025-10-13T18:24:54.942Z,2025-10-12T01:55:41.843Z,lifecycle,True,MODE_BREAKDOWN,8,0,10,0,0.8660254037844387,-0.4999999999999998
2025-10-13 09:00:00+00:00,JP-TK,0.9708029197080295,2025-10-21T00:28:35.455Z,2025-10-12T01:55:41.843Z,lifecycle,True,MODE_BREAKDOWN,9,0,10,0,0.7071067811865476,-0.7071067811865475
2025-10-13 10:00:00+00:00,JP-TK,0.9671532846715329,2025-10-13T18:25:22.888Z,2025-10-12T01:55:41.843Z,lifecycle,True,MODE_BREAKDOWN,10,0,10,0,0.49999999999999994,-0.8660254037844387
2025-10-13 11:00:00+00:00,JP-TK,0.9598540145985404,2025-10-13T18:24:54.942Z,2025-10-12T01:55:41.843Z,lifecycle,True,MODE_BREAKDOWN,11,0,10,0,0.258819045102521,-0.9659258262890682
2025-10-13 12:00:00+00:00,JP-TK,0.9635036496350364,2025-10-21T00:28:22.208Z,2025-10-12T01:55:28.951Z,lifecycle,True,MODE_BREAKDOWN,12,0,10,0,1.2246467991473532e-16,-1.0
2025-10-13 13:00:00+00:00,JP-TK,0.9635036496350364,2025-10-21T00:28:44.876Z,2025-10-12T01:55:28.951Z,lifecycle,True,MODE_BREAKDOWN,13,0,10,0,-0.2588190451025208,-0.9659258262890683
2025-10-13 14:00:00+00:00,JP-TK,0.9635036496350364,2025-10-20T00:29:31.550Z,2025-10-12T01:55:28.951Z,lifecycle,True,MODE_BREAKDOWN,14,0,10,0,-0.4999999999999997,-0.8660254037844388
2025-10-13 15:00:00+00:00,JP-TK,0.9489051094890513,2025-10-20T00:29:31.550Z,2025-10-12T01:55:28.951Z,lifecycle,True,MODE_BREAKDOWN,15,0,10,0,-0.7071067811865471,-0.7071067811865479
2025-10-13 16:00:00+00:00,JP-TK,0.9416058394160582,2025-10-14T00:25:10.102Z,2025-10-12T01:55:28.951Z,lifecycle,True,MODE_BREAKDOWN,16,0,10,0,-0.8660254037844385,-0.5000000000000004
2025-10-13 17:00:00+00:00,JP-TK,0.9452554744525548,2025-10-14T00:25:25.264Z,2025-10-13T01:55:49.843Z,lifecycle,True,MODE_BREAKDOWN,17,0,10,0,-0.9659258262890683,-0.25881904510252063
2025-10-13 18:00:00+00:00,JP-TK,0.9562043795620438,2025-10-14T06:26:22.562Z,2025-10-13T01:56:16.163Z,lifecycle,True,MODE_BREAKDOWN,18,0,10,0,-1.0,-1.8369701987210297e-16
2025-10-13 19:00:00+00:00,JP-TK,0.9598540145985404,2025-10-14T06:25:50.929Z,2025-10-13T01:55:49.843Z,lifecycle,True,MODE_BREAKDOWN,19,0,10,0,-0.9659258262890684,0.2588190451025203
2025-10-13 20:00:00+00:00,JP-TK,0.9598540145985404,2025-10-14T06:26:22.562Z,2025-10-13T01:56:16.163Z,lifecycle,True,MODE_BREAKDOWN,20,0,10,0,-0.8660254037844386,0.5000000000000001
2025-10-13 21:00:00+00:00,JP-TK,0.8722627737226276,2025-10-14T06:26:07.617Z,2025-10-13T01:56:06.055Z,lifecycle,True,MODE_BREAKDOWN,21,0,10,0,-0.7071067811865477,0.7071067811865474
2025-10-13 22:00:00+00:00,JP-TK,0.6897810218978102,2025-10-14T06:25:50.929Z,2025-10-13T01:56:16.163Z,lifecycle,True,MODE_BREAKDOWN,22,0,10,0,-0.5000000000000004,0.8660254037844384
2025-10-13 23:00:00+00:00,JP-TK,0.5802919708029197,2025-10-14T06:25:50.929Z,2025-10-13T01:56:16.163Z,lifecycle,True,MODE_BREAKDOWN,23,0,10,0,-0.25881904510252157,0.9659258262890681
2025-10-14 00:00:00+00:00,JP-TK,0.5656934306569343,2025-10-14T12:25:48.421Z,2025-10-13T01:56:06.055Z,lifecycle,True,MODE_BREAKDOWN,0,1,10,0,0.0,1.0
2025-10-14 01:00:00+00:00,JP-TK,0.5948905109489051,2025-10-14T12:25:16.430Z,2025-10-13T01:55:49.843Z,lifecycle,True,MODE_BREAKDOWN,1,1,10,0,0.25881904510252074,0.9659258262890683
2025-10-14 02:00:00+00:00,JP-TK,0.6204379562043796,2025-10-14T12:25:16.430Z,2025-10-13T01:56:16.163Z,lifecycle,True,MODE_BREAKDOWN,2,1,10,0,0.49999999999999994,0.8660254037844387
2025-10-14 03:00:00+00:00,JP-TK,0.7043795620437956,2025-10-14T12:25:16.430Z,2025-10-13T01:55:49.843Z,lifecycle,True,MODE_BREAKDOWN,3,1,10,0,0.7071067811865476,0.7071067811865476
2025-10-14 04:00:00+00:00,JP-TK,0.7883211678832118,2025-10-14T12:25:16.430Z,2025-10-13T01:56:16.163Z,lifecycle,True,MODE_BREAKDOWN,4,1,10,0,0.8660254037844386,0.5000000000000001
2025-10-14 05:00:00+00:00,JP-TK,0.8759124087591241,2025-10-14T12:25:16.430Z,2025-10-13T01:56:16.163Z,lifecycle,True,MODE_BREAKDOWN,5,1,10,0,0.9659258262890683,0.25881904510252074
2025-10-14 06:00:00+00:00,JP-TK,0.9452554744525548,2025-10-14T18:30:44.357Z,2025-10-13T01:56:16.163Z,lifecycle,True,MODE_BREAKDOWN,6,1,10,0,1.0,6.123233995736766e-17
2025-10-14 07:00:00+00:00,JP-TK,0.978102189781022,2025-10-14T18:31:19.880Z,2025-10-13T01:56:06.055Z,lifecycle,True,MODE_BREAKDOWN,7,1,10,0,0.9659258262890683,-0.25881904510252063
2025-10-14 08:00:00+00:00,JP-TK,0.9854014598540146,2025-10-14T18:31:19.880Z,2025-10-13T01:55:49.843Z,lifecycle,True,MODE_BREAKDOWN,8,1,10,0,0.8660254037844387,-0.4999999999999998
2025-10-14 09:00:00+00:00,JP-TK,0.9817518248175181,2025-10-14T18:30:44.357Z,2025-10-13T01:56:06.055Z,lifecycle,True,MODE_BREAKDOWN,9,1,10,0,0.7071067811865476,-0.7071067811865475
2025-10-14 10:00:00+00:00,JP-TK,0.9854014598540146,2025-10-14T18:31:40.364Z,2025-10-13T01:56:06.055Z,lifecycle,True,MODE_BREAKDOWN,10,1,10,0,0.49999999999999994,-0.8660254037844387
2025-10-14 11:00:00+00:00,JP-TK,0.9817518248175181,2025-10-14T18:30:44.357Z,2025-10-13T01:56:06.055Z,lifecycle,True,MODE_BREAKDOWN,11,1,10,0,0.258819045102521,-0.9659258262890682
2025-10-14 12:00:00+00:00,JP-TK,0.9744525547445255,2025-10-15T00:25:44.561Z,2025-10-13T01:56:19.458Z,lifecycle,True,MODE_BREAKDOWN,12,1,10,0,1.2246467991473532e-16,-1.0
2025-10-14 13:00:00+00:00,JP-TK,0.9744525547445255,2025-10-15T00:25:18.688Z,2025-10-13T01:56:19.458Z,lifecycle,True,MODE_BREAKDOWN,13,1,10,0,-0.2588190451025208,-0.9659258262890683
2025-10-14 14:00:00+00:00,JP-TK,0.9744525547445255,2025-10-21T00:28:26.862Z,2025-10-13T01:55:49.843Z,lifecycle,True,MODE_BREAKDOWN,14,1,10,0,-0.4999999999999997,-0.8660254037844388
2025-10-14 15:00:00+00:00,JP-TK,0.9708029197080295,2025-10-21T00:28:48.840Z,2025-10-13T01:56:06.055Z,lifecycle,True,MODE_BREAKDOWN,15,1,10,0,-0.7071067811865471,-0.7071067811865479
2025-10-14 16:00:00+00:00,JP-TK,0.9671532846715329,2025-10-15T00:25:33.097Z,2025-10-13T01:56:06.055Z,lifecycle,True,MODE_BREAKDOWN,16,1,10,0,-0.8660254037844385,-0.5000000000000004
2025-10-14 17:00:00+00:00,JP-TK,0.9635036496350364,2025-10-15T00:25:44.561Z,2025-10-14T01:39:41.919Z,lifecycle,True,MODE_BREAKDOWN,17,1,10,0,-0.9659258262890683,-0.25881904510252063
2025-10-14 18:00:00+00:00,JP-TK,0.9671532846715329,2025-10-15T06:25:52.463Z,2025-10-14T01:39:59.071Z,lifecycle,True,MODE_BREAKDOWN,18,1,10,0,-1.0,-1.8369701987210297e-16
2025-10-14 19:00:00+00:00,JP-TK,0.9671532846715329,2025-10-15T06:26:22.217Z,2025-10-14T01:39:59.071Z,lifecycle,True,MODE_BREAKDOWN,19,1,10,0,-0.9659258262890684,0.2588190451025203
2025-10-14 20:00:00+00:00,JP-TK,0.9671532846715329,2025-10-15T06:26:22.217Z,2025-10-14T01:40:08.280Z,lifecycle,True,MODE_BREAKDOWN,20,1,10,0,-0.8660254037844386,0.5000000000000001
2025-10-14 21:00:00+00:00,JP-TK,0.9233576642335766,2025-10-15T06:25:52.463Z,2025-10-14T01:39:41.919Z,lifecycle,True,MODE_BREAKDOWN,21,1,10,0,-0.7071067811865477,0.7071067811865474
2025-10-14 22:00:00+00:00,JP-TK,0.7773722627737227,2025-10-15T06:26:07.181Z,2025-10-14T01:40:08.280Z,lifecycle,True,MODE_BREAKDOWN,22,1,10,0,-0.5000000000000004,0.8660254037844384
2025-10-14 23:00:00+00:00,JP-TK,0.6532846715328469,2025-10-21T00:28:26.862Z,2025-10-14T01:39:59.071Z,lifecycle,True,MODE_BREAKDOWN,23,1,10,0,-0.25881904510252157,0.9659258262890681
2025-10-15 00:00:00+00:00,JP-TK,0.562043795620438,2025-10-15T12:25:07.541Z,2025-10-14T01:39:59.071Z,lifecycle,True,MODE_BREAKDOWN,0,2,10,0,0.0,1.0
2025-10-15 01:00:00+00:00,JP-TK,0.45620437956204385,2025-10-15T12:25:35.856Z,2025-10-14T01:39:59.071Z,lifecycle,True,MODE_BREAKDOWN,1,2,10,0,0.25881904510252074,0.9659258262890683
2025-10-15 02:00:00+00:00,JP-TK,0.3978102189781023,2025-10-15T12:25:22.227Z,2025-10-14T01:40:08.280Z,lifecycle,True,MODE_BREAKDOWN,2,2,10,0,0.49999999999999994,0.8660254037844387
2025-10-15 03:00:00+00:00,JP-TK,0.35036496350364965,2025-10-15T12:25:22.227Z,2025-10-14T01:39:41.919Z,lifecycle,True,MODE_BREAKDOWN,3,2,10,0,0.7071067811865476,0.7071067811865476
2025-10-15 04:00:00+00:00,JP-TK,0.4744525547445255,2025-10-15T12:25:07.541Z,2025-10-14T01:39:59.071Z,lifecycle,True,MODE_BREAKDOWN,4,2,10,0,0.8660254037844386,0.5000000000000001
2025-10-15 05:00:00+00:00,JP-TK,0.6204379562043796,2025-10-15T12:25:22.227Z,2025-10-14T01:40:08.280Z,lifecycle,True,MODE_BREAKDOWN,5,2,10,0,0.9659258262890683,0.25881904510252074
2025-10-15 06:00:00+00:00,JP-TK,0.7992700729927007,2025-10-15T18:25:16.214Z,2025-10-14T01:40:11.056Z,lifecycle,True,MODE_BREAKDOWN,6,2,10,0,1.0,6.123233995736766e-17
2025-10-15 07:00:00+00:00,JP-TK,0.9489051094890513,2025-10-22T00:44:06.671Z,2025-10-14T01:39:59.071Z,lifecycle,True,MODE_BREAKDOWN,7,2,10,0,0.9659258262890683,-0.25881904510252063
2025-10-15 08:00:00+00:00,JP-TK,0.9854014598540146,2025-10-22T00:44:26.950Z,2025-10-14T01:39:59.071Z,lifecycle,True,MODE_BREAKDOWN,8,2,10,0,0.8660254037844387,-0.4999999999999998
2025-10-15 09:00:00+00:00,JP-TK,0.9817518248175181,2025-10-22T00:44:26.950Z,2025-10-14T01:40:11.056Z,lifecycle,True,MODE_BREAKDOWN,9,2,10,0,0.7071067811865476,-0.7071067811865475
2025-10-15 10:00:00+00:00,JP-TK,0.9744525547445255,2025-10-22T00:44:11.106Z,2025-10-14T01:40:11.056Z,lifecycle,True,MODE_BREAKDOWN,10,2,10,0,0.49999999999999994,-0.8660254037844387
2025-10-15 11:00:00+00:00,JP-TK,0.9744525547445255,2025-10-22T00:44:30.756Z,2025-10-14T01:39:41.919Z,lifecycle,True,MODE_BREAKDOWN,11,2,10,0,0.258819045102521,-0.9659258262890682
2025-10-15 12:00:00+00:00,JP-TK,0.9744525547445255,2025-10-22T00:44:30.756Z,2025-10-14T01:40:11.056Z,lifecycle,True,MODE_BREAKDOWN,12,2,10,0,1.2246467991473532e-16,-1.0
2025-10-15 13:00:00+00:00,JP-TK,0.9744525547445255,2025-10-22T00:44:11.106Z,2025-10-14T01:39:59.071Z,lifecycle,True,MODE_BREAKDOWN,13,2,10,0,-0.2588190451025208,-0.9659258262890683
2025-10-15 14:00:00+00:00,JP-TK,0.9744525547445255,2025-10-22T00:44:11.106Z,2025-10-14T01:40:11.056Z,lifecycle,True,MODE_BREAKDOWN,14,2,10,0,-0.4999999999999997,-0.8660254037844388
2025-10-15 15:00:00+00:00,JP-TK,0.9635036496350364,2025-10-22T00:44:30.756Z,2025-10-14T01:40:11.056Z,lifecycle,True,MODE_BREAKDOWN,15,2,10,0,-0.7071067811865471,-0.7071067811865479
2025-10-15 16:00:00+00:00,JP-TK,0.9562043795620438,2025-10-16T00:25:32.183Z,2025-10-14T01:39:59.071Z,lifecycle,True,MODE_BREAKDOWN,16,2,10,0,-0.8660254037844385,-0.5000000000000004
2025-10-15 17:00:00+00:00,JP-TK,0.9598540145985404,2025-10-16T00:25:13.836Z,2025-10-15T01:41:42.843Z,lifecycle,True,MODE_BREAKDOWN,17,2,10,0,-0.9659258262890683,-0.25881904510252063
2025-10-15 18:00:00+00:00,JP-TK,0.9671532846715329,2025-10-16T06:25:13.866Z,2025-10-15T01:41:50.720Z,lifecycle,True,MODE_BREAKDOWN,18,2,10,0,-1.0,-1.8369701987210297e-16
2025-10-15 19:00:00+00:00,JP-TK,0.978102189781022,2025-10-16T06:25:13.866Z,2025-10-15T01:41:32.389Z,lifecycle,True,MODE_BREAKDOWN,19,2,10,0,-0.9659258262890684,0.2588190451025203
2025-10-15 20:00:00+00:00,JP-TK,0.9817518248175181,2025-10-22T00:44:30.756Z,2025-10-15T01:41:42.843Z,lifecycle,True,MODE_BREAKDOWN,20,2,10,0,-0.8660254037844386,0.5000000000000001
2025-10-15 21:00:00+00:00,JP-TK,0.9489051094890513,2025-10-16T06:25:13.866Z,2025-10-15T01:41:32.389Z,lifecycle,True,MODE_BREAKDOWN,21,2,10,0,-0.7071067811865477,0.7071067811865474
2025-10-15 22:00:00+00:00,JP-TK,0.8905109489051097,2025-10-22T00:44:11.106Z,2025-10-15T01:41:32.389Z,lifecycle,True,MODE_BREAKDOWN,22,2,10,0,-0.5000000000000004,0.8660254037844384
2025-10-15 23:00:00+00:00,JP-TK,0.8321167883211678,2025-10-22T00:44:30.756Z,2025-10-15T01:41:50.720Z,lifecycle,True,MODE_BREAKDOWN,23,2,10,0,-0.25881904510252157,0.9659258262890681
2025-10-16 00:00:00+00:00,JP-TK,0.7919708029197081,2025-10-23T00:32:48.486Z,2025-10-15T01:41:32.389Z,lifecycle,True,MODE_BREAKDOWN,0,3,10,0,0.0,1.0
2025-10-16 01:00:00+00:00,JP-TK,0.781021897810219,2025-10-16T12:25:39.003Z,2025-10-15T01:41:42.843Z,lifecycle,True,MODE_BREAKDOWN,1,3,10,0,0.25881904510252074,0.9659258262890683
2025-10-16 02:00:00+00:00,JP-TK,0.7919708029197081,2025-10-16T12:25:14.091Z,2025-10-15T01:41:42.843Z,lifecycle,True,MODE_BREAKDOWN,2,3,10,0,0.49999999999999994,0.8660254037844387
2025-10-16 03:00:00+00:00,JP-TK,0.8138686131386861,2025-10-16T12:25:26.237Z,2025-10-15T01:41:50.720Z,lifecycle,True,MODE_BREAKDOWN,3,3,10,0,0.7071067811865476,0.7071067811865476
2025-10-16 04:00:00+00:00,JP-TK,0.8613138686131385,2025-10-23T00:32:52.736Z,2025-10-15T01:41:42.843Z,lifecycle,True,MODE_BREAKDOWN,4,3,10,0,0.8660254037844386,0.5000000000000001
2025-10-16 05:00:00+00:00,JP-TK,0.8905109489051097,2025-10-16T12:25:14.091Z,2025-10-15T01:41:50.720Z,lifecycle,True,MODE_BREAKDOWN,5,3,10,0,0.9659258262890683,0.25881904510252074
2025-10-16 06:00:00+00:00,JP-TK,0.9525547445255473,2025-10-16T18:25:21.730Z,2025-10-15T01:41:50.720Z,lifecycle,True,MODE_BREAKDOWN,6,3,10,0,1.0,6.123233995736766e-17
2025-10-16 07:00:00+00:00,JP-TK,0.9854014598540146,2025-10-16T18:25:06.291Z,2025-10-15T01:41:42.843Z,lifecycle,True,MODE_BREAKDOWN,7,3,10,0,0.9659258262890683,-0.25881904510252063
2025-10-16 08:00:00+00:00,JP-TK,0.9890510948905111,2025-10-16T18:25:35.045Z,2025-10-15T01:41:54.368Z,lifecycle,True,MODE_BREAKDOWN,8,3,10,0,0.8660254037844387,-0.4999999999999998
2025-10-16 09:00:00+00:00,JP-TK,0.9854014598540146,2025-10-23T00:32:34.247Z,2025-10-15T01:41:42.843Z,lifecycle,True,MODE_BREAKDOWN,9,3,10,0,0.7071067811865476,-0.7071067811865475
2025-10-16 10:00:00+00:00,JP-TK,0.9817518248175181,2025-10-16T18:25:21.730Z,2025-10-15T01:41:32.389Z,lifecycle,True,MODE_BREAKDOWN,10,3,10,0,0.49999999999999994,-0.8660254037844387
2025-10-16 11:00:00+00:00,JP-TK,0.978102189781022,2025-10-16T18:25:21.730Z,2025-10-15T01:41:54.368Z,lifecycle,True,MODE_BREAKDOWN,11,3,10,0,0.258819045102521,-0.9659258262890682
2025-10-16 12:00:00+00:00,JP-TK,0.9744525547445255,2025-10-23T00:32:34.247Z,2025-10-15T01:41:32.389Z,lifecycle,True,MODE_BREAKDOWN,12,3,10,0,1.2246467991473532e-16,-1.0
2025-10-16 13:00:00+00:00,JP-TK,0.9708029197080295,2025-10-23T00:32:34.247Z,2025-10-15T01:41:32.389Z,lifecycle,True,MODE_BREAKDOWN,13,3,10,0,-0.2588190451025208,-0.9659258262890683
2025-10-16 14:00:00+00:00,JP-TK,0.9708029197080295,2025-10-23T00:32:34.247Z,2025-10-15T01:41:42.843Z,lifecycle,True,MODE_BREAKDOWN,14,3,10,0,-0.4999999999999997,-0.8660254037844388
2025-10-16 15:00:00+00:00,JP-TK,0.9671532846715329,2025-10-23T00:32:56.528Z,2025-10-15T01:41:32.389Z,lifecycle,True,MODE_BREAKDOWN,15,3,10,0,-0.7071067811865471,-0.7071067811865479
2025-10-16 16:00:00+00:00,JP-TK,0.9598540145985404,2025-10-17T00:26:41.804Z,2025-10-15T01:41:42.843Z,lifecycle,True,MODE_BREAKDOWN,16,3,10,0,-0.8660254037844385,-0.5000000000000004
2025-10-16 17:00:00+00:00,JP-TK,0.9635036496350364,2025-10-17T00:26:09.606Z,2025-10-16T01:40:23.933Z,lifecycle,True,MODE_BREAKDOWN,17,3,10,0,-0.9659258262890683,-0.25881904510252063
2025-10-16 18:00:00+00:00,JP-TK,0.9671532846715329,2025-10-17T06:25:12.456Z,2025-10-16T01:40:05.334Z,lifecycle,True,MODE_BREAKDOWN,18,3,10,0,-1.0,-1.8369701987210297e-16
2025-10-16 19:00:00+00:00,JP-TK,0.9708029197080295,2025-10-17T06:24:58.994Z,2025-10-16T01:40:05.334Z,lifecycle,True,MODE_BREAKDOWN,19,3,10,0,-0.9659258262890684,0.2588190451025203
2025-10-16 20:00:00+00:00,JP-TK,0.9708029197080295,2025-10-17T06:24:58.994Z,2025-10-16T01:40:32.503Z,lifecycle,True,MODE_BREAKDOWN,20,3,10,0,-0.8660254037844386,0.5000000000000001
2025-10-16 21:00:00+00:00,JP-TK,0.8576642335766425,2025-10-17T06:25:22.943Z,2025-10-16T01:40:05.334Z,lifecycle,True,MODE_BREAKDOWN,21,3,10,0,-0.7071067811865477,0.7071067811865474
2025-10-16 22:00:00+00:00,JP-TK,0.5401459854014599,2025-10-17T06:24:58.994Z,2025-10-16T01:40:23.933Z,lifecycle,True,MODE_BREAKDOWN,22,3,10,0,-0.5000000000000004,0.8660254037844384
2025-10-16 23:00:00+00:00,JP-TK,0.27737226277372273,2025-10-23T00:32:56.528Z,2025-10-16T01:40:32.503Z,lifecycle,True,MODE_BREAKDOWN,23,3,10,0,-0.25881904510252157,0.9659258262890681
2025-10-17 00:00:00+00:00,JP-TK,0.12408759124087587,2025-10-24T00:32:25.343Z,2025-10-16T01:40:05.334Z,lifecycle,True,MODE_BREAKDOWN,0,4,10,0,0.0,1.0
2025-10-17 01:00:00+00:00,JP-TK,0.051094890510948954,2025-10-17T12:25:16.471Z,2025-10-16T01:40:05.334Z,lifecycle,True,MODE_BREAKDOWN,1,4,10,0,0.25881904510252074,0.9659258262890683
2025-10-17 02:00:00+00:00,JP-TK,0.06569343065693434,2025-10-17T12:25:36.268Z,2025-10-16T01:40:23.933Z,lifecycle,True,MODE_BREAKDOWN,2,4,10,0,0.49999999999999994,0.8660254037844387
2025-10-17 03:00:00+00:00,JP-TK,0.08759124087591252,2025-10-17T12:25:16.471Z,2025-10-16T01:40:05.334Z,lifecycle,True,MODE_BREAKDOWN,3,4,10,0,0.7071067811865476,0.7071067811865476
2025-10-17 04:00:00+00:00,JP-TK,0.23722627737226287,2025-10-24T00:32:59.925Z,2025-10-16T01:40:05.334Z,lifecycle,True,MODE_BREAKDOWN,4,4,10,0,0.8660254037844386,0.5000000000000001
2025-10-17 05:00:00+00:00,JP-TK,0.4233576642335768,2025-10-17T12:25:16.471Z,2025-10-16T01:40:32.503Z,lifecycle,True,MODE_BREAKDOWN,5,4,10,0,0.9659258262890683,0.25881904510252074
2025-10-17 06:00:00+00:00,JP-TK,0.6934306569343067,2025-10-24T00:32:25.343Z,2025-10-16T01:40:05.334Z,lifecycle,True,MODE_BREAKDOWN,6,4,10,0,1.0,6.123233995736766e-17
2025-10-17 07:00:00+00:00,JP-TK,0.9489051094890513,2025-10-24T00:32:47.570Z,2025-10-16T01:40:35.457Z,lifecycle,True,MODE_BREAKDOWN,7,4,10,0,0.9659258262890683,-0.25881904510252063
2025-10-17 08:00:00+00:00,JP-TK,0.9963503649635037,2025-10-17T18:25:12.499Z,2025-10-16T01:40:35.457Z,lifecycle,True,MODE_BREAKDOWN,8,4,10,0,0.8660254037844387,-0.4999999999999998
2025-10-17 09:00:00+00:00,JP-TK,0.9963503649635037,2025-10-24T00:33:03.534Z,2025-10-16T01:40:23.933Z,lifecycle,True,MODE_BREAKDOWN,9,4,10,0,0.7071067811865476,-0.7071067811865475
2025-10-17 10:00:00+00:00,JP-TK,0.9890510948905111,2025-10-24T00:32:30.046Z,2025-10-16T01:40:35.457Z,lifecycle,True,MODE_BREAKDOWN,10,4,10,0,0.49999999999999994,-0.8660254037844387
2025-10-17 11:00:00+00:00,JP-TK,0.9890510948905111,2025-10-17T18:25:12.499Z,2025-10-16T01:40:35.457Z,lifecycle,True,MODE_BREAKDOWN,11,4,10,0,0.258819045102521,-0.9659258262890682
2025-10-17 12:00:00+00:00,JP-TK,0.9927007299270072,2025-10-20T11:56:08.788Z,2025-10-16T01:40:05.334Z,lifecycle,True,MODE_BREAKDOWN,12,4,10,0,1.2246467991473532e-16,-1.0
2025-10-17 13:00:00+00:00,JP-TK,0.9927007299270072,2025-10-20T11:56:00.528Z,2025-10-16T01:40:23.933Z,lifecycle,True,MODE_BREAKDOWN,13,4,10,0,-0.2588190451025208,-0.9659258262890683
2025-10-17 14:00:00+00:00,JP-TK,0.9963503649635037,2025-10-24T00:33:03.534Z,2025-10-16T01:40:23.933Z,lifecycle,True,MODE_BREAKDOWN,14,4,10,0,-0.4999999999999997,-0.8660254037844388
2025-10-17 15:00:00+00:00,JP-TK,0.9854014598540146,2025-10-24T00:32:51.360Z,2025-10-16T01:40:23.933Z,lifecycle,True,MODE_BREAKDOWN,15,4,10,0,-0.7071067811865471,-0.7071067811865479
2025-10-17 16:00:00+00:00,JP-TK,0.978102189781022,2025-10-18T00:25:18.670Z,2025-10-16T01:40:35.457Z,lifecycle,True,MODE_BREAKDOWN,16,4,10,0,-0.8660254037844385,-0.5000000000000004
2025-10-17 17:00:00+00:00,JP-TK,0.9817518248175181,2025-10-18T00:25:06.643Z,2025-10-17T01:55:32.684Z,lifecycle,True,MODE_BREAKDOWN,17,4,10,0,-0.9659258262890683,-0.25881904510252063
2025-10-17 18:00:00+00:00,JP-TK,0.9854014598540146,2025-10-18T06:26:41.190Z,2025-10-17T01:55:40.894Z,lifecycle,True,MODE_BREAKDOWN,18,4,10,0,-1.0,-1.8369701987210297e-16
2025-10-17 19:00:00+00:00,JP-TK,0.9854014598540146,2025-10-18T06:26:59.753Z,2025-10-17T01:55:17.699Z,lifecycle,True,MODE_BREAKDOWN,19,4,10,0,-0.9659258262890684,0.2588190451025203
2025-10-17 20:00:00+00:00,JP-TK,0.978102189781022,2025-10-18T06:26:41.190Z,2025-10-17T01:55:17.699Z,lifecycle,True,MODE_BREAKDOWN,20,4,10,0,-0.8660254037844386,0.5000000000000001
2025-10-17 21:00:00+00:00,JP-TK,0.8759124087591241,2025-10-18T06:26:50.912Z,2025-10-17T01:55:17.699Z,lifecycle,True,MODE_BREAKDOWN,21,4,10,0,-0.7071067811865477,0.7071067811865474
2025-10-17 22:00:00+00:00,JP-TK,0.6094890510948905,2025-10-18T06:26:59.753Z,2025-10-17T01:55:40.894Z,lifecycle,True,MODE_BREAKDOWN,22,4,10,0,-0.5000000000000004,0.8660254037844384
2025-10-17 23:00:00+00:00,JP-TK,0.3248175182481752,2025-10-18T06:26:41.190Z,2025-10-17T01:55:40.894Z,lifecycle,True,MODE_BREAKDOWN,23,4,10,0,-0.25881904510252157,0.9659258262890681
2025-10-18 00:00:00+00:00,JP-TK,0.11678832116788329,2025-10-20T11:56:00.528Z,2025-10-17T01:55:32.684Z,lifecycle,True,MODE_BREAKDOWN,0,5,10,1,0.0,1.0
2025-10-18 01:00:00+00:00,JP-TK,0.0036496350364965124,2025-10-18T12:24:58.636Z,2025-10-17T01:55:17.699Z,lifecycle,True,MODE_BREAKDOWN,1,5,10,1,0.25881904510252074,0.9659258262890683
2025-10-18 02:00:00+00:00,JP-TK,0.0,2025-10-18T12:25:08.934Z,2025-10-17T01:55:17.699Z,lifecycle,True,MODE_BREAKDOWN,2,5,10,1,0.49999999999999994,0.8660254037844387
2025-10-18 03:00:00+00:00,JP-TK,0.06934306569343063,2025-10-20T11:56:10.991Z,2025-10-17T01:55:17.699Z,lifecycle,True,MODE_BREAKDOWN,3,5,10,1,0.7071067811865476,0.7071067811865476
2025-10-18 04:00:00+00:00,JP-TK,0.2883211678832118,2025-10-20T11:55:48.120Z,2025-10-17T01:55:40.894Z,lifecycle,True,MODE_BREAKDOWN,4,5,10,1,0.8660254037844386,0.5000000000000001
2025-10-18 05:00:00+00:00,JP-TK,0.5255474452554745,2025-10-18T12:24:58.636Z,2025-10-17T01:55:40.894Z,lifecycle,True,MODE_BREAKDOWN,5,5,10,1,0.9659258262890683,0.25881904510252074
2025-10-18 06:00:00+00:00,JP-TK,0.7627737226277373,2025-10-18T18:25:48.091Z,2025-10-17T01:55:32.684Z,lifecycle,True,MODE_BREAKDOWN,6,5,10,1,1.0,6.123233995736766e-17
2025-10-18 07:00:00+00:00,JP-TK,0.9306569343065696,2025-10-18T18:25:14.567Z,2025-10-17T01:55:32.684Z,lifecycle,True,MODE_BREAKDOWN,7,5,10,1,0.9659258262890683,-0.25881904510252063
2025-10-18 08:00:00+00:00,JP-TK,0.9635036496350364,2025-10-18T18:25:48.091Z,2025-10-17T01:55:32.684Z,lifecycle,True,MODE_BREAKDOWN,8,5,10,1,0.8660254037844387,-0.4999999999999998
2025-10-18 09:00:00+00:00,JP-TK,0.9598540145985404,2025-10-20T11:55:48.120Z,2025-10-17T01:55:32.684Z,lifecycle,True,MODE_BREAKDOWN,9,5,10,1,0.7071067811865476,-0.7071067811865475
2025-10-18 10:00:00+00:00,JP-TK,0.9598540145985404,2025-10-20T11:56:00.528Z,2025-10-17T01:55:43.655Z,lifecycle,True,MODE_BREAKDOWN,10,5,10,1,0.49999999999999994,-0.8660254037844387
2025-10-18 11:00:00+00:00,JP-TK,0.9562043795620438,2025-10-20T11:56:00.528Z,2025-10-17T01:55:43.655Z,lifecycle,True,MODE_BREAKDOWN,11,5,10,1,0.258819045102521,-0.9659258262890682
2025-10-18 12:00:00+00:00,JP-TK,0.9525547445255473,2025-10-20T11:55:48.120Z,2025-10-17T01:55:17.699Z,lifecycle,True,MODE_BREAKDOWN,12,5,10,1,1.2246467991473532e-16,-1.0
2025-10-18 13:00:00+00:00,JP-TK,0.9452554744525548,2025-10-19T00:24:46.056Z,2025-10-17T01:55:17.699Z,lifecycle,True,MODE_BREAKDOWN,13,5,10,1,-0.2588190451025208,-0.9659258262890683
2025-10-18 14:00:00+00:00,JP-TK,0.9416058394160582,2025-10-25T00:32:01.335Z,2025-10-17T01:55:17.699Z,lifecycle,True,MODE_BREAKDOWN,14,5,10,1,-0.4999999999999997,-0.8660254037844388
2025-10-18 15:00:00+00:00,JP-TK,0.9343065693430657,2025-10-25T00:32:13.673Z,2025-10-17T01:55:17.699Z,lifecycle,True,MODE_BREAKDOWN,15,5,10,1,-0.7071067811865471,-0.7071067811865479
2025-10-18 16:00:00+00:00,JP-TK,0.9343065693430657,2025-10-19T00:24:25.920Z,2025-10-17T01:55:43.655Z,lifecycle,True,MODE_BREAKDOWN,16,5,10,1,-0.8660254037844385,-0.5000000000000004
2025-10-18 17:00:00+00:00,JP-TK,0.9343065693430657,2025-10-19T00:24:46.056Z,2025-10-18T01:39:52.353Z,lifecycle,True,MODE_BREAKDOWN,17,5,10,1,-0.9659258262890683,-0.25881904510252063
2025-10-18 18:00:00+00:00,JP-TK,0.9416058394160582,2025-10-19T06:25:53.662Z,2025-10-18T01:40:02.184Z,lifecycle,True,MODE_BREAKDOWN,18,5,10,1,-1.0,-1.8369701987210297e-16
2025-10-18 19:00:00+00:00,JP-TK,0.9489051094890513,2025-10-20T11:56:00.528Z,2025-10-18T01:39:52.353Z,lifecycle,True,MODE_BREAKDOWN,19,5,10,1,-0.9659258262890684,0.2588190451025203
2025-10-18 20:00:00+00:00,JP-TK,0.9489051094890513,2025-10-19T06:25:53.662Z,2025-10-18T01:40:02.184Z,lifecycle,True,MODE_BREAKDOWN,20,5,10,1,-0.8660254037844386,0.5000000000000001
2025-10-18 21:00:00+00:00,JP-TK,0.8832116788321167,2025-10-20T11:56:10.991Z,2025-10-18T01:39:35.537Z,lifecycle,True,MODE_BREAKDOWN,21,5,10,1,-0.7071067811865477,0.7071067811865474
2025-10-18 22:00:00+00:00,JP-TK,0.718978102189781,2025-10-19T06:25:53.662Z,2025-10-18T01:40:02.184Z,lifecycle,True,MODE_BREAKDOWN,22,5,10,1,-0.5000000000000004,0.8660254037844384
2025-10-18 23:00:00+00:00,JP-TK,0.5766423357664234,2025-10-20T11:56:10.991Z,2025-10-18T01:40:02.184Z,lifecycle,True,MODE_BREAKDOWN,23,5,10,1,-0.25881904510252157,0.9659258262890681
2025-10-19 00:00:00+00:00,JP-TK,0.47810218978102204,2025-10-20T11:56:10.991Z,2025-10-18T01:39:52.353Z,lifecycle,True,MODE_BREAKDOWN,0,6,10,1,0.0,1.0
2025-10-19 01:00:00+00:00,JP-TK,0.5437956204379562,2025-10-19T12:26:55.871Z,2025-10-18T01:39:52.353Z,lifecycle,True,MODE_BREAKDOWN,1,6,10,1,0.25881904510252074,0.9659258262890683
2025-10-19 02:00:00+00:00,JP-TK,0.6313868613138687,2025-10-19T12:26:47.471Z,2025-10-18T01:39:35.537Z,lifecycle,True,MODE_BREAKDOWN,2,6,10,1,0.49999999999999994,0.8660254037844387
2025-10-19 03:00:00+00:00,JP-TK,0.6751824817518248,2025-10-19T12:26:38.900Z,2025-10-18T01:40:02.184Z,lifecycle,True,MODE_BREAKDOWN,3,6,10,1,0.7071067811865476,0.7071067811865476
2025-10-19 04:00:00+00:00,JP-TK,0.7153284671532847,2025-10-19T12:26:38.900Z,2025-10-18T01:39:52.353Z,lifecycle,True,MODE_BREAKDOWN,4,6,10,1,0.8660254037844386,0.5000000000000001
2025-10-19 05:00:00+00:00,JP-TK,0.8029197080291972,2025-10-19T12:26:55.871Z,2025-10-18T01:39:52.353Z,lifecycle,True,MODE_BREAKDOWN,5,6,10,1,0.9659258262890683,0.25881904510252074
2025-10-19 06:00:00+00:00,JP-TK,0.8905109489051097,2025-10-19T18:25:43.461Z,2025-10-18T01:39:52.353Z,lifecycle,True,MODE_BREAKDOWN,6,6,10,1,1.0,6.123233995736766e-17
2025-10-19 07:00:00+00:00,JP-TK,0.9598540145985404,2025-10-19T18:26:19.776Z,2025-10-18T01:40:02.184Z,lifecycle,True,MODE_BREAKDOWN,7,6,10,1,0.9659258262890683,-0.25881904510252063
2025-10-19 08:00:00+00:00,JP-TK,0.9744525547445255,2025-10-19T18:26:19.776Z,2025-10-18T01:39:35.537Z,lifecycle,True,MODE_BREAKDOWN,8,6,10,1,0.8660254037844387,-0.4999999999999998
2025-10-19 09:00:00+00:00,JP-TK,0.978102189781022,2025-10-19T18:26:30.388Z,2025-10-18T01:39:52.353Z,lifecycle,True,MODE_BREAKDOWN,9,6,10,1,0.7071067811865476,-0.7071067811865475
2025-10-19 10:00:00+00:00,JP-TK,0.978102189781022,2025-10-19T18:26:19.776Z,2025-10-18T01:39:52.353Z,lifecycle,True,MODE_BREAKDOWN,10,6,10,1,0.49999999999999994,-0.8660254037844387
2025-10-19 11:00:00+00:00,JP-TK,0.9817518248175181,2025-10-19T18:26:30.388Z,2025-10-18T01:39:35.537Z,lifecycle,True,MODE_BREAKDOWN,11,6,10,1,0.258819045102521,-0.9659258262890682
2025-10-19 12:00:00+00:00,JP-TK,0.9817518248175181,2025-10-20T00:24:34.295Z,2025-10-18T01:39:35.537Z,lifecycle,True,MODE_BREAKDOWN,12,6,10,1,1.2246467991473532e-16,-1.0
2025-10-19 13:00:00+00:00,JP-TK,0.9817518248175181,2025-10-20T00:25:01.680Z,2025-10-18T01:39:52.353Z,lifecycle,True,MODE_BREAKDOWN,13,6,10,1,-0.2588190451025208,-0.9659258262890683
2025-10-19 14:00:00+00:00,JP-TK,0.9817518248175181,2025-10-26T00:34:37.522Z,2025-10-18T01:40:05.992Z,lifecycle,True,MODE_BREAKDOWN,14,6,10,1,-0.4999999999999997,-0.8660254037844388
2025-10-19 15:00:00+00:00,JP-TK,0.9744525547445255,2025-10-26T00:34:36.656Z,2025-10-18T01:40:05.992Z,lifecycle,True,MODE_BREAKDOWN,15,6,10,1,-0.7071067811865471,-0.7071067811865479
2025-10-19 16:00:00+00:00,JP-TK,0.9635036496350364,2025-10-20T00:24:48.570Z,2025-10-18T01:39:52.353Z,lifecycle,True,MODE_BREAKDOWN,16,6,10,1,-0.8660254037844385,-0.5000000000000004
2025-10-19 17:00:00+00:00,JP-TK,0.9635036496350364,2025-10-20T00:24:48.570Z,2025-10-19T01:39:37.322Z,lifecycle,True,MODE_BREAKDOWN,17,6,10,1,-0.9659258262890683,-0.25881904510252063
2025-10-19 18:00:00+00:00,JP-TK,0.9708029197080295,2025-10-20T06:25:57.387Z,2025-10-19T01:39:37.322Z,lifecycle,True,MODE_BREAKDOWN,18,6,10,1,-1.0,-1.8369701987210297e-16
2025-10-19 19:00:00+00:00,JP-TK,0.9708029197080295,2025-10-20T06:25:38.076Z,2025-10-19T01:40:09.089Z,lifecycle,True,MODE_BREAKDOWN,19,6,10,1,-0.9659258262890684,0.2588190451025203
2025-10-19 20:00:00+00:00,JP-TK,0.978102189781022,2025-10-20T06:25:57.387Z,2025-10-19T01:39:56.514Z,lifecycle,True,MODE_BREAKDOWN,20,6,10,1,-0.8660254037844386,0.5000000000000001
2025-10-19 21:00:00+00:00,JP-TK,0.9562043795620438,2025-10-20T06:25:38.076Z,2025-10-19T01:39:56.514Z,lifecycle,True,MODE_BREAKDOWN,21,6,10,1,-0.7071067811865477,0.7071067811865474
2025-10-19 22:00:00+00:00,JP-TK,0.8722627737226276,2025-10-20T06:25:38.076Z,2025-10-19T01:39:37.322Z,lifecycle,True,MODE_BREAKDOWN,22,6,10,1,-0.5000000000000004,0.8660254037844384
2025-10-19 23:00:00+00:00,JP-TK,0.7992700729927007,2025-10-20T06:25:38.076Z,2025-10-19T01:39:37.322Z,lifecycle,True,MODE_BREAKDOWN,23,6,10,1,-0.25881904510252157,0.9659258262890681
2025-10-20 00:00:00+00:00,JP-TK,0.7043795620437956,2025-10-20T12:26:49.920Z,2025-10-19T01:39:56.514Z,lifecycle,True,MODE_BREAKDOWN,0,0,10,0,0.0,1.0
2025-10-20 01:00:00+00:00,JP-TK,0.5693430656934306,2025-10-20T12:26:49.920Z,2025-10-19T01:39:56.514Z,lifecycle,True,MODE_BREAKDOWN,1,0,10,0,0.25881904510252074,0.9659258262890683
2025-10-20 02:00:00+00:00,JP-TK,0.47080291970802923,2025-10-20T12:27:15.058Z,2025-10-19T01:40:09.089Z,lifecycle,True,MODE_BREAKDOWN,2,0,10,0,0.49999999999999994,0.8660254037844387
2025-10-20 03:00:00+00:00,JP-TK,0.4744525547445255,2025-10-20T12:26:49.920Z,2025-10-19T01:39:37.322Z,lifecycle,True,MODE_BREAKDOWN,3,0,10,0,0.7071067811865476,0.7071067811865476
2025-10-20 04:00:00+00:00,JP-TK,0.6240875912408759,2025-10-20T12:27:15.058Z,2025-10-19T01:40:09.089Z,lifecycle,True,MODE_BREAKDOWN,4,0,10,0,0.8660254037844386,0.5000000000000001
2025-10-20 05:00:00+00:00,JP-TK,0.748175182481752,2025-10-20T12:26:49.920Z,2025-10-19T01:39:37.322Z,lifecycle,True,MODE_BREAKDOWN,5,0,10,0,0.9659258262890683,0.25881904510252074
2025-10-20 06:00:00+00:00,JP-TK,0.8795620437956206,2025-10-20T18:26:32.399Z,2025-10-19T01:39:56.514Z,lifecycle,True,MODE_BREAKDOWN,6,0,10,0,1.0,6.123233995736766e-17
2025-10-20 07:00:00+00:00,JP-TK,0.9708029197080295,2025-10-20T18:26:32.399Z,2025-10-19T01:39:37.322Z,lifecycle,True,MODE_BREAKDOWN,7,0,10,0,0.9659258262890683,-0.25881904510252063
2025-10-20 08:00:00+00:00,JP-TK,0.9817518248175181,2025-10-20T18:26:55.971Z,2025-10-19T01:40:12.793Z,lifecycle,True,MODE_BREAKDOWN,8,0,10,0,0.8660254037844387,-0.4999999999999998
2025-10-20 09:00:00+00:00,JP-TK,0.978102189781022,2025-10-20T18:26:44.880Z,2025-10-19T01:39:56.514Z,lifecycle,True,MODE_BREAKDOWN,9,0,10,0,0.7071067811865476,-0.7071067811865475
2025-10-20 10:00:00+00:00,JP-TK,0.9744525547445255,2025-10-20T18:26:44.880Z,2025-10-19T01:40:12.793Z,lifecycle,True,MODE_BREAKDOWN,10,0,10,0,0.49999999999999994,-0.8660254037844387
2025-10-20 11:00:00+00:00,JP-TK,0.9671532846715329,2025-10-20T18:26:32.399Z,2025-10-19T01:40:12.793Z,lifecycle,True,MODE_BREAKDOWN,11,0,10,0,0.258819045102521,-0.9659258262890682
2025-10-20 12:00:00+00:00,JP-TK,0.9635036496350364,2025-10-21T00:25:25.200Z,2025-10-19T01:39:56.514Z,lifecycle,True,MODE_BREAKDOWN,12,0,10,0,1.2246467991473532e-16,-1.0
2025-10-20 13:00:00+00:00,JP-TK,0.9635036496350364,2025-10-21T00:25:14.580Z,2025-10-19T01:39:56.514Z,lifecycle,True,MODE_BREAKDOWN,13,0,10,0,-0.2588190451025208,-0.9659258262890683
2025-10-20 14:00:00+00:00,JP-TK,0.9598540145985404,2025-10-27T01:31:06.363Z,2025-10-19T01:39:56.514Z,lifecycle,True,MODE_BREAKDOWN,14,0,10,0,-0.4999999999999997,-0.8660254037844388
2025-10-20 15:00:00+00:00,JP-TK,0.9525547445255473,2025-10-27T01:31:06.363Z,2025-10-19T01:39:37.322Z,lifecycle,True,MODE_BREAKDOWN,15,0,10,0,-0.7071067811865471,-0.7071067811865479
2025-10-20 16:00:00+00:00,JP-TK,0.9452554744525548,2025-10-21T00:25:25.200Z,2025-10-19T01:39:37.322Z,lifecycle,True,MODE_BREAKDOWN,16,0,10,0,-0.8660254037844385,-0.5000000000000004
2025-10-20 17:00:00+00:00,JP-TK,0.9489051094890513,2025-10-21T00:25:36.184Z,2025-10-20T01:39:20.352Z,lifecycle,True,MODE_BREAKDOWN,17,0,10,0,-0.9659258262890683,-0.25881904510252063
2025-10-20 18:00:00+00:00,JP-TK,0.9598540145985404,2025-10-21T06:24:57.984Z,2025-10-20T01:39:20.352Z,lifecycle,True,MODE_BREAKDOWN,18,0,10,0,-1.0,-1.8369701987210297e-16
2025-10-20 19:00:00+00:00,JP-TK,0.9635036496350364,2025-10-21T06:25:18.193Z,2025-10-20T01:39:20.352Z,lifecycle,True,MODE_BREAKDOWN,19,0,10,0,-0.9659258262890684,0.2588190451025203
2025-10-20 20:00:00+00:00,JP-TK,0.9635036496350364,2025-10-21T06:24:57.984Z,2025-10-20T01:39:41.379Z,lifecycle,True,MODE_BREAKDOWN,20,0,10,0,-0.8660254037844386,0.5000000000000001
2025-10-20 21:00:00+00:00,JP-TK,0.9306569343065696,2025-10-21T06:24:57.984Z,2025-10-20T01:39:41.379Z,lifecycle,True,MODE_BREAKDOWN,21,0,10,0,-0.7071067811865477,0.7071067811865474
2025-10-20 22:00:00+00:00,JP-TK,0.8175182481751826,2025-10-21T06:24:57.984Z,2025-10-20T01:39:20.352Z,lifecycle,True,MODE_BREAKDOWN,22,0,10,0,-0.5000000000000004,0.8660254037844384
2025-10-20 23:00:00+00:00,JP-TK,0.7116788321167884,2025-10-21T06:25:18.193Z,2025-10-20T01:39:32.799Z,lifecycle,True,MODE_BREAKDOWN,23,0,10,0,-0.25881904510252157,0.9659258262890681
2025-10-21 00:00:00+00:00,JP-TK,0.635036496350365,2025-10-21T12:25:11.165Z,2025-10-20T01:39:32.799Z,lifecycle,True,MODE_BREAKDOWN,0,1,10,0,0.0,1.0
2025-10-21 01:00:00+00:00,JP-TK,0.6058394160583942,2025-10-21T12:24:49.437Z,2025-10-20T01:39:41.379Z,lifecycle,True,MODE_BREAKDOWN,1,1,10,0,0.25881904510252074,0.9659258262890683
2025-10-21 02:00:00+00:00,JP-TK,0.5766423357664234,2025-10-21T12:25:01.706Z,2025-10-20T01:39:32.799Z,lifecycle,True,MODE_BREAKDOWN,2,1,10,0,0.49999999999999994,0.8660254037844387
2025-10-21 03:00:00+00:00,JP-TK,0.6240875912408759,2025-10-21T12:25:01.706Z,2025-10-20T01:39:41.379Z,lifecycle,True,MODE_BREAKDOWN,3,1,10,0,0.7071067811865476,0.7071067811865476
2025-10-21 04:00:00+00:00,JP-TK,0.7153284671532847,2025-10-21T12:24:49.437Z,2025-10-20T01:39:20.352Z,lifecycle,True,MODE_BREAKDOWN,4,1,10,0,0.8660254037844386,0.5000000000000001
2025-10-21 05:00:00+00:00,JP-TK,0.8248175182481752,2025-10-21T12:25:11.165Z,2025-10-20T01:39:20.352Z,lifecycle,True,MODE_BREAKDOWN,5,1,10,0,0.9659258262890683,0.25881904510252074
2025-10-21 06:00:00+00:00,JP-TK,0.9087591240875914,2025-10-21T18:25:17.278Z,2025-10-20T01:39:41.379Z,lifecycle,True,MODE_BREAKDOWN,6,1,10,0,1.0,6.123233995736766e-17
2025-10-21 07:00:00+00:00,JP-TK,0.978102189781022,2025-10-21T18:25:17.278Z,2025-10-20T01:39:32.799Z,lifecycle,True,MODE_BREAKDOWN,7,1,10,0,0.9659258262890683,-0.25881904510252063
2025-10-21 08:00:00+00:00,JP-TK,0.9890510948905111,2025-10-21T18:25:27.268Z,2025-10-20T01:39:44.388Z,lifecycle,True,MODE_BREAKDOWN,8,1,10,0,0.8660254037844387,-0.4999999999999998
2025-10-21 09:00:00+00:00,JP-TK,0.9890510948905111,2025-10-21T18:25:37.386Z,2025-10-20T01:39:32.799Z,lifecycle,True,MODE_BREAKDOWN,9,1,10,0,0.7071067811865476,-0.7071067811865475
2025-10-21 10:00:00+00:00,JP-TK,0.9854014598540146,2025-10-21T18:25:17.278Z,2025-10-20T01:39:44.388Z,lifecycle,True,MODE_BREAKDOWN,10,1,10,0,0.49999999999999994,-0.8660254037844387
2025-10-21 11:00:00+00:00,JP-TK,0.9817518248175181,2025-10-21T18:25:27.268Z,2025-10-20T01:39:32.799Z,lifecycle,True,MODE_BREAKDOWN,11,1,10,0,0.258819045102521,-0.9659258262890682
2025-10-21 12:00:00+00:00,JP-TK,0.978102189781022,2025-10-22T00:28:32.944Z,2025-10-20T01:39:20.352Z,lifecycle,True,MODE_BREAKDOWN,12,1,10,0,1.2246467991473532e-16,-1.0
2025-10-21 13:00:00+00:00,JP-TK,0.978102189781022,2025-10-22T00:28:46.907Z,2025-10-20T01:39:44.388Z,lifecycle,True,MODE_BREAKDOWN,13,1,10,0,-0.2588190451025208,-0.9659258262890683
2025-10-21 14:00:00+00:00,JP-TK,0.978102189781022,2025-10-22T00:28:58.466Z,2025-10-20T01:39:44.388Z,lifecycle,True,MODE_BREAKDOWN,14,1,10,0,-0.4999999999999997,-0.8660254037844388
2025-10-21 15:00:00+00:00,JP-TK,0.9708029197080295,2025-10-22T00:28:32.944Z,2025-10-20T01:39:32.799Z,lifecycle,True,MODE_BREAKDOWN,15,1,10,0,-0.7071067811865471,-0.7071067811865479
2025-10-21 16:00:00+00:00,JP-TK,0.9671532846715329,2025-10-22T00:28:46.907Z,2025-10-20T01:39:32.799Z,lifecycle,True,MODE_BREAKDOWN,16,1,10,0,-0.8660254037844385,-0.5000000000000004
2025-10-21 17:00:00+00:00,JP-TK,0.9708029197080295,2025-10-22T00:28:46.907Z,2025-10-21T01:40:09.615Z,lifecycle,True,MODE_BREAKDOWN,17,1,10,0,-0.9659258262890683,-0.25881904510252063
2025-10-21 18:00:00+00:00,JP-TK,0.978102189781022,2025-10-22T06:25:43.139Z,2025-10-21T01:39:54.190Z,lifecycle,True,MODE_BREAKDOWN,18,1,10,0,-1.0,-1.8369701987210297e-16
2025-10-21 19:00:00+00:00,JP-TK,0.9854014598540146,2025-10-22T06:25:25.518Z,2025-10-21T01:40:20.682Z,lifecycle,True,MODE_BREAKDOWN,19,1,10,0,-0.9659258262890684,0.2588190451025203
2025-10-21 20:00:00+00:00,JP-TK,0.9890510948905111,2025-10-22T06:25:43.139Z,2025-10-21T01:40:09.615Z,lifecycle,True,MODE_BREAKDOWN,20,1,10,0,-0.8660254037844386,0.5000000000000001
2025-10-21 21:00:00+00:00,JP-TK,0.9744525547445255,2025-10-22T06:25:25.518Z,2025-10-21T01:39:54.190Z,lifecycle,True,MODE_BREAKDOWN,21,1,10,0,-0.7071067811865477,0.7071067811865474
2025-10-21 22:00:00+00:00,JP-TK,0.9306569343065696,2025-10-22T06:25:34.293Z,2025-10-21T01:40:20.682Z,lifecycle,True,MODE_BREAKDOWN,22,1,10,0,-0.5000000000000004,0.8660254037844384
2025-10-21 23:00:00+00:00,JP-TK,0.8868613138686132,2025-10-22T06:25:34.293Z,2025-10-21T01:40:20.682Z,lifecycle,True,MODE_BREAKDOWN,23,1,10,0,-0.25881904510252157,0.9659258262890681
2025-10-22 00:00:00+00:00,JP-TK,0.8467153284671534,2025-10-22T12:26:40.015Z,2025-10-21T01:40:20.682Z,lifecycle,True,MODE_BREAKDOWN,0,2,10,0,0.0,1.0
2025-10-22 01:00:00+00:00,JP-TK,0.8248175182481752,2025-10-24T09:27:36.477Z,2025-10-21T01:39:54.190Z,lifecycle,True,MODE_BREAKDOWN,1,2,10,0,0.25881904510252074,0.9659258262890683
2025-10-22 02:00:00+00:00,JP-TK,0.8357664233576643,2025-10-24T09:27:15.736Z,2025-10-21T01:40:20.682Z,lifecycle,True,MODE_BREAKDOWN,2,2,10,0,0.49999999999999994,0.8660254037844387
2025-10-22 03:00:00+00:00,JP-TK,0.8467153284671534,2025-10-24T09:27:36.477Z,2025-10-21T01:40:09.615Z,lifecycle,True,MODE_BREAKDOWN,3,2,10,0,0.7071067811865476,0.7071067811865476
2025-10-22 04:00:00+00:00,JP-TK,0.8905109489051097,2025-10-24T09:27:36.477Z,2025-10-21T01:40:20.682Z,lifecycle,True,MODE_BREAKDOWN,4,2,10,0,0.8660254037844386,0.5000000000000001
2025-10-22 05:00:00+00:00,JP-TK,0.9306569343065696,2025-10-24T09:27:26.848Z,2025-10-21T01:40:09.615Z,lifecycle,True,MODE_BREAKDOWN,5,2,10,0,0.9659258262890683,0.25881904510252074
2025-10-22 06:00:00+00:00,JP-TK,0.9671532846715329,2025-10-24T09:27:15.736Z,2025-10-21T01:39:54.190Z,lifecycle,True,MODE_BREAKDOWN,6,2,10,0,1.0,6.123233995736766e-17
2025-10-22 07:00:00+00:00,JP-TK,0.9927007299270072,2025-10-22T18:25:06.720Z,2025-10-21T01:40:25.012Z,lifecycle,True,MODE_BREAKDOWN,7,2,10,0,0.9659258262890683,-0.25881904510252063
2025-10-22 08:00:00+00:00,JP-TK,0.9963503649635037,2025-10-22T18:24:57.643Z,2025-10-21T01:39:54.190Z,lifecycle,True,MODE_BREAKDOWN,8,2,10,0,0.8660254037844387,-0.4999999999999998
2025-10-22 09:00:00+00:00,JP-TK,0.9927007299270072,2025-10-22T18:24:57.643Z,2025-10-21T01:40:25.012Z,lifecycle,True,MODE_BREAKDOWN,9,2,10,0,0.7071067811865476,-0.7071067811865475
2025-10-22 10:00:00+00:00,JP-TK,0.9890510948905111,2025-10-22T18:25:06.720Z,2025-10-21T01:40:09.615Z,lifecycle,True,MODE_BREAKDOWN,10,2,10,0,0.49999999999999994,-0.8660254037844387
2025-10-22 11:00:00+00:00,JP-TK,0.9890510948905111,2025-10-22T18:25:06.720Z,2025-10-21T01:39:54.190Z,lifecycle,True,MODE_BREAKDOWN,11,2,10,0,0.258819045102521,-0.9659258262890682
2025-10-22 12:00:00+00:00,JP-TK,0.9817518248175181,2025-10-23T00:25:48.389Z,2025-10-21T01:40:25.012Z,lifecycle,True,MODE_BREAKDOWN,12,2,10,0,1.2246467991473532e-16,-1.0
2025-10-22 13:00:00+00:00,JP-TK,0.978102189781022,2025-10-23T00:25:48.389Z,2025-10-21T01:40:09.615Z,lifecycle,True,MODE_BREAKDOWN,13,2,10,0,-0.2588190451025208,-0.9659258262890683
2025-10-22 14:00:00+00:00,JP-TK,0.978102189781022,2025-10-23T00:25:13.079Z,2025-10-21T01:40:09.615Z,lifecycle,True,MODE_BREAKDOWN,14,2,10,0,-0.4999999999999997,-0.8660254037844388
2025-10-22 15:00:00+00:00,JP-TK,0.9744525547445255,2025-10-23T00:25:48.389Z,2025-10-21T01:40:09.615Z,lifecycle,True,MODE_BREAKDOWN,15,2,10,0,-0.7071067811865471,-0.7071067811865479
2025-10-22 16:00:00+00:00,JP-TK,0.9744525547445255,2025-10-23T00:25:13.079Z,2025-10-21T01:40:09.615Z,lifecycle,True,MODE_BREAKDOWN,16,2,10,0,-0.8660254037844385,-0.5000000000000004
2025-10-22 17:00:00+00:00,JP-TK,0.978102189781022,2025-10-23T00:25:26.898Z,2025-10-22T01:56:01.160Z,lifecycle,True,MODE_BREAKDOWN,17,2,10,0,-0.9659258262890683,-0.25881904510252063
2025-10-22 18:00:00+00:00,JP-TK,0.9817518248175181,2025-10-23T06:26:30.750Z,2025-10-22T01:56:01.160Z,lifecycle,True,MODE_BREAKDOWN,18,2,10,0,-1.0,-1.8369701987210297e-16
2025-10-22 19:00:00+00:00,JP-TK,0.978102189781022,2025-10-23T06:26:20.717Z,2025-10-22T01:55:53.839Z,lifecycle,True,MODE_BREAKDOWN,19,2,10,0,-0.9659258262890684,0.2588190451025203
2025-10-22 20:00:00+00:00,JP-TK,0.9817518248175181,2025-10-23T06:26:40.145Z,2025-10-22T01:56:01.160Z,lifecycle,True,MODE_BREAKDOWN,20,2,10,0,-0.8660254037844386,0.5000000000000001
2025-10-22 21:00:00+00:00,JP-TK,0.9343065693430657,2025-10-23T06:26:30.750Z,2025-10-22T01:56:01.160Z,lifecycle,True,MODE_BREAKDOWN,21,2,10,0,-0.7071067811865477,0.7071067811865474
2025-10-22 22:00:00+00:00,JP-TK,0.7737226277372262,2025-10-23T06:26:40.145Z,2025-10-22T01:56:01.160Z,lifecycle,True,MODE_BREAKDOWN,22,2,10,0,-0.5000000000000004,0.8660254037844384
2025-10-22 23:00:00+00:00,JP-TK,0.5875912408759125,2025-10-23T06:26:30.750Z,2025-10-22T01:55:42.896Z,lifecycle,True,MODE_BREAKDOWN,23,2,10,0,-0.25881904510252157,0.9659258262890681
2025-10-23 00:00:00+00:00,JP-TK,0.3795620437956204,2025-10-23T12:25:03.607Z,2025-10-22T01:56:01.160Z,lifecycle,True,MODE_BREAKDOWN,0,3,10,0,0.0,1.0
2025-10-23 01:00:00+00:00,JP-TK,0.22627737226277378,2025-10-23T12:25:42.367Z,2025-10-22T01:55:42.896Z,lifecycle,True,MODE_BREAKDOWN,1,3,10,0,0.25881904510252074,0.9659258262890683
2025-10-23 02:00:00+00:00,JP-TK,0.17153284671532854,2025-10-23T12:25:25.323Z,2025-10-22T01:55:53.839Z,lifecycle,True,MODE_BREAKDOWN,2,3,10,0,0.49999999999999994,0.8660254037844387
2025-10-23 03:00:00+00:00,JP-TK,0.13868613138686148,2025-10-23T12:25:25.323Z,2025-10-22T01:56:01.160Z,lifecycle,True,MODE_BREAKDOWN,3,3,10,0,0.7071067811865476,0.7071067811865476
2025-10-23 04:00:00+00:00,JP-TK,0.25912408759124084,2025-10-23T12:25:25.323Z,2025-10-22T01:56:01.160Z,lifecycle,True,MODE_BREAKDOWN,4,3,10,0,0.8660254037844386,0.5000000000000001
2025-10-23 05:00:00+00:00,JP-TK,0.46715328467153294,2025-10-23T12:25:42.367Z,2025-10-22T01:55:53.839Z,lifecycle,True,MODE_BREAKDOWN,5,3,10,0,0.9659258262890683,0.25881904510252074
2025-10-23 06:00:00+00:00,JP-TK,0.748175182481752,2025-10-23T18:26:18.484Z,2025-10-22T01:55:42.896Z,lifecycle,True,MODE_BREAKDOWN,6,3,10,0,1.0,6.123233995736766e-17
2025-10-23 07:00:00+00:00,JP-TK,0.9598540145985404,2025-10-23T18:26:08.240Z,2025-10-22T01:55:53.839Z,lifecycle,True,MODE_BREAKDOWN,7,3,10,0,0.9659258262890683,-0.25881904510252063
2025-10-23 08:00:00+00:00,JP-TK,0.9927007299270072,2025-10-23T18:26:08.240Z,2025-10-22T01:56:03.409Z,lifecycle,True,MODE_BREAKDOWN,8,3,10,0,0.8660254037844387,-0.4999999999999998
2025-10-23 09:00:00+00:00,JP-TK,0.9927007299270072,2025-10-23T18:25:40.894Z,2025-10-22T01:55:53.839Z,lifecycle,True,MODE_BREAKDOWN,9,3,10,0,0.7071067811865476,-0.7071067811865475
2025-10-23 10:00:00+00:00,JP-TK,0.9890510948905111,2025-10-23T18:26:18.484Z,2025-10-22T01:55:53.839Z,lifecycle,True,MODE_BREAKDOWN,10,3,10,0,0.49999999999999994,-0.8660254037844387
2025-10-23 11:00:00+00:00,JP-TK,0.9854014598540146,2025-10-23T18:26:18.484Z,2025-10-22T01:56:03.409Z,lifecycle,True,MODE_BREAKDOWN,11,3,10,0,0.258819045102521,-0.9659258262890682
2025-10-23 12:00:00+00:00,JP-TK,0.9817518248175181,2025-10-24T00:25:24.772Z,2025-10-22T01:55:53.839Z,lifecycle,True,MODE_BREAKDOWN,12,3,10,0,1.2246467991473532e-16,-1.0
2025-10-23 13:00:00+00:00,JP-TK,0.978102189781022,2025-10-24T00:25:35.901Z,2025-10-22T01:55:42.896Z,lifecycle,True,MODE_BREAKDOWN,13,3,10,0,-0.2588190451025208,-0.9659258262890683
2025-10-23 14:00:00+00:00,JP-TK,0.9817518248175181,2025-10-24T00:25:08.031Z,2025-10-22T01:56:03.409Z,lifecycle,True,MODE_BREAKDOWN,14,3,10,0,-0.4999999999999997,-0.8660254037844388
2025-10-23 15:00:00+00:00,JP-TK,0.978102189781022,2025-10-24T00:25:24.772Z,2025-10-22T01:55:42.896Z,lifecycle,True,MODE_BREAKDOWN,15,3,10,0,-0.7071067811865471,-0.7071067811865479
2025-10-23 16:00:00+00:00,JP-TK,0.9744525547445255,2025-10-24T00:25:08.031Z,2025-10-22T01:56:03.409Z,lifecycle,True,MODE_BREAKDOWN,16,3,10,0,-0.8660254037844385,-0.5000000000000004
2025-10-23 17:00:00+00:00,JP-TK,0.9744525547445255,2025-10-24T00:25:08.031Z,2025-10-23T01:41:05.807Z,lifecycle,True,MODE_BREAKDOWN,17,3,10,0,-0.9659258262890683,-0.25881904510252063
2025-10-23 18:00:00+00:00,JP-TK,0.978102189781022,2025-10-24T06:26:16.417Z,2025-10-23T01:41:13.712Z,lifecycle,True,MODE_BREAKDOWN,18,3,10,0,-1.0,-1.8369701987210297e-16
2025-10-23 19:00:00+00:00,JP-TK,0.9854014598540146,2025-10-24T06:26:08.667Z,2025-10-23T01:41:05.807Z,lifecycle,True,MODE_BREAKDOWN,19,3,10,0,-0.9659258262890684,0.2588190451025203
2025-10-23 20:00:00+00:00,JP-TK,0.9854014598540146,2025-10-24T06:26:08.667Z,2025-10-23T01:41:05.807Z,lifecycle,True,MODE_BREAKDOWN,20,3,10,0,-0.8660254037844386,0.5000000000000001
2025-10-23 21:00:00+00:00,JP-TK,0.9489051094890513,2025-10-24T06:25:56.835Z,2025-10-23T01:41:13.712Z,lifecycle,True,MODE_BREAKDOWN,21,3,10,0,-0.7071067811865477,0.7071067811865474
2025-10-23 22:00:00+00:00,JP-TK,0.748175182481752,2025-10-24T06:26:08.667Z,2025-10-23T01:41:13.712Z,lifecycle,True,MODE_BREAKDOWN,22,3,10,0,-0.5000000000000004,0.8660254037844384
2025-10-23 23:00:00+00:00,JP-TK,0.4963503649635037,2025-10-24T06:26:08.667Z,2025-10-23T01:40:54.804Z,lifecycle,True,MODE_BREAKDOWN,23,3,10,0,-0.25881904510252157,0.9659258262890681
2025-10-24 00:00:00+00:00,JP-TK,0.3138686131386863,2025-10-24T15:24:23.855Z,2025-10-23T01:40:54.804Z,lifecycle,True,MODE_BREAKDOWN,0,4,10,0,0.0,1.0
2025-10-24 01:00:00+00:00,JP-TK,0.2116788321167884,2025-10-24T12:25:22.549Z,2025-10-23T01:41:13.712Z,lifecycle,True,MODE_BREAKDOWN,1,4,10,0,0.25881904510252074,0.9659258262890683
2025-10-24 02:00:00+00:00,JP-TK,0.197080291970803,2025-10-24T12:25:22.549Z,2025-10-23T01:41:05.807Z,lifecycle,True,MODE_BREAKDOWN,2,4,10,0,0.49999999999999994,0.8660254037844387
2025-10-24 03:00:00+00:00,JP-TK,0.2919708029197081,2025-10-24T12:25:22.549Z,2025-10-23T01:41:13.712Z,lifecycle,True,MODE_BREAKDOWN,3,4,10,0,0.7071067811865476,0.7071067811865476
2025-10-24 04:00:00+00:00,JP-TK,0.5437956204379562,2025-10-24T12:25:42.522Z,2025-10-23T01:41:16.000Z,lifecycle,True,MODE_BREAKDOWN,4,4,10,0,0.8660254037844386,0.5000000000000001
2025-10-24 05:00:00+00:00,JP-TK,0.7043795620437956,2025-10-24T12:25:42.522Z,2025-10-23T01:40:54.804Z,lifecycle,True,MODE_BREAKDOWN,5,4,10,0,0.9659258262890683,0.25881904510252074
2025-10-24 06:00:00+00:00,JP-TK,0.8467153284671534,2025-10-24T18:26:42.874Z,2025-10-23T01:40:54.804Z,lifecycle,True,MODE_BREAKDOWN,6,4,10,0,1.0,6.123233995736766e-17
2025-10-24 07:00:00+00:00,JP-TK,0.9671532846715329,2025-10-24T18:26:15.238Z,2025-10-23T01:41:05.807Z,lifecycle,True,MODE_BREAKDOWN,7,4,10,0,0.9659258262890683,-0.25881904510252063
2025-10-24 08:00:00+00:00,JP-TK,0.9927007299270072,2025-10-24T18:26:42.874Z,2025-10-23T01:40:54.804Z,lifecycle,True,MODE_BREAKDOWN,8,4,10,0,0.8660254037844387,-0.4999999999999998
2025-10-24 09:00:00+00:00,JP-TK,0.9927007299270072,2025-10-24T18:26:32.891Z,2025-10-23T01:41:05.807Z,lifecycle,True,MODE_BREAKDOWN,9,4,10,0,0.7071067811865476,-0.7071067811865475
2025-10-24 10:00:00+00:00,JP-TK,0.9890510948905111,2025-10-24T18:26:32.891Z,2025-10-23T01:40:54.804Z,lifecycle,True,MODE_BREAKDOWN,10,4,10,0,0.49999999999999994,-0.8660254037844387
2025-10-24 11:00:00+00:00,JP-TK,0.9890510948905111,2025-10-24T18:26:42.874Z,2025-10-23T01:41:16.000Z,lifecycle,True,MODE_BREAKDOWN,11,4,10,0,0.258819045102521,-0.9659258262890682
2025-10-24 12:00:00+00:00,JP-TK,0.9854014598540146,2025-10-25T00:25:55.675Z,2025-10-23T01:41:16.000Z,lifecycle,True,MODE_BREAKDOWN,12,4,10,0,1.2246467991473532e-16,-1.0
2025-10-24 13:00:00+00:00,JP-TK,0.9890510948905111,2025-10-25T00:25:55.675Z,2025-10-23T01:40:54.804Z,lifecycle,True,MODE_BREAKDOWN,13,4,10,0,-0.2588190451025208,-0.9659258262890683
2025-10-24 14:00:00+00:00,JP-TK,0.9927007299270072,2025-10-25T00:26:06.586Z,2025-10-23T01:40:54.804Z,lifecycle,True,MODE_BREAKDOWN,14,4,10,0,-0.4999999999999997,-0.8660254037844388
2025-10-24 15:00:00+00:00,JP-TK,0.9890510948905111,2025-10-25T00:26:18.386Z,2025-10-23T01:40:54.804Z,lifecycle,True,MODE_BREAKDOWN,15,4,10,0,-0.7071067811865471,-0.7071067811865479
2025-10-24 16:00:00+00:00,JP-TK,0.9854014598540146,2025-10-25T00:26:06.586Z,2025-10-23T01:41:16.000Z,lifecycle,True,MODE_BREAKDOWN,16,4,10,0,-0.8660254037844385,-0.5000000000000004
2025-10-24 17:00:00+00:00,JP-TK,0.9854014598540146,2025-10-25T00:26:18.386Z,2025-10-24T01:56:13.413Z,lifecycle,True,MODE_BREAKDOWN,17,4,10,0,-0.9659258262890683,-0.25881904510252063
2025-10-24 18:00:00+00:00,JP-TK,0.9927007299270072,2025-10-25T06:25:49.164Z,2025-10-24T01:56:06.799Z,lifecycle,True,MODE_BREAKDOWN,18,4,10,0,-1.0,-1.8369701987210297e-16
2025-10-24 19:00:00+00:00,JP-TK,0.9963503649635037,2025-10-25T06:25:49.164Z,2025-10-24T01:56:13.413Z,lifecycle,True,MODE_BREAKDOWN,19,4,10,0,-0.9659258262890684,0.2588190451025203
2025-10-24 20:00:00+00:00,JP-TK,0.9927007299270072,2025-10-25T06:25:26.731Z,2025-10-24T01:56:06.799Z,lifecycle,True,MODE_BREAKDOWN,20,4,10,0,-0.8660254037844386,0.5000000000000001
2025-10-24 21:00:00+00:00,JP-TK,0.9708029197080295,2025-10-25T06:25:49.164Z,2025-10-24T01:56:06.799Z,lifecycle,True,MODE_BREAKDOWN,21,4,10,0,-0.7071067811865477,0.7071067811865474
2025-10-24 22:00:00+00:00,JP-TK,0.8759124087591241,2025-10-25T06:25:26.731Z,2025-10-24T01:56:18.123Z,lifecycle,True,MODE_BREAKDOWN,22,4,10,0,-0.5000000000000004,0.8660254037844384
2025-10-24 23:00:00+00:00,JP-TK,0.7627737226277373,2025-10-25T06:25:37.763Z,2025-10-24T01:56:13.413Z,lifecycle,True,MODE_BREAKDOWN,23,4,10,0,-0.25881904510252157,0.9659258262890681
2025-10-25 00:00:00+00:00,JP-TK,0.7007299270072993,2025-10-25T12:25:51.799Z,2025-10-24T01:56:18.123Z,lifecycle,True,MODE_BREAKDOWN,0,5,10,1,0.0,1.0
2025-10-25 01:00:00+00:00,JP-TK,0.6824817518248176,2025-10-25T12:25:51.799Z,2025-10-24T01:56:13.413Z,lifecycle,True,MODE_BREAKDOWN,1,5,10,1,0.25881904510252074,0.9659258262890683
2025-10-25 02:00:00+00:00,JP-TK,0.7116788321167884,2025-10-25T12:25:41.549Z,2025-10-24T01:56:06.799Z,lifecycle,True,MODE_BREAKDOWN,2,5,10,1,0.49999999999999994,0.8660254037844387
2025-10-25 03:00:00+00:00,JP-TK,0.7445255474452555,2025-10-25T12:25:51.799Z,2025-10-24T01:56:13.413Z,lifecycle,True,MODE_BREAKDOWN,3,5,10,1,0.7071067811865476,0.7071067811865476
2025-10-25 04:00:00+00:00,JP-TK,0.8029197080291972,2025-10-25T12:25:41.549Z,2025-10-24T01:56:18.123Z,lifecycle,True,MODE_BREAKDOWN,4,5,10,1,0.8660254037844386,0.5000000000000001
2025-10-25 05:00:00+00:00,JP-TK,0.8759124087591241,2025-10-25T12:25:51.799Z,2025-10-24T01:56:13.413Z,lifecycle,True,MODE_BREAKDOWN,5,5,10,1,0.9659258262890683,0.25881904510252074
2025-10-25 06:00:00+00:00,JP-TK,0.9343065693430657,2025-10-25T18:24:43.681Z,2025-10-24T01:56:06.799Z,lifecycle,True,MODE_BREAKDOWN,6,5,10,1,1.0,6.123233995736766e-17
2025-10-25 07:00:00+00:00,JP-TK,0.978102189781022,2025-10-25T18:25:14.015Z,2025-10-24T01:56:13.413Z,lifecycle,True,MODE_BREAKDOWN,7,5,10,1,0.9659258262890683,-0.25881904510252063
2025-10-25 08:00:00+00:00,JP-TK,0.9890510948905111,2025-10-25T18:25:02.626Z,2025-10-24T01:56:18.123Z,lifecycle,True,MODE_BREAKDOWN,8,5,10,1,0.8660254037844387,-0.4999999999999998
2025-10-25 09:00:00+00:00,JP-TK,0.9890510948905111,2025-10-25T18:24:43.681Z,2025-10-24T01:56:06.799Z,lifecycle,True,MODE_BREAKDOWN,9,5,10,1,0.7071067811865476,-0.7071067811865475
2025-10-25 10:00:00+00:00,JP-TK,0.9854014598540146,2025-10-25T18:25:14.015Z,2025-10-24T01:56:18.123Z,lifecycle,True,MODE_BREAKDOWN,10,5,10,1,0.49999999999999994,-0.8660254037844387
2025-10-25 11:00:00+00:00,JP-TK,0.9854014598540146,2025-10-25T18:24:43.681Z,2025-10-24T01:56:06.799Z,lifecycle,True,MODE_BREAKDOWN,11,5,10,1,0.258819045102521,-0.9659258262890682
2025-10-25 12:00:00+00:00,JP-TK,0.978102189781022,2025-10-26T00:25:00.937Z,2025-10-24T01:56:06.799Z,lifecycle,True,MODE_BREAKDOWN,12,5,10,1,1.2246467991473532e-16,-1.0
2025-10-25 13:00:00+00:00,JP-TK,0.978102189781022,2025-10-26T00:25:24.619Z,2025-10-24T01:56:18.123Z,lifecycle,True,MODE_BREAKDOWN,13,5,10,1,-0.2588190451025208,-0.9659258262890683
2025-10-25 14:00:00+00:00,JP-TK,0.9817518248175181,2025-10-26T00:25:24.619Z,2025-10-24T01:56:18.123Z,lifecycle,True,MODE_BREAKDOWN,14,5,10,1,-0.4999999999999997,-0.8660254037844388
2025-10-25 15:00:00+00:00,JP-TK,0.9744525547445255,2025-10-26T00:25:00.937Z,2025-10-24T01:56:13.413Z,lifecycle,True,MODE_BREAKDOWN,15,5,10,1,-0.7071067811865471,-0.7071067811865479
2025-10-25 16:00:00+00:00,JP-TK,0.9635036496350364,2025-10-26T00:25:00.937Z,2025-10-24T01:56:18.123Z,lifecycle,True,MODE_BREAKDOWN,16,5,10,1,-0.8660254037844385,-0.5000000000000004
2025-10-25 17:00:00+00:00,JP-TK,0.9671532846715329,2025-10-26T00:25:00.937Z,2025-10-25T01:57:25.156Z,lifecycle,True,MODE_BREAKDOWN,17,5,10,1,-0.9659258262890683,-0.25881904510252063
2025-10-25 18:00:00+00:00,JP-TK,0.9708029197080295,2025-10-26T07:25:35.133Z,2025-10-25T01:57:15.666Z,lifecycle,True,MODE_BREAKDOWN,18,5,10,1,-1.0,-1.8369701987210297e-16
2025-10-25 19:00:00+00:00,JP-TK,0.9744525547445255,2025-10-26T07:25:08.879Z,2025-10-25T01:57:30.595Z,lifecycle,True,MODE_BREAKDOWN,19,5,10,1,-0.9659258262890684,0.2588190451025203
2025-10-25 20:00:00+00:00,JP-TK,0.978102189781022,2025-10-26T07:25:23.701Z,2025-10-25T01:57:15.666Z,lifecycle,True,MODE_BREAKDOWN,20,5,10,1,-0.8660254037844386,0.5000000000000001
2025-10-25 21:00:00+00:00,JP-TK,0.9671532846715329,2025-10-26T07:25:23.701Z,2025-10-25T01:57:25.156Z,lifecycle,True,MODE_BREAKDOWN,21,5,10,1,-0.7071067811865477,0.7071067811865474
2025-10-25 22:00:00+00:00,JP-TK,0.9306569343065696,2025-10-26T07:25:35.133Z,2025-10-25T01:57:15.666Z,lifecycle,True,MODE_BREAKDOWN,22,5,10,1,-0.5000000000000004,0.8660254037844384
2025-10-25 23:00:00+00:00,JP-TK,0.8941605839416058,2025-10-26T07:25:35.133Z,2025-10-25T01:57:25.156Z,lifecycle,True,MODE_BREAKDOWN,23,5,10,1,-0.25881904510252157,0.9659258262890681
2025-10-26 00:00:00+00:00,JP-TK,0.8430656934306568,2025-10-26T07:25:35.133Z,2025-10-25T01:57:25.156Z,lifecycle,True,MODE_BREAKDOWN,0,6,10,1,0.0,1.0
2025-10-26 01:00:00+00:00,JP-TK,0.7956204379562044,2025-10-26T07:25:35.133Z,2025-10-25T01:57:25.156Z,lifecycle,True,MODE_BREAKDOWN,1,6,10,1,0.25881904510252074,0.9659258262890683
2025-10-26 02:00:00+00:00,JP-TK,0.7737226277372262,2025-10-26T07:25:08.879Z,2025-10-25T01:57:15.666Z,lifecycle,True,MODE_BREAKDOWN,2,6,10,1,0.49999999999999994,0.8660254037844387
2025-10-26 03:00:00+00:00,JP-TK,0.781021897810219,2025-10-26T07:25:35.133Z,2025-10-25T01:57:30.595Z,lifecycle,True,MODE_BREAKDOWN,3,6,10,1,0.7071067811865476,0.7071067811865476
2025-10-26 04:00:00+00:00,JP-TK,0.8065693430656935,2025-10-26T07:25:23.701Z,2025-10-25T01:57:25.156Z,lifecycle,True,MODE_BREAKDOWN,4,6,10,1,0.8660254037844386,0.5000000000000001
2025-10-26 05:00:00+00:00,JP-TK,0.8832116788321167,2025-10-26T07:25:23.701Z,2025-10-25T01:57:15.666Z,lifecycle,True,MODE_BREAKDOWN,5,6,10,1,0.9659258262890683,0.25881904510252074
2025-10-26 06:00:00+00:00,JP-TK,0.9452554744525548,2025-10-26T13:24:23.386Z,2025-10-25T01:57:15.666Z,lifecycle,True,MODE_BREAKDOWN,6,6,10,1,1.0,6.123233995736766e-17
2025-10-26 07:00:00+00:00,JP-TK,0.978102189781022,2025-10-26T13:24:32.931Z,2025-10-25T01:57:15.666Z,lifecycle,True,MODE_BREAKDOWN,7,6,10,1,0.9659258262890683,-0.25881904510252063
2025-10-26 08:00:00+00:00,JP-TK,0.9890510948905111,2025-10-26T13:24:23.386Z,2025-10-25T01:57:32.379Z,lifecycle,True,MODE_BREAKDOWN,8,6,10,1,0.8660254037844387,-0.4999999999999998
2025-10-26 09:00:00+00:00,JP-TK,0.9890510948905111,2025-10-26T13:24:23.386Z,2025-10-25T01:57:15.666Z,lifecycle,True,MODE_BREAKDOWN,9,6,10,1,0.7071067811865476,-0.7071067811865475
2025-10-26 10:00:00+00:00,JP-TK,0.9817518248175181,2025-10-26T13:24:23.386Z,2025-10-25T01:57:25.156Z,lifecycle,True,MODE_BREAKDOWN,10,6,10,1,0.49999999999999994,-0.8660254037844387
2025-10-26 11:00:00+00:00,JP-TK,0.9817518248175181,2025-10-26T13:24:32.931Z,2025-10-25T01:57:15.666Z,lifecycle,True,MODE_BREAKDOWN,11,6,10,1,0.258819045102521,-0.9659258262890682
2025-10-26 12:00:00+00:00,JP-TK,0.9744525547445255,2025-10-26T19:26:16.588Z,2025-10-25T01:57:25.156Z,lifecycle,True,MODE_BREAKDOWN,12,6,10,1,1.2246467991473532e-16,-1.0
2025-10-26 13:00:00+00:00,JP-TK,0.9708029197080295,2025-10-26T19:26:00.667Z,2025-10-25T01:57:15.666Z,lifecycle,True,MODE_BREAKDOWN,13,6,10,1,-0.2588190451025208,-0.9659258262890683
2025-10-26 14:00:00+00:00,JP-TK,0.9708029197080295,2025-10-26T19:26:31.229Z,2025-10-25T01:57:32.379Z,lifecycle,True,MODE_BREAKDOWN,14,6,10,1,-0.4999999999999997,-0.8660254037844388
2025-10-26 15:00:00+00:00,JP-TK,0.9598540145985404,2025-10-26T19:26:31.229Z,2025-10-25T01:57:32.379Z,lifecycle,True,MODE_BREAKDOWN,15,6,10,1,-0.7071067811865471,-0.7071067811865479
2025-10-26 16:00:00+00:00,JP-TK,0.9489051094890513,2025-10-26T19:26:16.588Z,2025-10-25T01:57:32.379Z,lifecycle,True,MODE_BREAKDOWN,16,6,10,1,-0.8660254037844385,-0.5000000000000004
2025-10-26 17:00:00+00:00,JP-TK,0.9379562043795622,2025-10-26T19:26:16.588Z,2025-10-26T01:40:10.556Z,lifecycle,True,MODE_BREAKDOWN,17,6,10,1,-0.9659258262890683,-0.25881904510252063
2025-10-26 18:00:00+00:00,JP-TK,0.9379562043795622,2025-10-27T01:24:53.182Z,2025-10-26T01:39:49.754Z,lifecycle,True,MODE_BREAKDOWN,18,6,10,1,-1.0,-1.8369701987210297e-16
2025-10-26 19:00:00+00:00,JP-TK,0.9379562043795622,2025-10-27T01:24:53.182Z,2025-10-26T01:40:10.556Z,lifecycle,True,MODE_BREAKDOWN,19,6,10,1,-0.9659258262890684,0.2588190451025203
2025-10-26 20:00:00+00:00,JP-TK,0.9525547445255473,2025-10-27T01:25:03.601Z,2025-10-26T01:39:49.754Z,lifecycle,True,MODE_BREAKDOWN,20,6,10,1,-0.8660254037844386,0.5000000000000001
2025-10-26 21:00:00+00:00,JP-TK,0.9124087591240875,2025-10-27T01:24:43.275Z,2025-10-26T01:40:03.951Z,lifecycle,True,MODE_BREAKDOWN,21,6,10,1,-0.7071067811865477,0.7071067811865474
2025-10-26 22:00:00+00:00,JP-TK,0.6715328467153285,2025-10-27T01:25:03.601Z,2025-10-26T01:40:10.556Z,lifecycle,True,MODE_BREAKDOWN,22,6,10,1,-0.5000000000000004,0.8660254037844384
2025-10-26 23:00:00+00:00,JP-TK,0.4379562043795622,2025-10-27T01:24:43.275Z,2025-10-26T01:40:10.556Z,lifecycle,True,MODE_BREAKDOWN,23,6,10,1,-0.25881904510252157,0.9659258262890681
2025-10-27 00:00:00+00:00,JP-TK,0.2883211678832118,2025-10-27T02:25:56.356Z,2025-10-26T01:40:03.951Z,lifecycle,True,MODE_BREAKDOWN,0,0,10,0,0.0,1.0
2025-10-27 01:00:00+00:00,JP-TK,0.12773722627737238,2025-10-27T03:26:28.721Z,2025-10-26T01:40:10.556Z,lifecycle,True,MODE_BREAKDOWN,1,0,10,0,0.25881904510252074,0.9659258262890683
2025-10-27 02:00:00+00:00,JP-TK,0.08394160583941623,2025-10-27T03:26:14.721Z,2025-10-26T01:40:03.951Z,lifecycle,True,MODE_BREAKDOWN,2,0,10,0,0.49999999999999994,0.8660254037844387
2025-10-27 03:00:00+00:00,JP-TK,0.08029197080291972,2025-10-27T03:39:48.071Z,2025-10-26T01:39:49.754Z,lifecycle,True,MODE_BREAKDOWN,3,0,10,0,0.7071067811865476,0.7071067811865476
2025-10-27 04:00:00+00:00,JP-TK,0.2189781021897812,2025-10-27T03:26:14.721Z,2025-10-26T01:40:10.556Z,lifecycle,True,MODE_BREAKDOWN,4,0,10,0,0.8660254037844386,0.5000000000000001
