datetime,zone,carbon,updatedAt,createdAt,emissionFactorType,isEstimated,estimationMethod,hour,dayofweek,month,is_weekend,hour_sin,hour_cos
2025-09-27 05:00:00+00:00,SG,442,2025-10-01T17:32:57.200Z,2025-09-26T17:26:07.960Z,lifecycle,False,,5,5,9,1,0.9659258262890683,0.25881904510252074
2025-09-27 06:00:00+00:00,SG,465,2025-10-01T17:32:57.214Z,2025-09-26T17:26:25.288Z,lifecycle,False,,6,5,9,1,1.0,6.123233995736766e-17
2025-09-27 07:00:00+00:00,SG,458,2025-10-23T00:15:57.493Z,2025-09-26T17:26:25.288Z,lifecycle,False,,7,5,9,1,0.9659258262890683,-0.25881904510252063
2025-09-27 08:00:00+00:00,SG,470,2025-10-01T17:32:57.288Z,2025-09-26T17:25:57.358Z,lifecycle,False,,8,5,9,1,0.8660254037844387,-0.4999999999999998
2025-09-27 09:00:00+00:00,SG,493,2025-10-01T17:33:10.965Z,2025-09-26T17:25:57.358Z,lifecycle,False,,9,5,9,1,0.7071067811865476,-0.7071067811865475
2025-09-27 10:00:00+00:00,SG,493,2025-10-23T00:15:57.493Z,2025-09-26T17:25:57.358Z,lifecycle,False,,10,5,9,1,0.49999999999999994,-0.8660254037844387
2025-09-27 11:00:00+00:00,SG,494,2025-10-01T17:33:10.965Z,2025-09-26T17:26:25.288Z,lifecycle,False,,11,5,9,1,0.258819045102521,-0.9659258262890682
2025-09-27 12:00:00+00:00,SG,494,2025-10-23T00:15:57.493Z,2025-09-26T17:26:25.288Z,lifecycle,False,,12,5,9,1,1.2246467991473532e-16,-1.0
2025-09-27 13:00:00+00:00,SG,495,2025-10-01T17:33:10.965Z,2025-09-26T17:26:25.288Z,lifecycle,False,,13,5,9,1,-0.2588190451025208,-0.9659258262890683
2025-09-27 14:00:00+00:00,SG,495,2025-10-01T17:33:10.965Z,2025-09-26T17:26:13.764Z,lifecycle,False,,14,5,9,1,-0.4999999999999997,-0.8660254037844388
2025-09-27 15:00:00+00:00,SG,495,2025-10-23T00:16:12.517Z,2025-09-26T17:25:57.358Z,lifecycle,False,,15,5,9,1,-0.7071067811865471,-0.7071067811865479
2025-09-27 16:00:00+00:00,SG,494,2025-10-01T17:32:57.288Z,2025-09-26T17:25:57.358Z,lifecycle,False,,16,5,9,1,-0.8660254037844385,-0.5000000000000004
2025-09-27 17:00:00+00:00,SG,494,2025-10-01T17:33:11.047Z,2025-09-26T17:26:13.764Z,lifecycle,False,,17,5,9,1,-0.9659258262890683,-0.25881904510252063
2025-09-27 18:00:00+00:00,SG,494,2025-10-01T17:33:10.965Z,2025-09-26T17:26:13.764Z,lifecycle,False,,18,5,9,1,-1.0,-1.8369701987210297e-16
2025-09-27 19:00:00+00:00,SG,494,2025-10-23T00:16:12.517Z,2025-09-26T17:26:25.288Z,lifecycle,False,,19,5,9,1,-0.9659258262890684,0.2588190451025203
2025-09-27 20:00:00+00:00,SG,494,2025-10-01T17:33:10.994Z,2025-09-27T12:25:17.917Z,lifecycle,False,,20,5,9,1,-0.8660254037844386,0.5000000000000001
2025-09-27 21:00:00+00:00,SG,494,2025-10-01T17:33:10.994Z,2025-09-27T12:25:31.567Z,lifecycle,False,,21,5,9,1,-0.7071067811865477,0.7071067811865474
2025-09-27 22:00:00+00:00,SG,495,2025-10-23T00:15:50.728Z,2025-09-27T12:25:04.986Z,lifecycle,False,,22,5,9,1,-0.5000000000000004,0.8660254037844384
2025-09-27 23:00:00+00:00,SG,493,2025-10-01T17:33:10.965Z,2025-09-27T15:25:42.545Z,lifecycle,False,,23,5,9,1,-0.25881904510252157,0.9659258262890681
2025-09-28 00:00:00+00:00,SG,485,2025-10-01T17:33:11.047Z,2025-09-27T16:25:23.332Z,lifecycle,False,,0,6,9,1,0.0,1.0
2025-09-28 01:00:00+00:00,SG,478,2025-10-01T17:33:10.994Z,2025-09-27T17:25:01.864Z,lifecycle,False,,1,6,9,1,0.25881904510252074,0.9659258262890683
2025-09-28 02:00:00+00:00,SG,482,2025-10-23T00:15:50.728Z,2025-09-27T17:24:44.166Z,lifecycle,False,,2,6,9,1,0.49999999999999994,0.8660254037844387
2025-09-28 03:00:00+00:00,SG,477,2025-10-01T17:33:10.965Z,2025-09-27T17:25:01.864Z,lifecycle,False,,3,6,9,1,0.7071067811865476,0.7071067811865476
2025-09-28 04:00:00+00:00,SG,463,2025-10-01T17:33:10.965Z,2025-09-27T17:25:15.358Z,lifecycle,False,,4,6,9,1,0.8660254037844386,0.5000000000000001
2025-09-28 05:00:00+00:00,SG,448,2025-10-01T17:33:10.965Z,2025-09-27T17:24:44.166Z,lifecycle,False,,5,6,9,1,0.9659258262890683,0.25881904510252074
2025-09-28 06:00:00+00:00,SG,450,2025-10-05T00:41:19.012Z,2025-09-27T17:25:01.864Z,lifecycle,False,,6,6,9,1,1.0,6.123233995736766e-17
2025-09-28 07:00:00+00:00,SG,450,2025-10-23T00:15:50.472Z,2025-09-27T17:25:01.864Z,lifecycle,False,,7,6,9,1,0.9659258262890683,-0.25881904510252063
2025-09-28 08:00:00+00:00,SG,461,2025-10-12T00:18:09.147Z,2025-09-27T17:25:06.335Z,lifecycle,False,,8,6,9,1,0.8660254037844387,-0.4999999999999998
2025-09-28 09:00:00+00:00,SG,488,2025-10-05T00:41:19.549Z,2025-09-27T17:25:15.358Z,lifecycle,False,,9,6,9,1,0.7071067811865476,-0.7071067811865475
2025-09-28 10:00:00+00:00,SG,493,2025-10-23T00:15:50.728Z,2025-09-27T17:24:47.798Z,lifecycle,False,,10,6,9,1,0.49999999999999994,-0.8660254037844387
2025-09-28 11:00:00+00:00,SG,494,2025-10-01T08:24:52.019Z,2025-09-27T17:25:06.335Z,lifecycle,False,,11,6,9,1,0.258819045102521,-0.9659258262890682
2025-09-28 12:00:00+00:00,SG,494,2025-10-01T08:24:37.708Z,2025-09-27T17:25:06.335Z,lifecycle,False,,12,6,9,1,1.2246467991473532e-16,-1.0
2025-09-28 13:00:00+00:00,SG,494,2025-10-23T00:15:50.472Z,2025-09-27T17:25:15.358Z,lifecycle,False,,13,6,9,1,-0.2588190451025208,-0.9659258262890683
2025-09-28 14:00:00+00:00,SG,494,2025-10-23T00:15:50.728Z,2025-09-27T17:25:15.358Z,lifecycle,False,,14,6,9,1,-0.4999999999999997,-0.8660254037844388
2025-09-28 15:00:00+00:00,SG,494,2025-10-01T08:24:52.019Z,2025-09-27T17:24:47.798Z,lifecycle,False,,15,6,9,1,-0.7071067811865471,-0.7071067811865479
2025-09-28 16:00:00+00:00,SG,494,2025-10-01T08:25:11.356Z,2025-09-27T17:25:06.335Z,lifecycle,False,,16,6,9,1,-0.8660254037844385,-0.5000000000000004
2025-09-28 17:00:00+00:00,SG,494,2025-10-01T08:25:11.356Z,2025-09-27T17:25:15.358Z,lifecycle,False,,17,6,9,1,-0.9659258262890683,-0.25881904510252063
2025-09-28 18:00:00+00:00,SG,494,2025-10-23T00:15:50.472Z,2025-09-27T17:25:06.335Z,lifecycle,False,,18,6,9,1,-1.0,-1.8369701987210297e-16
2025-09-28 19:00:00+00:00,SG,495,2025-10-12T00:18:09.147Z,2025-09-27T17:24:47.798Z,lifecycle,False,,19,6,9,1,-0.9659258262890684,0.2588190451025203
2025-09-28 20:00:00+00:00,SG,495,2025-10-23T00:16:12.517Z,2025-09-28T12:10:43.117Z,lifecycle,False,,20,6,9,1,-0.8660254037844386,0.5000000000000001
2025-09-28 21:00:00+00:00,SG,494,2025-10-01T08:25:16.329Z,2025-09-28T12:10:30.601Z,lifecycle,False,,21,6,9,1,-0.7071067811865477,0.7071067811865474
2025-09-28 22:00:00+00:00,SG,495,2025-10-12T00:18:09.147Z,2025-09-28T12:10:30.601Z,lifecycle,False,,22,6,9,1,-0.5000000000000004,0.8660254037844384
2025-09-28 23:00:00+00:00,SG,490,2025-10-01T08:24:52.019Z,2025-09-28T15:25:41.844Z,lifecycle,False,,23,6,9,1,-0.25881904510252157,0.9659258262890681
2025-09-29 00:00:00+00:00,SG,478,2025-10-01T08:24:52.019Z,2025-09-28T16:25:39.588Z,lifecycle,False,,0,0,9,0,0.0,1.0
2025-09-29 01:00:00+00:00,SG,463,2025-10-01T08:24:37.708Z,2025-09-28T17:25:41.298Z,lifecycle,False,,1,0,9,0,0.25881904510252074,0.9659258262890683
2025-09-29 02:00:00+00:00,SG,457,2025-10-23T00:15:50.472Z,2025-09-28T17:25:26.255Z,lifecycle,False,,2,0,9,0,0.49999999999999994,0.8660254037844387
2025-09-29 03:00:00+00:00,SG,447,2025-10-01T08:24:37.708Z,2025-09-28T17:25:41.298Z,lifecycle,False,,3,0,9,0,0.7071067811865476,0.7071067811865476
2025-09-29 04:00:00+00:00,SG,448,2025-10-23T00:15:50.472Z,2025-09-28T17:25:26.255Z,lifecycle,False,,4,0,9,0,0.8660254037844386,0.5000000000000001
2025-09-29 05:00:00+00:00,SG,431,2025-10-01T08:24:37.708Z,2025-09-28T17:25:41.298Z,lifecycle,False,,5,0,9,0,0.9659258262890683,0.25881904510252074
2025-09-29 06:00:00+00:00,SG,453,2025-10-23T00:16:12.517Z,2025-09-28T17:25:57.403Z,lifecycle,False,,6,0,9,0,1.0,6.123233995736766e-17
2025-09-29 07:00:00+00:00,SG,458,2025-10-12T00:18:07.793Z,2025-09-28T17:25:30.466Z,lifecycle,False,,7,0,9,0,0.9659258262890683,-0.25881904510252063
2025-09-29 08:00:00+00:00,SG,459,2025-10-12T00:18:09.147Z,2025-09-28T17:25:57.403Z,lifecycle,False,,8,0,9,0,0.8660254037844387,-0.4999999999999998
2025-09-29 09:00:00+00:00,SG,478,2025-10-12T00:18:07.793Z,2025-09-28T17:25:30.466Z,lifecycle,False,,9,0,9,0,0.7071067811865476,-0.7071067811865475
2025-09-29 10:00:00+00:00,SG,492,2025-10-12T00:18:07.793Z,2025-09-28T17:25:46.993Z,lifecycle,False,,10,0,9,0,0.49999999999999994,-0.8660254037844387
2025-09-29 11:00:00+00:00,SG,494,2025-10-12T00:18:09.147Z,2025-09-28T17:25:30.466Z,lifecycle,False,,11,0,9,0,0.258819045102521,-0.9659258262890682
2025-09-29 12:00:00+00:00,SG,494,2025-10-12T00:18:09.147Z,2025-09-28T17:25:46.993Z,lifecycle,False,,12,0,9,0,1.2246467991473532e-16,-1.0
2025-09-29 13:00:00+00:00,SG,494,2025-10-06T00:36:27.747Z,2025-09-28T17:25:46.993Z,lifecycle,False,,13,0,9,0,-0.2588190451025208,-0.9659258262890683
2025-09-29 14:00:00+00:00,SG,495,2025-10-12T00:18:27.676Z,2025-09-28T17:25:46.993Z,lifecycle,False,,14,0,9,0,-0.4999999999999997,-0.8660254037844388
2025-09-29 15:00:00+00:00,SG,495,2025-10-12T00:18:09.147Z,2025-09-28T17:25:46.993Z,lifecycle,False,,15,0,9,0,-0.7071067811865471,-0.7071067811865479
2025-09-29 16:00:00+00:00,SG,495,2025-10-12T00:18:27.921Z,2025-09-28T17:25:30.466Z,lifecycle,False,,16,0,9,0,-0.8660254037844385,-0.5000000000000004
2025-09-29 17:00:00+00:00,SG,496,2025-10-12T00:18:27.676Z,2025-09-28T17:25:46.993Z,lifecycle,False,,17,0,9,0,-0.9659258262890683,-0.25881904510252063
2025-09-29 18:00:00+00:00,SG,495,2025-10-12T00:18:27.185Z,2025-09-28T17:25:46.993Z,lifecycle,False,,18,0,9,0,-1.0,-1.8369701987210297e-16
2025-09-29 19:00:00+00:00,SG,495,2025-10-12T00:18:27.921Z,2025-09-28T17:25:57.403Z,lifecycle,False,,19,0,9,0,-0.9659258262890684,0.2588190451025203
2025-09-29 20:00:00+00:00,SG,496,2025-10-12T00:18:27.676Z,2025-09-29T12:25:35.264Z,lifecycle,False,,20,0,9,0,-0.8660254037844386,0.5000000000000001
2025-09-29 21:00:00+00:00,SG,495,2025-10-12T00:18:27.185Z,2025-09-29T12:26:07.859Z,lifecycle,False,,21,0,9,0,-0.7071067811865477,0.7071067811865474
2025-09-29 22:00:00+00:00,SG,495,2025-10-12T00:18:27.185Z,2025-09-29T12:25:57.080Z,lifecycle,False,,22,0,9,0,-0.5000000000000004,0.8660254037844384
2025-09-29 23:00:00+00:00,SG,494,2025-10-06T00:36:27.747Z,2025-09-29T15:25:25.326Z,lifecycle,False,,23,0,9,0,-0.25881904510252157,0.9659258262890681
2025-09-30 00:00:00+00:00,SG,486,2025-10-01T08:25:16.329Z,2025-09-29T16:25:33.173Z,lifecycle,False,,0,1,9,0,0.0,1.0
2025-09-30 01:00:00+00:00,SG,474,2025-10-23T00:16:28.335Z,2025-09-29T17:25:25.107Z,lifecycle,False,,1,1,9,0,0.25881904510252074,0.9659258262890683
2025-09-30 02:00:00+00:00,SG,461,2025-10-01T08:25:02.096Z,2025-09-29T17:40:35.988Z,lifecycle,False,,2,1,9,0,0.49999999999999994,0.8660254037844387
2025-09-30 03:00:00+00:00,SG,457,2025-10-12T00:18:27.921Z,2025-09-29T17:40:41.663Z,lifecycle,False,,3,1,9,0,0.7071067811865476,0.7071067811865476
2025-09-30 04:00:00+00:00,SG,462,2025-10-12T00:18:27.921Z,2025-09-29T17:40:41.663Z,lifecycle,False,,4,1,9,0,0.8660254037844386,0.5000000000000001
2025-09-30 05:00:00+00:00,SG,446,2025-10-01T08:24:53.832Z,2025-09-29T17:40:41.663Z,lifecycle,False,,5,1,9,0,0.9659258262890683,0.25881904510252074
2025-09-30 06:00:00+00:00,SG,453,2025-10-12T00:18:27.676Z,2025-09-29T17:40:22.719Z,lifecycle,False,,6,1,9,0,1.0,6.123233995736766e-17
2025-09-30 07:00:00+00:00,SG,484,2025-10-12T00:18:27.185Z,2025-09-29T17:40:41.663Z,lifecycle,False,,7,1,9,0,0.9659258262890683,-0.25881904510252063
2025-09-30 08:00:00+00:00,SG,488,2025-10-12T00:18:27.676Z,2025-09-29T17:40:41.663Z,lifecycle,False,,8,1,9,0,0.8660254037844387,-0.4999999999999998
2025-09-30 09:00:00+00:00,SG,490,2025-10-12T00:18:27.676Z,2025-09-29T17:40:22.719Z,lifecycle,False,,9,1,9,0,0.7071067811865476,-0.7071067811865475
2025-09-30 10:00:00+00:00,SG,493,2025-10-12T00:18:27.921Z,2025-09-29T17:40:26.421Z,lifecycle,False,,10,1,9,0,0.49999999999999994,-0.8660254037844387
2025-09-30 11:00:00+00:00,SG,494,2025-10-12T00:18:27.185Z,2025-09-29T17:40:26.421Z,lifecycle,False,,11,1,9,0,0.258819045102521,-0.9659258262890682
2025-09-30 12:00:00+00:00,SG,494,2025-10-01T08:24:53.832Z,2025-09-29T17:40:52.528Z,lifecycle,False,,12,1,9,0,1.2246467991473532e-16,-1.0
2025-09-30 13:00:00+00:00,SG,494,2025-10-01T08:24:53.832Z,2025-09-29T17:40:41.663Z,lifecycle,False,,13,1,9,0,-0.2588190451025208,-0.9659258262890683
2025-09-30 14:00:00+00:00,SG,494,2025-10-23T00:16:09.005Z,2025-09-29T17:40:41.663Z,lifecycle,False,,14,1,9,0,-0.4999999999999997,-0.8660254037844388
2025-09-30 15:00:00+00:00,SG,494,2025-10-12T00:18:27.185Z,2025-09-29T17:40:26.421Z,lifecycle,False,,15,1,9,0,-0.7071067811865471,-0.7071067811865479
2025-09-30 16:00:00+00:00,SG,496,2025-10-12T00:18:27.676Z,2025-09-29T17:40:52.528Z,lifecycle,False,,16,1,9,0,-0.8660254037844385,-0.5000000000000004
2025-09-30 17:00:00+00:00,SG,495,2025-10-12T00:18:27.921Z,2025-09-29T17:40:41.663Z,lifecycle,False,,17,1,9,0,-0.9659258262890683,-0.25881904510252063
2025-09-30 18:00:00+00:00,SG,496,2025-10-12T00:18:27.921Z,2025-09-29T17:40:41.663Z,lifecycle,False,,18,1,9,0,-1.0,-1.8369701987210297e-16
2025-09-30 19:00:00+00:00,SG,495,2025-10-12T00:18:27.676Z,2025-09-29T17:40:52.528Z,lifecycle,False,,19,1,9,0,-0.9659258262890684,0.2588190451025203
2025-09-30 20:00:00+00:00,SG,496,2025-10-12T00:18:27.921Z,2025-09-30T12:10:45.367Z,lifecycle,False,,20,1,9,0,-0.8660254037844386,0.5000000000000001
2025-09-30 21:00:00+00:00,SG,495,2025-10-12T00:18:27.676Z,2025-09-30T12:10:20.140Z,lifecycle,False,,21,1,9,0,-0.7071067811865477,0.7071067811865474
2025-09-30 22:00:00+00:00,SG,495,2025-10-12T00:18:27.676Z,2025-09-30T12:10:32.538Z,lifecycle,False,,22,1,9,0,-0.5000000000000004,0.8660254037844384
2025-09-30 23:00:00+00:00,SG,492,2025-10-12T00:18:27.185Z,2025-09-30T15:25:22.946Z,lifecycle,False,,23,1,9,0,-0.25881904510252157,0.9659258262890681
2025-10-01 00:00:00+00:00,SG,482,2025-10-02T12:25:38.774Z,2025-09-30T16:27:21.239Z,lifecycle,False,,0,2,10,0,0.0,1.0
2025-10-01 01:00:00+00:00,SG,469,2025-10-01T08:25:23.881Z,2025-09-30T17:09:49.290Z,lifecycle,False,,1,2,10,0,0.25881904510252074,0.9659258262890683
2025-10-01 02:00:00+00:00,SG,456,2025-10-08T00:43:57.503Z,2025-09-30T17:27:06.638Z,lifecycle,False,,2,2,10,0,0.49999999999999994,0.8660254037844387
2025-10-01 03:00:00+00:00,SG,459,2025-10-08T00:43:57.503Z,2025-09-30T17:27:28.369Z,lifecycle,False,,3,2,10,0,0.7071067811865476,0.7071067811865476
2025-10-01 04:00:00+00:00,SG,455,2025-10-04T00:25:33.511Z,2025-09-30T17:27:17.075Z,lifecycle,False,,4,2,10,0,0.8660254037844386,0.5000000000000001
2025-10-01 05:00:00+00:00,SG,446,2025-10-08T00:43:37.874Z,2025-09-30T17:27:06.638Z,lifecycle,False,,5,2,10,0,0.9659258262890683,0.25881904510252074
2025-10-01 06:00:00+00:00,SG,466,2025-10-09T00:34:05.012Z,2025-09-30T17:27:28.369Z,lifecycle,False,,6,2,10,0,1.0,6.123233995736766e-17
2025-10-01 07:00:00+00:00,SG,462,2025-10-08T00:45:10.549Z,2025-09-30T17:27:28.369Z,lifecycle,False,,7,2,10,0,0.9659258262890683,-0.25881904510252063
2025-10-01 08:00:00+00:00,SG,469,2025-10-09T00:34:57.554Z,2025-09-30T17:27:28.369Z,lifecycle,False,,8,2,10,0,0.8660254037844387,-0.4999999999999998
2025-10-01 09:00:00+00:00,SG,485,2025-10-09T00:35:04.678Z,2025-09-30T17:27:28.369Z,lifecycle,False,,9,2,10,0,0.7071067811865476,-0.7071067811865475
2025-10-01 10:00:00+00:00,SG,493,2025-10-09T00:35:04.678Z,2025-09-30T17:27:09.833Z,lifecycle,False,,10,2,10,0,0.49999999999999994,-0.8660254037844387
2025-10-01 11:00:00+00:00,SG,493,2025-10-01T12:25:36.803Z,2025-09-30T17:27:09.833Z,lifecycle,False,,11,2,10,0,0.258819045102521,-0.9659258262890682
2025-10-01 12:00:00+00:00,SG,493,2025-10-01T13:27:24.168Z,2025-09-30T17:27:09.833Z,lifecycle,False,,12,2,10,0,1.2246467991473532e-16,-1.0
2025-10-01 13:00:00+00:00,SG,493,2025-10-01T14:24:57.332Z,2025-09-30T17:27:09.833Z,lifecycle,False,,13,2,10,0,-0.2588190451025208,-0.9659258262890683
2025-10-01 14:00:00+00:00,SG,494,2025-10-01T15:25:33.484Z,2025-09-30T17:27:21.554Z,lifecycle,False,,14,2,10,0,-0.4999999999999997,-0.8660254037844388
2025-10-01 15:00:00+00:00,SG,494,2025-10-01T16:25:34.308Z,2025-09-30T17:27:09.833Z,lifecycle,False,,15,2,10,0,-0.7071067811865471,-0.7071067811865479
2025-10-01 16:00:00+00:00,SG,494,2025-10-01T17:25:16.811Z,2025-09-30T17:27:21.554Z,lifecycle,False,,16,2,10,0,-0.8660254037844385,-0.5000000000000004
2025-10-01 17:00:00+00:00,SG,494,2025-10-09T00:34:57.554Z,2025-09-30T17:27:28.369Z,lifecycle,False,,17,2,10,0,-0.9659258262890683,-0.25881904510252063
2025-10-01 18:00:00+00:00,SG,495,2025-10-09T00:35:04.678Z,2025-09-30T17:27:09.833Z,lifecycle,False,,18,2,10,0,-1.0,-1.8369701987210297e-16
2025-10-01 19:00:00+00:00,SG,495,2025-10-09T00:35:04.678Z,2025-09-30T17:27:09.833Z,lifecycle,False,,19,2,10,0,-0.9659258262890684,0.2588190451025203
2025-10-01 20:00:00+00:00,SG,495,2025-10-09T00:35:04.678Z,2025-10-01T12:25:59.341Z,lifecycle,False,,20,2,10,0,-0.8660254037844386,0.5000000000000001
2025-10-01 21:00:00+00:00,SG,495,2025-10-08T00:43:46.962Z,2025-10-01T12:25:59.341Z,lifecycle,False,,21,2,10,0,-0.7071067811865477,0.7071067811865474
2025-10-01 22:00:00+00:00,SG,495,2025-10-09T00:35:04.678Z,2025-10-01T12:25:36.653Z,lifecycle,False,,22,2,10,0,-0.5000000000000004,0.8660254037844384
2025-10-01 23:00:00+00:00,SG,491,2025-10-09T00:35:04.678Z,2025-10-01T15:25:33.484Z,lifecycle,False,,23,2,10,0,-0.25881904510252157,0.9659258262890681
2025-10-02 00:00:00+00:00,SG,475,2025-10-02T01:25:11.613Z,2025-10-01T16:25:09.863Z,lifecycle,False,,0,3,10,0,0.0,1.0
2025-10-02 01:00:00+00:00,SG,458,2025-10-02T02:24:48.977Z,2025-10-01T17:25:49.161Z,lifecycle,False,,1,3,10,0,0.25881904510252074,0.9659258262890683
2025-10-02 02:00:00+00:00,SG,443,2025-10-02T03:26:16.312Z,2025-10-01T17:25:49.161Z,lifecycle,False,,2,3,10,0,0.49999999999999994,0.8660254037844387
2025-10-02 03:00:00+00:00,SG,433,2025-10-02T04:25:52.302Z,2025-10-01T17:25:00.778Z,lifecycle,False,,3,3,10,0,0.7071067811865476,0.7071067811865476
2025-10-02 04:00:00+00:00,SG,437,2025-10-09T00:34:57.554Z,2025-10-01T17:25:49.161Z,lifecycle,False,,4,3,10,0,0.8660254037844386,0.5000000000000001
2025-10-02 05:00:00+00:00,SG,442,2025-10-09T00:34:05.012Z,2025-10-01T17:25:49.161Z,lifecycle,False,,5,3,10,0,0.9659258262890683,0.25881904510252074
2025-10-02 06:00:00+00:00,SG,453,2025-10-09T00:35:04.678Z,2025-10-01T17:25:00.778Z,lifecycle,False,,6,3,10,0,1.0,6.123233995736766e-17
2025-10-02 07:00:00+00:00,SG,487,2025-10-09T00:34:05.012Z,2025-10-01T17:25:16.789Z,lifecycle,False,,7,3,10,0,0.9659258262890683,-0.25881904510252063
2025-10-02 08:00:00+00:00,SG,479,2025-10-02T09:25:57.908Z,2025-10-01T17:25:28.573Z,lifecycle,False,,8,3,10,0,0.8660254037844387,-0.4999999999999998
2025-10-02 09:00:00+00:00,SG,485,2025-10-09T00:35:03.371Z,2025-10-01T17:25:16.789Z,lifecycle,False,,9,3,10,0,0.7071067811865476,-0.7071067811865475
2025-10-02 10:00:00+00:00,SG,492,2025-10-09T00:35:03.371Z,2025-10-01T17:25:16.789Z,lifecycle,False,,10,3,10,0,0.49999999999999994,-0.8660254037844387
2025-10-02 11:00:00+00:00,SG,494,2025-10-10T00:34:28.080Z,2025-10-01T17:25:16.789Z,lifecycle,False,,11,3,10,0,0.258819045102521,-0.9659258262890682
2025-10-02 12:00:00+00:00,SG,494,2025-10-09T00:34:13.121Z,2025-10-01T17:25:28.573Z,lifecycle,False,,12,3,10,0,1.2246467991473532e-16,-1.0
2025-10-02 13:00:00+00:00,SG,494,2025-10-02T15:11:39.207Z,2025-10-01T17:25:16.789Z,lifecycle,False,,13,3,10,0,-0.2588190451025208,-0.9659258262890683
2025-10-02 14:00:00+00:00,SG,494,2025-10-02T15:26:25.655Z,2025-10-01T17:25:49.161Z,lifecycle,False,,14,3,10,0,-0.4999999999999997,-0.8660254037844388
2025-10-02 15:00:00+00:00,SG,494,2025-10-02T16:26:33.126Z,2025-10-01T17:25:49.161Z,lifecycle,False,,15,3,10,0,-0.7071067811865471,-0.7071067811865479
2025-10-02 16:00:00+00:00,SG,495,2025-10-09T00:35:09.297Z,2025-10-01T17:25:49.161Z,lifecycle,False,,16,3,10,0,-0.8660254037844385,-0.5000000000000004
2025-10-02 17:00:00+00:00,SG,495,2025-10-10T00:34:00.145Z,2025-10-01T17:25:28.573Z,lifecycle,False,,17,3,10,0,-0.9659258262890683,-0.25881904510252063
2025-10-02 18:00:00+00:00,SG,495,2025-10-10T00:34:28.080Z,2025-10-01T17:25:49.161Z,lifecycle,False,,18,3,10,0,-1.0,-1.8369701987210297e-16
2025-10-02 19:00:00+00:00,SG,496,2025-10-10T00:34:22.075Z,2025-10-01T17:25:28.573Z,lifecycle,False,,19,3,10,0,-0.9659258262890684,0.2588190451025203
2025-10-02 20:00:00+00:00,SG,495,2025-10-10T00:34:22.075Z,2025-10-02T12:25:48.490Z,lifecycle,False,,20,3,10,0,-0.8660254037844386,0.5000000000000001
2025-10-02 21:00:00+00:00,SG,495,2025-10-05T12:40:37.916Z,2025-10-02T12:26:04.249Z,lifecycle,False,,21,3,10,0,-0.7071067811865477,0.7071067811865474
2025-10-02 22:00:00+00:00,SG,494,2025-10-02T23:25:50.950Z,2025-10-02T12:26:20.564Z,lifecycle,False,,22,3,10,0,-0.5000000000000004,0.8660254037844384
2025-10-02 23:00:00+00:00,SG,491,2025-10-10T00:34:22.075Z,2025-10-02T15:26:13.699Z,lifecycle,False,,23,3,10,0,-0.25881904510252157,0.9659258262890681
2025-10-03 00:00:00+00:00,SG,486,2025-10-04T00:25:55.997Z,2025-10-02T16:26:33.126Z,lifecycle,False,,0,4,10,0,0.0,1.0
2025-10-03 01:00:00+00:00,SG,486,2025-10-10T00:34:00.145Z,2025-10-02T17:27:07.834Z,lifecycle,False,,1,4,10,0,0.25881904510252074,0.9659258262890683
2025-10-03 02:00:00+00:00,SG,460,2025-10-03T03:26:20.590Z,2025-10-02T17:26:55.783Z,lifecycle,False,,2,4,10,0,0.49999999999999994,0.8660254037844387
2025-10-03 03:00:00+00:00,SG,453,2025-10-10T00:34:22.075Z,2025-10-02T17:26:55.783Z,lifecycle,False,,3,4,10,0,0.7071067811865476,0.7071067811865476
2025-10-03 04:00:00+00:00,SG,443,2025-10-03T05:25:57.743Z,2025-10-02T17:27:44.136Z,lifecycle,False,,4,4,10,0,0.8660254037844386,0.5000000000000001
2025-10-03 05:00:00+00:00,SG,440,2025-10-10T00:34:00.145Z,2025-10-02T17:26:55.783Z,lifecycle,False,,5,4,10,0,0.9659258262890683,0.25881904510252074
2025-10-03 06:00:00+00:00,SG,478,2025-10-10T00:34:00.145Z,2025-10-02T17:27:09.640Z,lifecycle,False,,6,4,10,0,1.0,6.123233995736766e-17
2025-10-03 07:00:00+00:00,SG,474,2025-10-10T00:34:00.145Z,2025-10-02T17:27:44.136Z,lifecycle,False,,7,4,10,0,0.9659258262890683,-0.25881904510252063
2025-10-03 08:00:00+00:00,SG,483,2025-10-10T00:34:05.643Z,2025-10-02T17:27:44.136Z,lifecycle,False,,8,4,10,0,0.8660254037844387,-0.4999999999999998
2025-10-03 09:00:00+00:00,SG,489,2025-10-10T00:34:22.075Z,2025-10-02T17:27:44.136Z,lifecycle,False,,9,4,10,0,0.7071067811865476,-0.7071067811865475
2025-10-03 10:00:00+00:00,SG,493,2025-10-10T00:34:26.767Z,2025-10-02T17:27:09.640Z,lifecycle,False,,10,4,10,0,0.49999999999999994,-0.8660254037844387
2025-10-03 11:00:00+00:00,SG,494,2025-10-10T00:34:05.643Z,2025-10-02T17:27:44.136Z,lifecycle,False,,11,4,10,0,0.258819045102521,-0.9659258262890682
2025-10-03 12:00:00+00:00,SG,493,2025-10-03T14:11:48.529Z,2025-10-02T17:27:09.640Z,lifecycle,False,,12,4,10,0,1.2246467991473532e-16,-1.0
2025-10-03 13:00:00+00:00,SG,494,2025-10-03T15:13:45.507Z,2025-10-02T17:27:21.588Z,lifecycle,False,,13,4,10,0,-0.2588190451025208,-0.9659258262890683
2025-10-03 14:00:00+00:00,SG,495,2025-10-10T00:34:05.643Z,2025-10-02T17:27:21.588Z,lifecycle,False,,14,4,10,0,-0.4999999999999997,-0.8660254037844388
2025-10-03 15:00:00+00:00,SG,495,2025-10-10T00:34:32.446Z,2025-10-02T17:27:09.640Z,lifecycle,False,,15,4,10,0,-0.7071067811865471,-0.7071067811865479
2025-10-03 16:00:00+00:00,SG,496,2025-10-10T00:34:05.643Z,2025-10-02T17:27:21.588Z,lifecycle,False,,16,4,10,0,-0.8660254037844385,-0.5000000000000004
2025-10-03 17:00:00+00:00,SG,497,2025-10-11T00:34:41.020Z,2025-10-02T17:27:09.640Z,lifecycle,False,,17,4,10,0,-0.9659258262890683,-0.25881904510252063
2025-10-03 18:00:00+00:00,SG,495,2025-10-10T00:34:05.643Z,2025-10-02T17:27:09.640Z,lifecycle,False,,18,4,10,0,-1.0,-1.8369701987210297e-16
2025-10-03 19:00:00+00:00,SG,496,2025-10-11T00:34:23.928Z,2025-10-02T17:27:21.588Z,lifecycle,False,,19,4,10,0,-0.9659258262890684,0.2588190451025203
2025-10-03 20:00:00+00:00,SG,495,2025-10-10T00:34:32.446Z,2025-10-03T12:10:50.624Z,lifecycle,False,,20,4,10,0,-0.8660254037844386,0.5000000000000001
2025-10-03 21:00:00+00:00,SG,495,2025-10-03T23:10:53.761Z,2025-10-03T12:10:36.191Z,lifecycle,False,,21,4,10,0,-0.7071067811865477,0.7071067811865474
2025-10-03 22:00:00+00:00,SG,495,2025-10-10T00:34:32.446Z,2025-10-03T12:10:50.624Z,lifecycle,False,,22,4,10,0,-0.5000000000000004,0.8660254037844384
2025-10-03 23:00:00+00:00,SG,491,2025-10-10T00:34:26.767Z,2025-10-03T15:27:39.283Z,lifecycle,False,,23,4,10,0,-0.25881904510252157,0.9659258262890681
2025-10-04 00:00:00+00:00,SG,473,2025-10-04T01:26:05.290Z,2025-10-03T16:26:09.994Z,lifecycle,False,,0,5,10,1,0.0,1.0
2025-10-04 01:00:00+00:00,SG,456,2025-10-04T02:25:32.781Z,2025-10-03T17:25:28.634Z,lifecycle,False,,1,5,10,1,0.25881904510252074,0.9659258262890683
2025-10-04 02:00:00+00:00,SG,438,2025-10-11T00:34:00.063Z,2025-10-03T17:25:12.445Z,lifecycle,False,,2,5,10,1,0.49999999999999994,0.8660254037844387
2025-10-04 03:00:00+00:00,SG,426,2025-10-06T18:25:21.677Z,2025-10-03T17:25:43.489Z,lifecycle,False,,3,5,10,1,0.7071067811865476,0.7071067811865476
2025-10-04 04:00:00+00:00,SG,423,2025-10-11T00:34:23.928Z,2025-10-03T17:25:12.445Z,lifecycle,False,,4,5,10,1,0.8660254037844386,0.5000000000000001
2025-10-04 05:00:00+00:00,SG,427,2025-10-11T00:34:00.063Z,2025-10-03T17:25:28.634Z,lifecycle,False,,5,5,10,1,0.9659258262890683,0.25881904510252074
2025-10-04 06:00:00+00:00,SG,428,2025-10-04T07:26:30.405Z,2025-10-03T17:25:43.489Z,lifecycle,False,,6,5,10,1,1.0,6.123233995736766e-17
2025-10-04 07:00:00+00:00,SG,455,2025-10-11T00:34:41.020Z,2025-10-03T17:25:12.445Z,lifecycle,False,,7,5,10,1,0.9659258262890683,-0.25881904510252063
2025-10-04 08:00:00+00:00,SG,471,2025-10-11T00:34:23.928Z,2025-10-03T17:25:33.324Z,lifecycle,False,,8,5,10,1,0.8660254037844387,-0.4999999999999998
2025-10-04 09:00:00+00:00,SG,486,2025-10-11T00:34:41.020Z,2025-10-03T17:25:18.406Z,lifecycle,False,,9,5,10,1,0.7071067811865476,-0.7071067811865475
2025-10-04 10:00:00+00:00,SG,493,2025-10-11T00:34:07.104Z,2025-10-03T17:25:18.406Z,lifecycle,False,,10,5,10,1,0.49999999999999994,-0.8660254037844387
2025-10-04 11:00:00+00:00,SG,495,2025-10-11T00:34:07.104Z,2025-10-03T17:25:33.324Z,lifecycle,False,,11,5,10,1,0.258819045102521,-0.9659258262890682
2025-10-04 12:00:00+00:00,SG,495,2025-10-11T00:34:28.414Z,2025-10-03T17:25:18.406Z,lifecycle,False,,12,5,10,1,1.2246467991473532e-16,-1.0
2025-10-04 13:00:00+00:00,SG,495,2025-10-11T00:34:45.072Z,2025-10-03T17:25:43.489Z,lifecycle,False,,13,5,10,1,-0.2588190451025208,-0.9659258262890683
2025-10-04 14:00:00+00:00,SG,494,2025-10-04T15:40:17.429Z,2025-10-03T17:25:18.406Z,lifecycle,False,,14,5,10,1,-0.4999999999999997,-0.8660254037844388
2025-10-04 15:00:00+00:00,SG,495,2025-10-04T16:25:54.379Z,2025-10-03T17:25:33.324Z,lifecycle,False,,15,5,10,1,-0.7071067811865471,-0.7071067811865479
2025-10-04 16:00:00+00:00,SG,495,2025-10-04T17:25:14.697Z,2025-10-03T17:25:18.406Z,lifecycle,False,,16,5,10,1,-0.8660254037844385,-0.5000000000000004
2025-10-04 17:00:00+00:00,SG,495,2025-10-11T00:34:28.414Z,2025-10-03T17:25:18.406Z,lifecycle,False,,17,5,10,1,-0.9659258262890683,-0.25881904510252063
2025-10-04 18:00:00+00:00,SG,496,2025-10-04T20:11:34.842Z,2025-10-03T17:25:18.406Z,lifecycle,False,,18,5,10,1,-1.0,-1.8369701987210297e-16
2025-10-04 19:00:00+00:00,SG,496,2025-10-07T00:25:13.422Z,2025-10-03T17:25:43.489Z,lifecycle,False,,19,5,10,1,-0.9659258262890684,0.2588190451025203
2025-10-04 20:00:00+00:00,SG,496,2025-10-11T00:34:07.104Z,2025-10-04T12:26:01.893Z,lifecycle,False,,20,5,10,1,-0.8660254037844386,0.5000000000000001
2025-10-04 21:00:00+00:00,SG,495,2025-10-06T06:40:33.621Z,2025-10-04T12:26:01.893Z,lifecycle,False,,21,5,10,1,-0.7071067811865477,0.7071067811865474
2025-10-04 22:00:00+00:00,SG,496,2025-10-11T00:34:45.072Z,2025-10-04T12:26:34.725Z,lifecycle,False,,22,5,10,1,-0.5000000000000004,0.8660254037844384
2025-10-04 23:00:00+00:00,SG,492,2025-10-11T00:34:07.104Z,2025-10-04T15:25:41.719Z,lifecycle,False,,23,5,10,1,-0.25881904510252157,0.9659258262890681
2025-10-05 00:00:00+00:00,SG,477,2025-10-12T00:38:36.047Z,2025-10-04T16:25:39.605Z,lifecycle,False,,0,6,10,1,0.0,1.0
2025-10-05 01:00:00+00:00,SG,465,2025-10-05T03:10:07.634Z,2025-10-04T17:25:14.697Z,lifecycle,False,,1,6,10,1,0.25881904510252074,0.9659258262890683
2025-10-05 02:00:00+00:00,SG,453,2025-10-12T00:38:36.047Z,2025-10-04T17:25:14.697Z,lifecycle,False,,2,6,10,1,0.49999999999999994,0.8660254037844387
2025-10-05 03:00:00+00:00,SG,432,2025-10-05T04:26:21.362Z,2025-10-04T17:25:14.697Z,lifecycle,False,,3,6,10,1,0.7071067811865476,0.7071067811865476
2025-10-05 04:00:00+00:00,SG,424,2025-10-05T05:27:30.851Z,2025-10-04T17:25:47.527Z,lifecycle,False,,4,6,10,1,0.8660254037844386,0.5000000000000001
2025-10-05 05:00:00+00:00,SG,428,2025-10-12T00:38:17.488Z,2025-10-04T17:25:47.527Z,lifecycle,False,,5,6,10,1,0.9659258262890683,0.25881904510252074
2025-10-05 06:00:00+00:00,SG,428,2025-10-12T00:38:17.488Z,2025-10-04T17:25:14.697Z,lifecycle,False,,6,6,10,1,1.0,6.123233995736766e-17
2025-10-05 07:00:00+00:00,SG,458,2025-10-12T00:38:17.488Z,2025-10-04T17:25:47.527Z,lifecycle,False,,7,6,10,1,0.9659258262890683,-0.25881904510252063
2025-10-05 08:00:00+00:00,SG,468,2025-10-12T00:38:36.047Z,2025-10-04T17:25:19.662Z,lifecycle,False,,8,6,10,1,0.8660254037844387,-0.4999999999999998
2025-10-05 09:00:00+00:00,SG,479,2025-10-12T00:38:01.782Z,2025-10-04T17:25:47.527Z,lifecycle,False,,9,6,10,1,0.7071067811865476,-0.7071067811865475
2025-10-05 10:00:00+00:00,SG,492,2025-10-12T00:38:07.515Z,2025-10-04T17:25:36.847Z,lifecycle,False,,10,6,10,1,0.49999999999999994,-0.8660254037844387
2025-10-05 11:00:00+00:00,SG,494,2025-10-12T00:38:36.047Z,2025-10-04T17:25:47.527Z,lifecycle,False,,11,6,10,1,0.258819045102521,-0.9659258262890682
2025-10-05 12:00:00+00:00,SG,494,2025-10-12T00:38:23.888Z,2025-10-04T17:25:47.527Z,lifecycle,False,,12,6,10,1,1.2246467991473532e-16,-1.0
2025-10-05 13:00:00+00:00,SG,494,2025-10-05T18:41:17.091Z,2025-10-04T17:25:47.527Z,lifecycle,False,,13,6,10,1,-0.2588190451025208,-0.9659258262890683
2025-10-05 14:00:00+00:00,SG,495,2025-10-13T00:30:45.576Z,2025-10-04T17:25:47.527Z,lifecycle,False,,14,6,10,1,-0.4999999999999997,-0.8660254037844388
2025-10-05 15:00:00+00:00,SG,495,2025-10-12T00:38:36.047Z,2025-10-04T17:25:47.527Z,lifecycle,False,,15,6,10,1,-0.7071067811865471,-0.7071067811865479
2025-10-05 16:00:00+00:00,SG,495,2025-10-13T00:30:49.324Z,2025-10-04T17:25:19.662Z,lifecycle,False,,16,6,10,1,-0.8660254037844385,-0.5000000000000004
2025-10-05 17:00:00+00:00,SG,495,2025-10-12T00:38:07.515Z,2025-10-04T17:25:36.847Z,lifecycle,False,,17,6,10,1,-0.9659258262890683,-0.25881904510252063
2025-10-05 18:00:00+00:00,SG,495,2025-10-08T18:25:18.065Z,2025-10-04T17:25:47.527Z,lifecycle,False,,18,6,10,1,-1.0,-1.8369701987210297e-16
2025-10-05 19:00:00+00:00,SG,496,2025-10-12T00:38:23.888Z,2025-10-04T17:25:47.527Z,lifecycle,False,,19,6,10,1,-0.9659258262890684,0.2588190451025203
2025-10-05 20:00:00+00:00,SG,495,2025-10-05T22:11:03.980Z,2025-10-05T12:40:48.399Z,lifecycle,False,,20,6,10,1,-0.8660254037844386,0.5000000000000001
2025-10-05 21:00:00+00:00,SG,494,2025-10-12T00:38:07.515Z,2025-10-05T12:40:48.399Z,lifecycle,False,,21,6,10,1,-0.7071067811865477,0.7071067811865474
2025-10-05 22:00:00+00:00,SG,494,2025-10-12T00:38:07.515Z,2025-10-05T12:40:37.971Z,lifecycle,False,,22,6,10,1,-0.5000000000000004,0.8660254037844384
2025-10-05 23:00:00+00:00,SG,493,2025-10-13T00:30:23.262Z,2025-10-05T15:39:44.964Z,lifecycle,False,,23,6,10,1,-0.25881904510252157,0.9659258262890681
2025-10-06 00:00:00+00:00,SG,478,2025-10-06T01:41:45.128Z,2025-10-05T16:41:37.802Z,lifecycle,False,,0,0,10,0,0.0,1.0
2025-10-06 01:00:00+00:00,SG,469,2025-10-06T02:41:11.883Z,2025-10-05T17:40:29.867Z,lifecycle,False,,1,0,10,0,0.25881904510252074,0.9659258262890683
2025-10-06 02:00:00+00:00,SG,469,2025-10-13T00:30:45.576Z,2025-10-05T17:40:08.704Z,lifecycle,False,,2,0,10,0,0.49999999999999994,0.8660254037844387
2025-10-06 03:00:00+00:00,SG,466,2025-10-13T00:30:49.324Z,2025-10-05T17:40:29.867Z,lifecycle,False,,3,0,10,0,0.7071067811865476,0.7071067811865476
2025-10-06 04:00:00+00:00,SG,475,2025-10-13T00:30:49.324Z,2025-10-05T17:40:29.867Z,lifecycle,False,,4,0,10,0,0.8660254037844386,0.5000000000000001
2025-10-06 05:00:00+00:00,SG,457,2025-10-06T06:41:06.041Z,2025-10-05T17:40:29.867Z,lifecycle,False,,5,0,10,0,0.9659258262890683,0.25881904510252074
2025-10-06 06:00:00+00:00,SG,479,2025-10-13T00:30:23.262Z,2025-10-05T17:40:08.704Z,lifecycle,False,,6,0,10,0,1.0,6.123233995736766e-17
2025-10-06 07:00:00+00:00,SG,479,2025-10-13T00:30:45.576Z,2025-10-05T17:40:47.463Z,lifecycle,False,,7,0,10,0,0.9659258262890683,-0.25881904510252063
2025-10-06 08:00:00+00:00,SG,480,2025-10-14T00:32:58.724Z,2025-10-05T17:40:13.973Z,lifecycle,False,,8,0,10,0,0.8660254037844387,-0.4999999999999998
2025-10-06 09:00:00+00:00,SG,483,2025-10-08T06:24:54.725Z,2025-10-05T17:40:13.973Z,lifecycle,False,,9,0,10,0,0.7071067811865476,-0.7071067811865475
2025-10-06 10:00:00+00:00,SG,492,2025-10-14T00:32:29.614Z,2025-10-05T17:40:36.399Z,lifecycle,False,,10,0,10,0,0.49999999999999994,-0.8660254037844387
2025-10-06 11:00:00+00:00,SG,493,2025-10-06T12:25:57.603Z,2025-10-05T17:40:47.463Z,lifecycle,False,,11,0,10,0,0.258819045102521,-0.9659258262890682
2025-10-06 12:00:00+00:00,SG,493,2025-10-13T00:30:28.567Z,2025-10-05T17:40:13.973Z,lifecycle,False,,12,0,10,0,1.2246467991473532e-16,-1.0
2025-10-06 13:00:00+00:00,SG,494,2025-10-13T00:30:50.270Z,2025-10-05T17:40:47.463Z,lifecycle,False,,13,0,10,0,-0.2588190451025208,-0.9659258262890683
2025-10-06 14:00:00+00:00,SG,494,2025-10-13T00:30:50.270Z,2025-10-05T17:40:47.463Z,lifecycle,False,,14,0,10,0,-0.4999999999999997,-0.8660254037844388
2025-10-06 15:00:00+00:00,SG,494,2025-10-06T16:25:48.831Z,2025-10-05T17:40:13.973Z,lifecycle,False,,15,0,10,0,-0.7071067811865471,-0.7071067811865479
2025-10-06 16:00:00+00:00,SG,495,2025-10-13T00:30:50.270Z,2025-10-05T17:40:13.973Z,lifecycle,False,,16,0,10,0,-0.8660254037844385,-0.5000000000000004
2025-10-06 17:00:00+00:00,SG,495,2025-10-08T06:25:12.803Z,2025-10-05T17:40:47.463Z,lifecycle,False,,17,0,10,0,-0.9659258262890683,-0.25881904510252063
2025-10-06 18:00:00+00:00,SG,496,2025-10-07T06:25:34.545Z,2025-10-05T17:40:47.463Z,lifecycle,False,,18,0,10,0,-1.0,-1.8369701987210297e-16
2025-10-06 19:00:00+00:00,SG,495,2025-10-06T20:25:52.663Z,2025-10-05T17:40:47.463Z,lifecycle,False,,19,0,10,0,-0.9659258262890684,0.2588190451025203
2025-10-06 20:00:00+00:00,SG,495,2025-10-06T22:10:45.194Z,2025-10-06T12:25:41.578Z,lifecycle,False,,20,0,10,0,-0.8660254037844386,0.5000000000000001
2025-10-06 21:00:00+00:00,SG,494,2025-10-06T22:25:18.973Z,2025-10-06T12:25:57.603Z,lifecycle,False,,21,0,10,0,-0.7071067811865477,0.7071067811865474
2025-10-06 22:00:00+00:00,SG,494,2025-10-06T23:25:26.175Z,2025-10-06T12:25:28.670Z,lifecycle,False,,22,0,10,0,-0.5000000000000004,0.8660254037844384
2025-10-06 23:00:00+00:00,SG,492,2025-10-07T01:10:06.707Z,2025-10-06T15:25:05.220Z,lifecycle,False,,23,0,10,0,-0.25881904510252157,0.9659258262890681
2025-10-07 00:00:00+00:00,SG,478,2025-10-07T01:25:45.223Z,2025-10-06T16:25:32.888Z,lifecycle,False,,0,1,10,0,0.0,1.0
2025-10-07 01:00:00+00:00,SG,462,2025-10-07T02:25:18.771Z,2025-10-06T17:24:50.316Z,lifecycle,False,,1,1,10,0,0.25881904510252074,0.9659258262890683
2025-10-07 02:00:00+00:00,SG,456,2025-10-14T00:32:58.724Z,2025-10-06T17:24:50.316Z,lifecycle,False,,2,1,10,0,0.49999999999999994,0.8660254037844387
2025-10-07 03:00:00+00:00,SG,461,2025-10-14T00:32:58.724Z,2025-10-06T17:24:50.316Z,lifecycle,False,,3,1,10,0,0.7071067811865476,0.7071067811865476
2025-10-07 04:00:00+00:00,SG,469,2025-10-14T00:32:58.724Z,2025-10-06T17:24:50.316Z,lifecycle,False,,4,1,10,0,0.8660254037844386,0.5000000000000001
2025-10-07 05:00:00+00:00,SG,471,2025-10-14T00:32:50.177Z,2025-10-06T17:24:50.316Z,lifecycle,False,,5,1,10,0,0.9659258262890683,0.25881904510252074
2025-10-07 06:00:00+00:00,SG,464,2025-10-14T00:32:50.177Z,2025-10-06T17:24:50.316Z,lifecycle,False,,6,1,10,0,1.0,6.123233995736766e-17
2025-10-07 07:00:00+00:00,SG,469,2025-10-14T00:32:29.614Z,2025-10-06T17:25:09.882Z,lifecycle,False,,7,1,10,0,0.9659258262890683,-0.25881904510252063
2025-10-07 08:00:00+00:00,SG,481,2025-10-14T00:32:54.738Z,2025-10-06T17:24:50.316Z,lifecycle,False,,8,1,10,0,0.8660254037844387,-0.4999999999999998
2025-10-07 09:00:00+00:00,SG,483,2025-10-14T00:32:58.724Z,2025-10-06T17:25:20.166Z,lifecycle,False,,9,1,10,0,0.7071067811865476,-0.7071067811865475
2025-10-07 10:00:00+00:00,SG,492,2025-10-14T00:32:29.614Z,2025-10-06T17:24:54.871Z,lifecycle,False,,10,1,10,0,0.49999999999999994,-0.8660254037844387
2025-10-07 11:00:00+00:00,SG,494,2025-10-15T00:31:35.530Z,2025-10-06T17:24:54.871Z,lifecycle,False,,11,1,10,0,0.258819045102521,-0.9659258262890682
2025-10-07 12:00:00+00:00,SG,493,2025-10-07T13:26:38.885Z,2025-10-06T17:25:20.166Z,lifecycle,False,,12,1,10,0,1.2246467991473532e-16,-1.0
2025-10-07 13:00:00+00:00,SG,493,2025-10-07T14:26:51.253Z,2025-10-06T17:24:54.871Z,lifecycle,False,,13,1,10,0,-0.2588190451025208,-0.9659258262890683
2025-10-07 14:00:00+00:00,SG,494,2025-10-08T06:25:04.731Z,2025-10-06T17:25:20.166Z,lifecycle,False,,14,1,10,0,-0.4999999999999997,-0.8660254037844388
2025-10-07 15:00:00+00:00,SG,494,2025-10-08T06:25:39.636Z,2025-10-06T17:24:54.871Z,lifecycle,False,,15,1,10,0,-0.7071067811865471,-0.7071067811865479
2025-10-07 16:00:00+00:00,SG,494,2025-10-14T00:32:35.029Z,2025-10-06T17:25:20.166Z,lifecycle,False,,16,1,10,0,-0.8660254037844385,-0.5000000000000004
2025-10-07 17:00:00+00:00,SG,495,2025-10-15T00:31:35.530Z,2025-10-06T17:24:54.871Z,lifecycle,False,,17,1,10,0,-0.9659258262890683,-0.25881904510252063
2025-10-07 18:00:00+00:00,SG,497,2025-10-14T00:32:35.029Z,2025-10-06T17:25:20.166Z,lifecycle,False,,18,1,10,0,-1.0,-1.8369701987210297e-16
2025-10-07 19:00:00+00:00,SG,496,2025-10-09T18:25:57.300Z,2025-10-06T17:25:09.882Z,lifecycle,False,,19,1,10,0,-0.9659258262890684,0.2588190451025203
2025-10-07 20:00:00+00:00,SG,496,2025-10-07T22:10:33.452Z,2025-10-07T12:27:35.795Z,lifecycle,False,,20,1,10,0,-0.8660254037844386,0.5000000000000001
2025-10-07 21:00:00+00:00,SG,495,2025-10-07T23:11:07.245Z,2025-10-07T12:27:35.795Z,lifecycle,False,,21,1,10,0,-0.7071067811865477,0.7071067811865474
2025-10-07 22:00:00+00:00,SG,496,2025-10-08T00:10:06.742Z,2025-10-07T12:27:35.795Z,lifecycle,False,,22,1,10,0,-0.5000000000000004,0.8660254037844384
2025-10-07 23:00:00+00:00,SG,493,2025-10-09T12:25:28.911Z,2025-10-07T15:25:46.024Z,lifecycle,False,,23,1,10,0,-0.25881904510252157,0.9659258262890681
2025-10-08 00:00:00+00:00,SG,477,2025-10-08T01:25:54.842Z,2025-10-07T16:25:35.129Z,lifecycle,False,,0,2,10,0,0.0,1.0
2025-10-08 01:00:00+00:00,SG,459,2025-10-08T02:26:41.602Z,2025-10-07T17:26:29.609Z,lifecycle,False,,1,2,10,0,0.25881904510252074,0.9659258262890683
2025-10-08 02:00:00+00:00,SG,446,2025-10-08T03:25:30.501Z,2025-10-07T17:26:29.609Z,lifecycle,False,,2,2,10,0,0.49999999999999994,0.8660254037844387
2025-10-08 03:00:00+00:00,SG,434,2025-10-08T04:25:54.310Z,2025-10-07T17:26:01.154Z,lifecycle,False,,3,2,10,0,0.7071067811865476,0.7071067811865476
2025-10-08 04:00:00+00:00,SG,430,2025-10-15T00:31:54.444Z,2025-10-07T17:26:01.154Z,lifecycle,False,,4,2,10,0,0.8660254037844386,0.5000000000000001
2025-10-08 05:00:00+00:00,SG,450,2025-10-16T00:33:40.294Z,2025-10-07T17:26:01.154Z,lifecycle,False,,5,2,10,0,0.9659258262890683,0.25881904510252074
2025-10-08 06:00:00+00:00,SG,476,2025-10-15T00:31:54.444Z,2025-10-07T17:26:06.262Z,lifecycle,False,,6,2,10,0,1.0,6.123233995736766e-17
2025-10-08 07:00:00+00:00,SG,457,2025-10-08T08:25:42.067Z,2025-10-07T17:26:14.192Z,lifecycle,False,,7,2,10,0,0.9659258262890683,-0.25881904510252063
2025-10-08 08:00:00+00:00,SG,472,2025-10-15T00:31:54.444Z,2025-10-07T17:26:29.609Z,lifecycle,False,,8,2,10,0,0.8660254037844387,-0.4999999999999998
2025-10-08 09:00:00+00:00,SG,482,2025-10-15T00:31:58.308Z,2025-10-07T17:26:29.609Z,lifecycle,False,,9,2,10,0,0.7071067811865476,-0.7071067811865475
2025-10-08 10:00:00+00:00,SG,493,2025-10-15T00:32:03.089Z,2025-10-07T17:26:29.609Z,lifecycle,False,,10,2,10,0,0.49999999999999994,-0.8660254037844387
2025-10-08 11:00:00+00:00,SG,496,2025-10-15T00:31:58.308Z,2025-10-07T17:26:06.262Z,lifecycle,False,,11,2,10,0,0.258819045102521,-0.9659258262890682
2025-10-08 12:00:00+00:00,SG,496,2025-10-15T00:31:58.308Z,2025-10-07T17:26:06.262Z,lifecycle,False,,12,2,10,0,1.2246467991473532e-16,-1.0
2025-10-08 13:00:00+00:00,SG,495,2025-10-08T15:11:08.193Z,2025-10-07T17:26:19.576Z,lifecycle,False,,13,2,10,0,-0.2588190451025208,-0.9659258262890683
2025-10-08 14:00:00+00:00,SG,495,2025-10-08T16:11:43.996Z,2025-10-07T17:26:19.576Z,lifecycle,False,,14,2,10,0,-0.4999999999999997,-0.8660254037844388
2025-10-08 15:00:00+00:00,SG,495,2025-10-08T16:26:16.741Z,2025-10-07T17:26:29.609Z,lifecycle,False,,15,2,10,0,-0.7071067811865471,-0.7071067811865479
2025-10-08 16:00:00+00:00,SG,496,2025-10-15T00:32:03.089Z,2025-10-07T17:26:06.262Z,lifecycle,False,,16,2,10,0,-0.8660254037844385,-0.5000000000000004
2025-10-08 17:00:00+00:00,SG,495,2025-10-15T00:31:58.308Z,2025-10-07T17:26:06.262Z,lifecycle,False,,17,2,10,0,-0.9659258262890683,-0.25881904510252063
2025-10-08 18:00:00+00:00,SG,497,2025-10-16T00:33:43.163Z,2025-10-07T17:26:29.609Z,lifecycle,False,,18,2,10,0,-1.0,-1.8369701987210297e-16
2025-10-08 19:00:00+00:00,SG,499,2025-10-16T00:33:43.163Z,2025-10-07T17:26:29.609Z,lifecycle,False,,19,2,10,0,-0.9659258262890684,0.2588190451025203
2025-10-08 20:00:00+00:00,SG,499,2025-10-16T00:33:40.294Z,2025-10-08T12:25:16.536Z,lifecycle,False,,20,2,10,0,-0.8660254037844386,0.5000000000000001
2025-10-08 21:00:00+00:00,SG,497,2025-10-09T00:26:10.602Z,2025-10-08T12:25:30.111Z,lifecycle,False,,21,2,10,0,-0.7071067811865477,0.7071067811865474
2025-10-08 22:00:00+00:00,SG,495,2025-10-09T18:26:17.219Z,2025-10-08T12:25:30.111Z,lifecycle,False,,22,2,10,0,-0.5000000000000004,0.8660254037844384
2025-10-08 23:00:00+00:00,SG,494,2025-10-15T00:31:58.308Z,2025-10-08T15:25:14.083Z,lifecycle,False,,23,2,10,0,-0.25881904510252157,0.9659258262890681
2025-10-09 00:00:00+00:00,SG,488,2025-10-16T00:33:43.163Z,2025-10-08T16:26:49.685Z,lifecycle,False,,0,3,10,0,0.0,1.0
2025-10-09 01:00:00+00:00,SG,486,2025-10-16T00:33:43.163Z,2025-10-08T17:25:51.482Z,lifecycle,False,,1,3,10,0,0.25881904510252074,0.9659258262890683
2025-10-09 02:00:00+00:00,SG,490,2025-10-16T00:33:40.294Z,2025-10-08T17:25:51.482Z,lifecycle,False,,2,3,10,0,0.49999999999999994,0.8660254037844387
2025-10-09 03:00:00+00:00,SG,483,2025-10-16T00:33:17.975Z,2025-10-08T17:26:21.183Z,lifecycle,False,,3,3,10,0,0.7071067811865476,0.7071067811865476
2025-10-09 04:00:00+00:00,SG,455,2025-10-09T05:24:52.036Z,2025-10-08T17:26:07.295Z,lifecycle,False,,4,3,10,0,0.8660254037844386,0.5000000000000001
2025-10-09 05:00:00+00:00,SG,467,2025-10-17T00:31:31.467Z,2025-10-08T17:26:07.295Z,lifecycle,False,,5,3,10,0,0.9659258262890683,0.25881904510252074
2025-10-09 06:00:00+00:00,SG,462,2025-10-09T07:24:57.751Z,2025-10-08T17:26:07.295Z,lifecycle,False,,6,3,10,0,1.0,6.123233995736766e-17
2025-10-09 07:00:00+00:00,SG,458,2025-10-16T00:33:43.163Z,2025-10-08T17:25:51.482Z,lifecycle,False,,7,3,10,0,0.9659258262890683,-0.25881904510252063
2025-10-09 08:00:00+00:00,SG,464,2025-10-11T00:24:45.535Z,2025-10-08T17:26:12.495Z,lifecycle,False,,8,3,10,0,0.8660254037844387,-0.4999999999999998
2025-10-09 09:00:00+00:00,SG,477,2025-10-16T00:33:46.957Z,2025-10-08T17:26:12.495Z,lifecycle,False,,9,3,10,0,0.7071067811865476,-0.7071067811865475
2025-10-09 10:00:00+00:00,SG,493,2025-10-16T00:33:22.928Z,2025-10-08T17:26:21.183Z,lifecycle,False,,10,3,10,0,0.49999999999999994,-0.8660254037844387
2025-10-09 11:00:00+00:00,SG,495,2025-10-11T18:24:41.166Z,2025-10-08T17:26:21.183Z,lifecycle,False,,11,3,10,0,0.258819045102521,-0.9659258262890682
2025-10-09 12:00:00+00:00,SG,495,2025-10-17T00:31:31.467Z,2025-10-08T17:26:21.183Z,lifecycle,False,,12,3,10,0,1.2246467991473532e-16,-1.0
2025-10-09 13:00:00+00:00,SG,495,2025-10-12T06:26:36.082Z,2025-10-08T17:25:57.638Z,lifecycle,False,,13,3,10,0,-0.2588190451025208,-0.9659258262890683
2025-10-09 14:00:00+00:00,SG,495,2025-10-09T15:24:54.715Z,2025-10-08T17:26:21.183Z,lifecycle,False,,14,3,10,0,-0.4999999999999997,-0.8660254037844388
2025-10-09 15:00:00+00:00,SG,495,2025-10-10T00:25:10.585Z,2025-10-08T17:26:12.495Z,lifecycle,False,,15,3,10,0,-0.7071067811865471,-0.7071067811865479
2025-10-09 16:00:00+00:00,SG,495,2025-10-09T17:26:23.396Z,2025-10-08T17:26:21.183Z,lifecycle,False,,16,3,10,0,-0.8660254037844385,-0.5000000000000004
2025-10-09 17:00:00+00:00,SG,495,2025-10-09T19:10:27.126Z,2025-10-08T17:25:57.638Z,lifecycle,False,,17,3,10,0,-0.9659258262890683,-0.25881904510252063
2025-10-09 18:00:00+00:00,SG,495,2025-10-17T00:31:52.787Z,2025-10-08T17:25:57.638Z,lifecycle,False,,18,3,10,0,-1.0,-1.8369701987210297e-16
2025-10-09 19:00:00+00:00,SG,495,2025-10-17T00:31:31.467Z,2025-10-08T17:25:57.638Z,lifecycle,False,,19,3,10,0,-0.9659258262890684,0.2588190451025203
2025-10-09 20:00:00+00:00,SG,496,2025-10-12T18:25:22.283Z,2025-10-09T12:25:22.115Z,lifecycle,False,,20,3,10,0,-0.8660254037844386,0.5000000000000001
2025-10-09 21:00:00+00:00,SG,496,2025-10-17T00:31:56.005Z,2025-10-09T12:25:52.179Z,lifecycle,False,,21,3,10,0,-0.7071067811865477,0.7071067811865474
2025-10-09 22:00:00+00:00,SG,495,2025-10-17T00:31:56.005Z,2025-10-09T12:25:22.115Z,lifecycle,False,,22,3,10,0,-0.5000000000000004,0.8660254037844384
2025-10-09 23:00:00+00:00,SG,492,2025-10-16T00:33:46.957Z,2025-10-09T15:24:32.534Z,lifecycle,False,,23,3,10,0,-0.25881904510252157,0.9659258262890681
2025-10-10 00:00:00+00:00,SG,483,2025-10-10T01:25:00.474Z,2025-10-09T16:24:40.925Z,lifecycle,False,,0,4,10,0,0.0,1.0
2025-10-10 01:00:00+00:00,SG,473,2025-10-10T02:24:47.707Z,2025-10-09T17:26:23.396Z,lifecycle,False,,1,4,10,0,0.25881904510252074,0.9659258262890683
2025-10-10 02:00:00+00:00,SG,455,2025-10-10T03:24:58.839Z,2025-10-09T17:26:59.789Z,lifecycle,False,,2,4,10,0,0.49999999999999994,0.8660254037844387
2025-10-10 03:00:00+00:00,SG,450,2025-10-17T00:31:31.467Z,2025-10-09T17:26:43.087Z,lifecycle,False,,3,4,10,0,0.7071067811865476,0.7071067811865476
2025-10-10 04:00:00+00:00,SG,451,2025-10-17T00:31:56.005Z,2025-10-09T17:26:23.396Z,lifecycle,False,,4,4,10,0,0.8660254037844386,0.5000000000000001
2025-10-10 05:00:00+00:00,SG,443,2025-10-17T00:31:31.467Z,2025-10-09T17:26:59.789Z,lifecycle,False,,5,4,10,0,0.9659258262890683,0.25881904510252074
2025-10-10 06:00:00+00:00,SG,444,2025-10-18T00:29:22.966Z,2025-10-09T17:26:59.789Z,lifecycle,False,,6,4,10,0,1.0,6.123233995736766e-17
2025-10-10 07:00:00+00:00,SG,446,2025-10-13T00:27:07.694Z,2025-10-09T17:26:59.789Z,lifecycle,False,,7,4,10,0,0.9659258262890683,-0.25881904510252063
2025-10-10 08:00:00+00:00,SG,462,2025-10-13T06:25:51.051Z,2025-10-09T17:26:59.789Z,lifecycle,False,,8,4,10,0,0.8660254037844387,-0.4999999999999998
2025-10-10 09:00:00+00:00,SG,484,2025-10-17T00:31:31.467Z,2025-10-09T17:26:28.699Z,lifecycle,False,,9,4,10,0,0.7071067811865476,-0.7071067811865475
2025-10-10 10:00:00+00:00,SG,492,2025-10-17T00:31:36.742Z,2025-10-09T17:26:49.266Z,lifecycle,False,,10,4,10,0,0.49999999999999994,-0.8660254037844387
2025-10-10 11:00:00+00:00,SG,494,2025-10-10T13:10:14.936Z,2025-10-09T17:26:28.699Z,lifecycle,False,,11,4,10,0,0.258819045102521,-0.9659258262890682
2025-10-10 12:00:00+00:00,SG,494,2025-10-17T00:31:56.674Z,2025-10-09T17:26:49.266Z,lifecycle,False,,12,4,10,0,1.2246467991473532e-16,-1.0
2025-10-10 13:00:00+00:00,SG,494,2025-10-10T15:11:33.863Z,2025-10-09T17:26:59.789Z,lifecycle,False,,13,4,10,0,-0.2588190451025208,-0.9659258262890683
2025-10-10 14:00:00+00:00,SG,496,2025-10-10T16:10:14.645Z,2025-10-09T17:26:28.699Z,lifecycle,False,,14,4,10,0,-0.4999999999999997,-0.8660254037844388
2025-10-10 15:00:00+00:00,SG,495,2025-10-18T00:29:48.061Z,2025-10-09T17:26:49.266Z,lifecycle,False,,15,4,10,0,-0.7071067811865471,-0.7071067811865479
2025-10-10 16:00:00+00:00,SG,495,2025-10-12T06:26:36.082Z,2025-10-09T17:26:28.699Z,lifecycle,False,,16,4,10,0,-0.8660254037844385,-0.5000000000000004
2025-10-10 17:00:00+00:00,SG,495,2025-10-11T00:25:08.986Z,2025-10-09T17:26:28.699Z,lifecycle,False,,17,4,10,0,-0.9659258262890683,-0.25881904510252063
2025-10-10 18:00:00+00:00,SG,495,2025-10-10T19:25:10.277Z,2025-10-09T17:26:28.699Z,lifecycle,False,,18,4,10,0,-1.0,-1.8369701987210297e-16
2025-10-10 19:00:00+00:00,SG,495,2025-10-10T21:10:07.332Z,2025-10-09T17:26:28.699Z,lifecycle,False,,19,4,10,0,-0.9659258262890684,0.2588190451025203
2025-10-10 20:00:00+00:00,SG,495,2025-10-10T22:10:01.147Z,2025-10-10T12:11:01.769Z,lifecycle,False,,20,4,10,0,-0.8660254037844386,0.5000000000000001
2025-10-10 21:00:00+00:00,SG,496,2025-10-12T00:25:47.690Z,2025-10-10T12:25:39.879Z,lifecycle,False,,21,4,10,0,-0.7071067811865477,0.7071067811865474
2025-10-10 22:00:00+00:00,SG,495,2025-10-11T00:10:02.709Z,2025-10-10T12:25:55.563Z,lifecycle,False,,22,4,10,0,-0.5000000000000004,0.8660254037844384
2025-10-10 23:00:00+00:00,SG,491,2025-10-11T06:26:24.129Z,2025-10-10T15:25:36.632Z,lifecycle,False,,23,4,10,0,-0.25881904510252157,0.9659258262890681
2025-10-11 00:00:00+00:00,SG,476,2025-10-11T01:25:22.590Z,2025-10-10T16:25:09.646Z,lifecycle,False,,0,5,10,1,0.0,1.0
2025-10-11 01:00:00+00:00,SG,468,2025-10-11T02:25:27.153Z,2025-10-10T17:25:24.057Z,lifecycle,False,,1,5,10,1,0.25881904510252074,0.9659258262890683
2025-10-11 02:00:00+00:00,SG,456,2025-10-11T03:25:57.808Z,2025-10-10T17:25:24.057Z,lifecycle,False,,2,5,10,1,0.49999999999999994,0.8660254037844387
2025-10-11 03:00:00+00:00,SG,444,2025-10-11T05:10:48.908Z,2025-10-10T17:25:39.486Z,lifecycle,False,,3,5,10,1,0.7071067811865476,0.7071067811865476
2025-10-11 04:00:00+00:00,SG,427,2025-10-11T05:26:45.310Z,2025-10-10T17:25:07.615Z,lifecycle,False,,4,5,10,1,0.8660254037844386,0.5000000000000001
2025-10-11 05:00:00+00:00,SG,429,2025-10-11T07:09:15.614Z,2025-10-10T17:25:24.057Z,lifecycle,False,,5,5,10,1,0.9659258262890683,0.25881904510252074
2025-10-11 06:00:00+00:00,SG,427,2025-10-18T00:29:22.966Z,2025-10-10T17:25:11.535Z,lifecycle,False,,6,5,10,1,1.0,6.123233995736766e-17
2025-10-11 07:00:00+00:00,SG,444,2025-10-18T00:29:48.061Z,2025-10-10T17:25:11.535Z,lifecycle,False,,7,5,10,1,0.9659258262890683,-0.25881904510252063
2025-10-11 08:00:00+00:00,SG,476,2025-10-18T00:29:48.061Z,2025-10-10T17:25:29.448Z,lifecycle,False,,8,5,10,1,0.8660254037844387,-0.4999999999999998
2025-10-11 09:00:00+00:00,SG,482,2025-10-11T11:10:37.525Z,2025-10-10T17:25:39.486Z,lifecycle,False,,9,5,10,1,0.7071067811865476,-0.7071067811865475
2025-10-11 10:00:00+00:00,SG,492,2025-10-14T06:26:01.117Z,2025-10-10T17:25:39.486Z,lifecycle,False,,10,5,10,1,0.49999999999999994,-0.8660254037844387
2025-10-11 11:00:00+00:00,SG,495,2025-10-11T13:11:53.114Z,2025-10-10T17:25:29.448Z,lifecycle,False,,11,5,10,1,0.258819045102521,-0.9659258262890682
2025-10-11 12:00:00+00:00,SG,494,2025-10-11T14:10:38.333Z,2025-10-10T17:25:39.486Z,lifecycle,False,,12,5,10,1,1.2246467991473532e-16,-1.0
2025-10-11 13:00:00+00:00,SG,495,2025-10-13T06:25:34.735Z,2025-10-10T17:25:29.448Z,lifecycle,False,,13,5,10,1,-0.2588190451025208,-0.9659258262890683
2025-10-11 14:00:00+00:00,SG,495,2025-10-11T16:12:14.781Z,2025-10-10T17:25:39.486Z,lifecycle,False,,14,5,10,1,-0.4999999999999997,-0.8660254037844388
2025-10-11 15:00:00+00:00,SG,495,2025-10-11T16:26:58.867Z,2025-10-10T17:25:29.448Z,lifecycle,False,,15,5,10,1,-0.7071067811865471,-0.7071067811865479
2025-10-11 16:00:00+00:00,SG,494,2025-10-21T00:28:37.203Z,2025-10-10T17:25:29.448Z,lifecycle,False,,16,5,10,1,-0.8660254037844385,-0.5000000000000004
2025-10-11 17:00:00+00:00,SG,495,2025-10-21T00:28:14.045Z,2025-10-10T17:25:39.486Z,lifecycle,False,,17,5,10,1,-0.9659258262890683,-0.25881904510252063
2025-10-11 18:00:00+00:00,SG,495,2025-10-14T12:25:04.859Z,2025-10-10T17:25:11.535Z,lifecycle,False,,18,5,10,1,-1.0,-1.8369701987210297e-16
2025-10-11 19:00:00+00:00,SG,495,2025-10-11T21:10:16.323Z,2025-10-10T17:25:39.486Z,lifecycle,False,,19,5,10,1,-0.9659258262890684,0.2588190451025203
2025-10-11 20:00:00+00:00,SG,494,2025-10-21T00:28:37.203Z,2025-10-11T12:25:31.312Z,lifecycle,False,,20,5,10,1,-0.8660254037844386,0.5000000000000001
2025-10-11 21:00:00+00:00,SG,495,2025-10-11T23:09:49.096Z,2025-10-11T12:25:14.768Z,lifecycle,False,,21,5,10,1,-0.7071067811865477,0.7071067811865474
2025-10-11 22:00:00+00:00,SG,495,2025-10-12T00:10:07.200Z,2025-10-11T12:25:00.629Z,lifecycle,False,,22,5,10,1,-0.5000000000000004,0.8660254037844384
2025-10-11 23:00:00+00:00,SG,492,2025-10-12T01:11:15.946Z,2025-10-11T15:25:37.402Z,lifecycle,False,,23,5,10,1,-0.25881904510252157,0.9659258262890681
2025-10-12 00:00:00+00:00,SG,487,2025-10-12T02:10:14.975Z,2025-10-11T16:26:48.955Z,lifecycle,False,,0,6,10,1,0.0,1.0
2025-10-12 01:00:00+00:00,SG,481,2025-10-21T00:28:14.045Z,2025-10-11T17:26:52.628Z,lifecycle,False,,1,6,10,1,0.25881904510252074,0.9659258262890683
2025-10-12 02:00:00+00:00,SG,471,2025-10-21T00:28:14.045Z,2025-10-11T17:26:39.843Z,lifecycle,False,,2,6,10,1,0.49999999999999994,0.8660254037844387
2025-10-12 03:00:00+00:00,SG,461,2025-10-12T04:25:21.935Z,2025-10-11T17:27:07.298Z,lifecycle,False,,3,6,10,1,0.7071067811865476,0.7071067811865476
2025-10-12 04:00:00+00:00,SG,451,2025-10-21T00:28:30.542Z,2025-10-11T17:26:39.843Z,lifecycle,False,,4,6,10,1,0.8660254037844386,0.5000000000000001
2025-10-12 05:00:00+00:00,SG,442,2025-10-12T06:26:45.294Z,2025-10-11T17:27:07.298Z,lifecycle,False,,5,6,10,1,0.9659258262890683,0.25881904510252074
2025-10-12 06:00:00+00:00,SG,457,2025-10-19T00:30:41.246Z,2025-10-11T17:26:52.628Z,lifecycle,False,,6,6,10,1,1.0,6.123233995736766e-17
2025-10-12 07:00:00+00:00,SG,441,2025-10-12T08:25:20.329Z,2025-10-11T17:26:57.864Z,lifecycle,False,,7,6,10,1,0.9659258262890683,-0.25881904510252063
2025-10-12 08:00:00+00:00,SG,464,2025-10-19T00:30:54.847Z,2025-10-11T17:27:07.298Z,lifecycle,False,,8,6,10,1,0.8660254037844387,-0.4999999999999998
2025-10-12 09:00:00+00:00,SG,483,2025-10-19T00:30:41.246Z,2025-10-11T17:26:44.152Z,lifecycle,False,,9,6,10,1,0.7071067811865476,-0.7071067811865475
2025-10-12 10:00:00+00:00,SG,492,2025-10-12T12:11:30.853Z,2025-10-11T17:26:44.152Z,lifecycle,False,,10,6,10,1,0.49999999999999994,-0.8660254037844387
2025-10-12 11:00:00+00:00,SG,495,2025-10-12T18:25:46.842Z,2025-10-11T17:26:44.152Z,lifecycle,False,,11,6,10,1,0.258819045102521,-0.9659258262890682
2025-10-12 12:00:00+00:00,SG,494,2025-10-12T14:25:30.086Z,2025-10-11T17:26:57.864Z,lifecycle,False,,12,6,10,1,1.2246467991473532e-16,-1.0
2025-10-12 13:00:00+00:00,SG,494,2025-10-13T06:25:44.329Z,2025-10-11T17:27:07.298Z,lifecycle,False,,13,6,10,1,-0.2588190451025208,-0.9659258262890683
2025-10-12 14:00:00+00:00,SG,495,2025-10-19T00:30:45.457Z,2025-10-11T17:27:07.298Z,lifecycle,False,,14,6,10,1,-0.4999999999999997,-0.8660254037844388
2025-10-12 15:00:00+00:00,SG,495,2025-10-21T00:28:37.203Z,2025-10-11T17:27:07.298Z,lifecycle,False,,15,6,10,1,-0.7071067811865471,-0.7071067811865479
2025-10-12 16:00:00+00:00,SG,495,2025-10-13T00:27:14.208Z,2025-10-11T17:26:44.152Z,lifecycle,False,,16,6,10,1,-0.8660254037844385,-0.5000000000000004
2025-10-12 17:00:00+00:00,SG,496,2025-10-13T18:10:16.284Z,2025-10-11T17:27:07.298Z,lifecycle,False,,17,6,10,1,-0.9659258262890683,-0.25881904510252063
2025-10-12 18:00:00+00:00,SG,495,2025-10-12T20:11:33.286Z,2025-10-11T17:26:44.152Z,lifecycle,False,,18,6,10,1,-1.0,-1.8369701987210297e-16
2025-10-12 19:00:00+00:00,SG,495,2025-10-12T21:09:58.848Z,2025-10-11T17:27:07.298Z,lifecycle,False,,19,6,10,1,-0.9659258262890684,0.2588190451025203
2025-10-12 20:00:00+00:00,SG,495,2025-10-12T22:10:41.334Z,2025-10-12T12:26:13.221Z,lifecycle,False,,20,6,10,1,-0.8660254037844386,0.5000000000000001
2025-10-12 21:00:00+00:00,SG,495,2025-10-21T00:28:35.455Z,2025-10-12T12:25:58.596Z,lifecycle,False,,21,6,10,1,-0.7071067811865477,0.7071067811865474
2025-10-12 22:00:00+00:00,SG,494,2025-10-12T23:24:59.081Z,2025-10-12T12:26:03.743Z,lifecycle,False,,22,6,10,1,-0.5000000000000004,0.8660254037844384
2025-10-12 23:00:00+00:00,SG,493,2025-10-13T01:10:33.803Z,2025-10-12T15:25:35.226Z,lifecycle,False,,23,6,10,1,-0.25881904510252157,0.9659258262890681
2025-10-13 00:00:00+00:00,SG,487,2025-10-13T02:09:55.428Z,2025-10-12T16:26:05.701Z,lifecycle,False,,0,0,10,0,0.0,1.0
2025-10-13 01:00:00+00:00,SG,481,2025-10-13T03:09:35.972Z,2025-10-12T17:25:41.541Z,lifecycle,False,,1,0,10,0,0.25881904510252074,0.9659258262890683
2025-10-13 02:00:00+00:00,SG,472,2025-10-13T04:09:57.070Z,2025-10-12T17:25:11.580Z,lifecycle,False,,2,0,10,0,0.49999999999999994,0.8660254037844387
2025-10-13 03:00:00+00:00,SG,456,2025-10-13T04:24:58.016Z,2025-10-12T17:25:26.742Z,lifecycle,False,,3,0,10,0,0.7071067811865476,0.7071067811865476
2025-10-13 04:00:00+00:00,SG,455,2025-10-13T06:11:41.938Z,2025-10-12T17:25:11.580Z,lifecycle,False,,4,0,10,0,0.8660254037844386,0.5000000000000001
2025-10-13 05:00:00+00:00,SG,443,2025-10-21T00:28:44.876Z,2025-10-12T17:25:26.742Z,lifecycle,False,,5,0,10,0,0.9659258262890683,0.25881904510252074
2025-10-13 06:00:00+00:00,SG,441,2025-10-21T00:28:44.876Z,2025-10-12T17:25:41.541Z,lifecycle,False,,6,0,10,0,1.0,6.123233995736766e-17
2025-10-13 07:00:00+00:00,SG,457,2025-10-13T09:11:23.779Z,2025-10-12T17:25:41.541Z,lifecycle,False,,7,0,10,0,0.9659258262890683,-0.25881904510252063
2025-10-13 08:00:00+00:00,SG,482,2025-10-13T10:10:13.767Z,2025-10-12T17:25:15.440Z,lifecycle,False,,8,0,10,0,0.8660254037844387,-0.4999999999999998
2025-10-13 09:00:00+00:00,SG,489,2025-10-13T11:09:55.871Z,2025-10-12T17:25:15.440Z,lifecycle,False,,9,0,10,0,0.7071067811865476,-0.7071067811865475
2025-10-13 10:00:00+00:00,SG,493,2025-10-13T12:10:19.464Z,2025-10-12T17:25:31.823Z,lifecycle,False,,10,0,10,0,0.49999999999999994,-0.8660254037844387
2025-10-13 11:00:00+00:00,SG,494,2025-10-13T13:10:17.603Z,2025-10-12T17:25:15.440Z,lifecycle,False,,11,0,10,0,0.258819045102521,-0.9659258262890682
2025-10-13 12:00:00+00:00,SG,495,2025-10-13T14:10:50.727Z,2025-10-12T17:25:31.823Z,lifecycle,False,,12,0,10,0,1.2246467991473532e-16,-1.0
2025-10-13 13:00:00+00:00,SG,495,2025-10-13T15:12:14.614Z,2025-10-12T17:25:31.823Z,lifecycle,False,,13,0,10,0,-0.2588190451025208,-0.9659258262890683
2025-10-13 14:00:00+00:00,SG,495,2025-10-13T16:11:54.398Z,2025-10-12T17:25:41.541Z,lifecycle,False,,14,0,10,0,-0.4999999999999997,-0.8660254037844388
2025-10-13 15:00:00+00:00,SG,495,2025-10-13T16:26:06.163Z,2025-10-12T17:25:41.541Z,lifecycle,False,,15,0,10,0,-0.7071067811865471,-0.7071067811865479
2025-10-13 16:00:00+00:00,SG,496,2025-10-13T18:10:16.284Z,2025-10-12T17:25:15.440Z,lifecycle,False,,16,0,10,0,-0.8660254037844385,-0.5000000000000004
2025-10-13 17:00:00+00:00,SG,495,2025-10-13T19:10:39.730Z,2025-10-12T17:25:41.541Z,lifecycle,False,,17,0,10,0,-0.9659258262890683,-0.25881904510252063
2025-10-13 18:00:00+00:00,SG,497,2025-10-13T20:11:02.177Z,2025-10-12T17:25:41.541Z,lifecycle,False,,18,0,10,0,-1.0,-1.8369701987210297e-16
2025-10-13 19:00:00+00:00,SG,495,2025-10-13T21:09:26.519Z,2025-10-12T17:25:41.541Z,lifecycle,False,,19,0,10,0,-0.9659258262890684,0.2588190451025203
2025-10-13 20:00:00+00:00,SG,495,2025-10-13T22:10:33.740Z,2025-10-13T12:11:03.240Z,lifecycle,False,,20,0,10,0,-0.8660254037844386,0.5000000000000001
2025-10-13 21:00:00+00:00,SG,495,2025-10-13T23:09:28.642Z,2025-10-13T12:25:54.060Z,lifecycle,False,,21,0,10,0,-0.7071067811865477,0.7071067811865474
2025-10-13 22:00:00+00:00,SG,495,2025-10-14T00:09:54.365Z,2025-10-13T12:25:19.569Z,lifecycle,False,,22,0,10,0,-0.5000000000000004,0.8660254037844384
2025-10-13 23:00:00+00:00,SG,491,2025-10-14T01:10:57.286Z,2025-10-13T15:25:31.670Z,lifecycle,False,,23,0,10,0,-0.25881904510252157,0.9659258262890681
2025-10-14 00:00:00+00:00,SG,476,2025-10-14T01:26:43.627Z,2025-10-13T16:26:06.163Z,lifecycle,False,,0,1,10,0,0.0,1.0
2025-10-14 01:00:00+00:00,SG,464,2025-10-21T00:28:35.455Z,2025-10-13T17:24:52.552Z,lifecycle,False,,1,1,10,0,0.25881904510252074,0.9659258262890683
2025-10-14 02:00:00+00:00,SG,454,2025-10-21T00:28:44.876Z,2025-10-13T17:24:52.552Z,lifecycle,False,,2,1,10,0,0.49999999999999994,0.8660254037844387
2025-10-14 03:00:00+00:00,SG,437,2025-10-21T00:28:22.208Z,2025-10-13T17:25:08.692Z,lifecycle,False,,3,1,10,0,0.7071067811865476,0.7071067811865476
2025-10-14 04:00:00+00:00,SG,449,2025-10-14T06:10:56.153Z,2025-10-13T17:25:24.626Z,lifecycle,False,,4,1,10,0,0.8660254037844386,0.5000000000000001
2025-10-14 05:00:00+00:00,SG,465,2025-10-14T07:10:33.243Z,2025-10-13T17:25:24.626Z,lifecycle,False,,5,1,10,0,0.9659258262890683,0.25881904510252074
2025-10-14 06:00:00+00:00,SG,458,2025-10-21T00:28:35.455Z,2025-10-13T17:25:24.626Z,lifecycle,False,,6,1,10,0,1.0,6.123233995736766e-17
2025-10-14 07:00:00+00:00,SG,452,2025-10-21T00:28:22.208Z,2025-10-13T17:24:56.528Z,lifecycle,False,,7,1,10,0,0.9659258262890683,-0.25881904510252063
2025-10-14 08:00:00+00:00,SG,469,2025-10-14T10:12:03.241Z,2025-10-13T17:24:56.528Z,lifecycle,False,,8,1,10,0,0.8660254037844387,-0.4999999999999998
2025-10-14 09:00:00+00:00,SG,488,2025-10-14T11:11:52.284Z,2025-10-13T17:25:14.268Z,lifecycle,False,,9,1,10,0,0.7071067811865476,-0.7071067811865475
2025-10-14 10:00:00+00:00,SG,493,2025-10-14T12:10:39.930Z,2025-10-13T17:25:24.626Z,lifecycle,False,,10,1,10,0,0.49999999999999994,-0.8660254037844387
2025-10-14 11:00:00+00:00,SG,495,2025-10-14T14:25:52.441Z,2025-10-13T17:24:56.528Z,lifecycle,True,TIME_SLICER_AVERAGE,11,1,10,0,0.258819045102521,-0.9659258262890682
2025-10-14 12:00:00+00:00,SG,495,2025-10-14T14:10:29.554Z,2025-10-13T17:24:56.528Z,lifecycle,False,,12,1,10,0,1.2246467991473532e-16,-1.0
2025-10-14 13:00:00+00:00,SG,495,2025-10-14T15:11:11.257Z,2025-10-13T17:25:24.626Z,lifecycle,False,,13,1,10,0,-0.2588190451025208,-0.9659258262890683
2025-10-14 14:00:00+00:00,SG,495,2025-10-21T00:28:39.177Z,2025-10-13T17:24:56.528Z,lifecycle,False,,14,1,10,0,-0.4999999999999997,-0.8660254037844388
2025-10-14 15:00:00+00:00,SG,496,2025-10-22T00:44:06.671Z,2025-10-13T17:25:24.626Z,lifecycle,False,,15,1,10,0,-0.7071067811865471,-0.7071067811865479
2025-10-14 16:00:00+00:00,SG,495,2025-10-21T00:28:48.840Z,2025-10-13T17:24:56.528Z,lifecycle,False,,16,1,10,0,-0.8660254037844385,-0.5000000000000004
2025-10-14 17:00:00+00:00,SG,496,2025-10-21T00:28:48.840Z,2025-10-13T17:25:24.626Z,lifecycle,False,,17,1,10,0,-0.9659258262890683,-0.25881904510252063
2025-10-14 18:00:00+00:00,SG,496,2025-10-21T00:28:39.177Z,2025-10-13T17:25:24.626Z,lifecycle,False,,18,1,10,0,-1.0,-1.8369701987210297e-16
2025-10-14 19:00:00+00:00,SG,497,2025-10-21T00:28:39.177Z,2025-10-13T17:25:24.626Z,lifecycle,False,,19,1,10,0,-0.9659258262890684,0.2588190451025203
2025-10-14 20:00:00+00:00,SG,497,2025-10-21T00:28:39.177Z,2025-10-14T12:25:48.421Z,lifecycle,False,,20,1,10,0,-0.8660254037844386,0.5000000000000001
2025-10-14 21:00:00+00:00,SG,496,2025-10-14T23:09:51.318Z,2025-10-14T12:25:16.430Z,lifecycle,False,,21,1,10,0,-0.7071067811865477,0.7071067811865474
2025-10-14 22:00:00+00:00,SG,495,2025-10-15T00:10:36.292Z,2025-10-14T12:25:35.294Z,lifecycle,False,,22,1,10,0,-0.5000000000000004,0.8660254037844384
2025-10-14 23:00:00+00:00,SG,492,2025-10-15T01:10:07.085Z,2025-10-14T15:11:23.720Z,lifecycle,False,,23,1,10,0,-0.25881904510252157,0.9659258262890681
2025-10-15 00:00:00+00:00,SG,475,2025-10-15T01:25:09.943Z,2025-10-14T16:24:58.055Z,lifecycle,False,,0,2,10,0,0.0,1.0
2025-10-15 01:00:00+00:00,SG,463,2025-10-22T00:44:26.950Z,2025-10-14T17:25:17.507Z,lifecycle,False,,1,2,10,0,0.25881904510252074,0.9659258262890683
2025-10-15 02:00:00+00:00,SG,460,2025-10-22T00:44:32.183Z,2025-10-14T17:25:42.852Z,lifecycle,False,,2,2,10,0,0.49999999999999994,0.8660254037844387
2025-10-15 03:00:00+00:00,SG,459,2025-10-22T00:44:06.671Z,2025-10-14T17:25:42.852Z,lifecycle,False,,3,2,10,0,0.7071067811865476,0.7071067811865476
2025-10-15 04:00:00+00:00,SG,460,2025-10-22T00:44:26.950Z,2025-10-14T17:25:42.852Z,lifecycle,False,,4,2,10,0,0.8660254037844386,0.5000000000000001
2025-10-15 05:00:00+00:00,SG,469,2025-10-22T00:44:06.671Z,2025-10-14T17:25:17.507Z,lifecycle,False,,5,2,10,0,0.9659258262890683,0.25881904510252074
2025-10-15 06:00:00+00:00,SG,472,2025-10-22T00:44:26.950Z,2025-10-14T17:25:29.534Z,lifecycle,False,,6,2,10,0,1.0,6.123233995736766e-17
2025-10-15 07:00:00+00:00,SG,482,2025-10-22T00:44:26.950Z,2025-10-14T17:25:20.922Z,lifecycle,False,,7,2,10,0,0.9659258262890683,-0.25881904510252063
2025-10-15 08:00:00+00:00,SG,482,2025-10-22T00:44:06.671Z,2025-10-14T17:25:20.922Z,lifecycle,False,,8,2,10,0,0.8660254037844387,-0.4999999999999998
2025-10-15 09:00:00+00:00,SG,486,2025-10-22T00:44:26.950Z,2025-10-14T17:25:20.922Z,lifecycle,False,,9,2,10,0,0.7071067811865476,-0.7071067811865475
2025-10-15 10:00:00+00:00,SG,493,2025-10-22T00:44:11.106Z,2025-10-14T17:25:42.852Z,lifecycle,False,,10,2,10,0,0.49999999999999994,-0.8660254037844387
2025-10-15 11:00:00+00:00,SG,494,2025-10-15T12:25:07.541Z,2025-10-14T17:25:34.083Z,lifecycle,False,,11,2,10,0,0.258819045102521,-0.9659258262890682
2025-10-15 12:00:00+00:00,SG,494,2025-10-17T18:25:08.668Z,2025-10-14T17:25:42.852Z,lifecycle,False,,12,2,10,0,1.2246467991473532e-16,-1.0
2025-10-15 13:00:00+00:00,SG,494,2025-10-15T14:40:45.066Z,2025-10-14T17:25:20.922Z,lifecycle,False,,13,2,10,0,-0.2588190451025208,-0.9659258262890683
2025-10-15 14:00:00+00:00,SG,495,2025-10-23T00:32:48.486Z,2025-10-14T17:25:42.852Z,lifecycle,False,,14,2,10,0,-0.4999999999999997,-0.8660254037844388
2025-10-15 15:00:00+00:00,SG,494,2025-10-22T00:44:11.106Z,2025-10-14T17:25:42.852Z,lifecycle,False,,15,2,10,0,-0.7071067811865471,-0.7071067811865479
2025-10-15 16:00:00+00:00,SG,495,2025-10-22T00:44:36.171Z,2025-10-14T17:25:20.922Z,lifecycle,False,,16,2,10,0,-0.8660254037844385,-0.5000000000000004
2025-10-15 17:00:00+00:00,SG,496,2025-10-22T00:44:30.756Z,2025-10-14T17:25:34.083Z,lifecycle,False,,17,2,10,0,-0.9659258262890683,-0.25881904510252063
2025-10-15 18:00:00+00:00,SG,497,2025-10-22T00:44:36.171Z,2025-10-14T17:25:20.922Z,lifecycle,False,,18,2,10,0,-1.0,-1.8369701987210297e-16
2025-10-15 19:00:00+00:00,SG,496,2025-10-22T00:44:36.171Z,2025-10-14T17:25:34.083Z,lifecycle,False,,19,2,10,0,-0.9659258262890684,0.2588190451025203
2025-10-15 20:00:00+00:00,SG,496,2025-10-22T00:44:36.171Z,2025-10-15T12:25:22.227Z,lifecycle,False,,20,2,10,0,-0.8660254037844386,0.5000000000000001
2025-10-15 21:00:00+00:00,SG,496,2025-10-23T00:32:29.933Z,2025-10-15T12:25:22.227Z,lifecycle,False,,21,2,10,0,-0.7071067811865477,0.7071067811865474
2025-10-15 22:00:00+00:00,SG,495,2025-10-22T00:44:30.756Z,2025-10-15T12:25:22.227Z,lifecycle,False,,22,2,10,0,-0.5000000000000004,0.8660254037844384
2025-10-15 23:00:00+00:00,SG,490,2025-10-18T18:12:03.500Z,2025-10-15T15:26:12.517Z,lifecycle,False,,23,2,10,0,-0.25881904510252157,0.9659258262890681
2025-10-16 00:00:00+00:00,SG,477,2025-10-16T01:25:03.136Z,2025-10-15T16:26:25.553Z,lifecycle,False,,0,3,10,0,0.0,1.0
2025-10-16 01:00:00+00:00,SG,459,2025-10-16T02:25:37.289Z,2025-10-15T17:11:57.780Z,lifecycle,False,,1,3,10,0,0.25881904510252074,0.9659258262890683
2025-10-16 02:00:00+00:00,SG,449,2025-10-23T00:32:29.933Z,2025-10-15T17:25:33.936Z,lifecycle,False,,2,3,10,0,0.49999999999999994,0.8660254037844387
2025-10-16 03:00:00+00:00,SG,447,2025-10-23T00:32:29.933Z,2025-10-15T17:25:22.315Z,lifecycle,False,,3,3,10,0,0.7071067811865476,0.7071067811865476
2025-10-16 04:00:00+00:00,SG,448,2025-10-23T00:32:52.736Z,2025-10-15T17:25:22.315Z,lifecycle,False,,4,3,10,0,0.8660254037844386,0.5000000000000001
2025-10-16 05:00:00+00:00,SG,462,2025-10-23T00:32:29.933Z,2025-10-15T17:25:33.936Z,lifecycle,False,,5,3,10,0,0.9659258262890683,0.25881904510252074
2025-10-16 06:00:00+00:00,SG,489,2025-10-23T00:32:48.486Z,2025-10-15T17:25:33.936Z,lifecycle,False,,6,3,10,0,1.0,6.123233995736766e-17
2025-10-16 07:00:00+00:00,SG,479,2025-10-23T00:32:29.933Z,2025-10-15T17:25:46.703Z,lifecycle,False,,7,3,10,0,0.9659258262890683,-0.25881904510252063
2025-10-16 08:00:00+00:00,SG,470,2025-10-16T09:26:15.719Z,2025-10-15T17:25:25.846Z,lifecycle,False,,8,3,10,0,0.8660254037844387,-0.4999999999999998
2025-10-16 09:00:00+00:00,SG,487,2025-10-24T00:32:59.925Z,2025-10-15T17:25:25.846Z,lifecycle,False,,9,3,10,0,0.7071067811865476,-0.7071067811865475
2025-10-16 10:00:00+00:00,SG,493,2025-10-23T00:32:52.122Z,2025-10-15T17:25:38.351Z,lifecycle,False,,10,3,10,0,0.49999999999999994,-0.8660254037844387
2025-10-16 11:00:00+00:00,SG,495,2025-10-23T00:32:52.122Z,2025-10-15T17:25:25.846Z,lifecycle,False,,11,3,10,0,0.258819045102521,-0.9659258262890682
2025-10-16 12:00:00+00:00,SG,495,2025-10-16T14:10:59.404Z,2025-10-15T17:25:46.703Z,lifecycle,False,,12,3,10,0,1.2246467991473532e-16,-1.0
2025-10-16 13:00:00+00:00,SG,495,2025-10-16T15:10:36.651Z,2025-10-15T17:25:25.846Z,lifecycle,False,,13,3,10,0,-0.2588190451025208,-0.9659258262890683
2025-10-16 14:00:00+00:00,SG,495,2025-10-17T00:26:41.804Z,2025-10-15T17:25:25.846Z,lifecycle,False,,14,3,10,0,-0.4999999999999997,-0.8660254037844388
2025-10-16 15:00:00+00:00,SG,495,2025-10-23T00:32:56.528Z,2025-10-15T17:25:25.846Z,lifecycle,False,,15,3,10,0,-0.7071067811865471,-0.7071067811865479
2025-10-16 16:00:00+00:00,SG,496,2025-10-23T00:32:52.122Z,2025-10-15T17:25:25.846Z,lifecycle,False,,16,3,10,0,-0.8660254037844385,-0.5000000000000004
2025-10-16 17:00:00+00:00,SG,495,2025-10-23T00:32:56.528Z,2025-10-15T17:25:46.703Z,lifecycle,False,,17,3,10,0,-0.9659258262890683,-0.25881904510252063
2025-10-16 18:00:00+00:00,SG,496,2025-10-16T20:10:38.938Z,2025-10-15T17:25:25.846Z,lifecycle,False,,18,3,10,0,-1.0,-1.8369701987210297e-16
2025-10-16 19:00:00+00:00,SG,496,2025-10-23T00:32:34.247Z,2025-10-15T17:25:38.351Z,lifecycle,False,,19,3,10,0,-0.9659258262890684,0.2588190451025203
2025-10-16 20:00:00+00:00,SG,495,2025-10-16T22:10:42.848Z,2025-10-16T12:25:14.091Z,lifecycle,False,,20,3,10,0,-0.8660254037844386,0.5000000000000001
2025-10-16 21:00:00+00:00,SG,495,2025-10-23T00:32:56.528Z,2025-10-16T12:25:26.237Z,lifecycle,False,,21,3,10,0,-0.7071067811865477,0.7071067811865474
2025-10-16 22:00:00+00:00,SG,495,2025-10-17T00:11:06.242Z,2025-10-16T12:25:14.091Z,lifecycle,False,,22,3,10,0,-0.5000000000000004,0.8660254037844384
2025-10-16 23:00:00+00:00,SG,491,2025-10-17T01:09:59.821Z,2025-10-16T15:25:36.564Z,lifecycle,False,,23,3,10,0,-0.25881904510252157,0.9659258262890681
2025-10-17 00:00:00+00:00,SG,478,2025-10-17T01:26:03.713Z,2025-10-16T16:28:42.535Z,lifecycle,False,,0,4,10,0,0.0,1.0
2025-10-17 01:00:00+00:00,SG,460,2025-10-17T02:25:05.906Z,2025-10-16T17:11:00.802Z,lifecycle,False,,1,4,10,0,0.25881904510252074,0.9659258262890683
2025-10-17 02:00:00+00:00,SG,468,2025-10-17T04:10:40.911Z,2025-10-16T17:10:48.351Z,lifecycle,False,,2,4,10,0,0.49999999999999994,0.8660254037844387
2025-10-17 03:00:00+00:00,SG,458,2025-10-17T04:25:08.616Z,2025-10-16T17:11:00.802Z,lifecycle,False,,3,4,10,0,0.7071067811865476,0.7071067811865476
2025-10-17 04:00:00+00:00,SG,456,2025-10-17T06:11:08.897Z,2025-10-16T17:10:32.488Z,lifecycle,False,,4,4,10,0,0.8660254037844386,0.5000000000000001
2025-10-17 05:00:00+00:00,SG,457,2025-10-17T07:09:33.671Z,2025-10-16T17:11:00.802Z,lifecycle,False,,5,4,10,0,0.9659258262890683,0.25881904510252074
2025-10-17 06:00:00+00:00,SG,461,2025-10-17T08:09:23.986Z,2025-10-16T17:11:00.802Z,lifecycle,False,,6,4,10,0,1.0,6.123233995736766e-17
2025-10-17 07:00:00+00:00,SG,465,2025-10-17T09:12:12.284Z,2025-10-16T17:10:35.721Z,lifecycle,False,,7,4,10,0,0.9659258262890683,-0.25881904510252063
2025-10-17 08:00:00+00:00,SG,463,2025-10-24T00:32:59.925Z,2025-10-16T17:10:35.721Z,lifecycle,False,,8,4,10,0,0.8660254037844387,-0.4999999999999998
2025-10-17 09:00:00+00:00,SG,478,2025-10-17T11:11:17.977Z,2025-10-16T17:10:35.721Z,lifecycle,False,,9,4,10,0,0.7071067811865476,-0.7071067811865475
2025-10-17 10:00:00+00:00,SG,491,2025-10-17T12:12:03.168Z,2025-10-16T17:10:52.635Z,lifecycle,False,,10,4,10,0,0.49999999999999994,-0.8660254037844387
2025-10-17 11:00:00+00:00,SG,494,2025-10-17T13:12:13.098Z,2025-10-16T17:10:52.635Z,lifecycle,False,,11,4,10,0,0.258819045102521,-0.9659258262890682
2025-10-17 12:00:00+00:00,SG,494,2025-10-20T11:55:48.120Z,2025-10-16T17:11:00.802Z,lifecycle,False,,12,4,10,0,1.2246467991473532e-16,-1.0
2025-10-17 13:00:00+00:00,SG,494,2025-10-17T15:10:51.827Z,2025-10-16T17:10:52.635Z,lifecycle,False,,13,4,10,0,-0.2588190451025208,-0.9659258262890683
2025-10-17 14:00:00+00:00,SG,495,2025-10-17T16:09:14.810Z,2025-10-16T17:11:00.802Z,lifecycle,False,,14,4,10,0,-0.4999999999999997,-0.8660254037844388
2025-10-17 15:00:00+00:00,SG,494,2025-10-20T11:55:48.120Z,2025-10-16T17:10:35.721Z,lifecycle,False,,15,4,10,0,-0.7071067811865471,-0.7071067811865479
2025-10-17 16:00:00+00:00,SG,495,2025-10-17T18:12:14.764Z,2025-10-16T17:11:00.802Z,lifecycle,False,,16,4,10,0,-0.8660254037844385,-0.5000000000000004
2025-10-17 17:00:00+00:00,SG,496,2025-10-17T19:11:12.784Z,2025-10-16T17:10:52.635Z,lifecycle,False,,17,4,10,0,-0.9659258262890683,-0.25881904510252063
2025-10-17 18:00:00+00:00,SG,496,2025-10-17T20:11:45.002Z,2025-10-16T17:10:35.721Z,lifecycle,False,,18,4,10,0,-1.0,-1.8369701987210297e-16
2025-10-17 19:00:00+00:00,SG,495,2025-10-20T11:56:08.788Z,2025-10-16T17:10:35.721Z,lifecycle,False,,19,4,10,0,-0.9659258262890684,0.2588190451025203
2025-10-17 20:00:00+00:00,SG,497,2025-10-17T22:10:03.166Z,2025-10-17T12:25:16.471Z,lifecycle,False,,20,4,10,0,-0.8660254037844386,0.5000000000000001
2025-10-17 21:00:00+00:00,SG,496,2025-10-17T23:10:08.480Z,2025-10-17T12:25:36.268Z,lifecycle,False,,21,4,10,0,-0.7071067811865477,0.7071067811865474
2025-10-17 22:00:00+00:00,SG,496,2025-10-18T00:09:50.241Z,2025-10-17T12:25:36.268Z,lifecycle,False,,22,4,10,0,-0.5000000000000004,0.8660254037844384
2025-10-17 23:00:00+00:00,SG,489,2025-10-18T01:10:07.767Z,2025-10-17T15:11:01.593Z,lifecycle,False,,23,4,10,0,-0.25881904510252157,0.9659258262890681
2025-10-18 00:00:00+00:00,SG,481,2025-10-20T11:56:00.528Z,2025-10-17T16:25:35.498Z,lifecycle,False,,0,5,10,1,0.0,1.0
2025-10-18 01:00:00+00:00,SG,467,2025-10-18T02:25:13.932Z,2025-10-17T17:13:21.092Z,lifecycle,False,,1,5,10,1,0.25881904510252074,0.9659258262890683
2025-10-18 02:00:00+00:00,SG,448,2025-10-18T03:25:08.521Z,2025-10-17T17:13:21.092Z,lifecycle,False,,2,5,10,1,0.49999999999999994,0.8660254037844387
2025-10-18 03:00:00+00:00,SG,428,2025-10-18T04:24:30.250Z,2025-10-17T17:13:07.957Z,lifecycle,False,,3,5,10,1,0.7071067811865476,0.7071067811865476
2025-10-18 04:00:00+00:00,SG,435,2025-10-18T06:10:35.159Z,2025-10-17T17:13:07.957Z,lifecycle,False,,4,5,10,1,0.8660254037844386,0.5000000000000001
2025-10-18 05:00:00+00:00,SG,429,2025-10-20T11:56:10.991Z,2025-10-17T17:13:30.830Z,lifecycle,False,,5,5,10,1,0.9659258262890683,0.25881904510252074
2025-10-18 06:00:00+00:00,SG,433,2025-10-21T00:25:07.574Z,2025-10-17T17:13:21.092Z,lifecycle,False,,6,5,10,1,1.0,6.123233995736766e-17
2025-10-18 07:00:00+00:00,SG,439,2025-10-18T08:25:51.825Z,2025-10-17T17:13:11.049Z,lifecycle,False,,7,5,10,1,0.9659258262890683,-0.25881904510252063
2025-10-18 08:00:00+00:00,SG,457,2025-10-25T00:31:57.543Z,2025-10-17T17:13:30.830Z,lifecycle,False,,8,5,10,1,0.8660254037844387,-0.4999999999999998
2025-10-18 09:00:00+00:00,SG,478,2025-10-26T00:34:33.011Z,2025-10-17T17:13:11.049Z,lifecycle,False,,9,5,10,1,0.7071067811865476,-0.7071067811865475
2025-10-18 10:00:00+00:00,SG,491,2025-10-25T00:32:13.673Z,2025-10-17T17:13:30.830Z,lifecycle,False,,10,5,10,1,0.49999999999999994,-0.8660254037844387
2025-10-18 11:00:00+00:00,SG,495,2025-10-26T00:34:15.242Z,2025-10-17T17:13:30.830Z,lifecycle,False,,11,5,10,1,0.258819045102521,-0.9659258262890682
2025-10-18 12:00:00+00:00,SG,495,2025-10-18T14:10:09.744Z,2025-10-17T17:13:24.397Z,lifecycle,False,,12,5,10,1,1.2246467991473532e-16,-1.0
2025-10-18 13:00:00+00:00,SG,495,2025-10-18T15:10:03.438Z,2025-10-17T17:13:24.397Z,lifecycle,False,,13,5,10,1,-0.2588190451025208,-0.9659258262890683
2025-10-18 14:00:00+00:00,SG,495,2025-10-26T00:34:33.608Z,2025-10-17T17:13:11.049Z,lifecycle,False,,14,5,10,1,-0.4999999999999997,-0.8660254037844388
2025-10-18 15:00:00+00:00,SG,495,2025-10-26T00:34:15.242Z,2025-10-17T17:13:24.397Z,lifecycle,False,,15,5,10,1,-0.7071067811865471,-0.7071067811865479
2025-10-18 16:00:00+00:00,SG,494,2025-10-18T17:24:46.512Z,2025-10-17T17:13:11.049Z,lifecycle,False,,16,5,10,1,-0.8660254037844385,-0.5000000000000004
2025-10-18 17:00:00+00:00,SG,495,2025-10-25T00:32:13.673Z,2025-10-17T17:13:30.830Z,lifecycle,False,,17,5,10,1,-0.9659258262890683,-0.25881904510252063
2025-10-18 18:00:00+00:00,SG,496,2025-10-25T00:32:23.498Z,2025-10-17T17:13:30.830Z,lifecycle,False,,18,5,10,1,-1.0,-1.8369701987210297e-16
2025-10-18 19:00:00+00:00,SG,495,2025-10-20T11:56:00.528Z,2025-10-17T17:13:11.049Z,lifecycle,False,,19,5,10,1,-0.9659258262890684,0.2588190451025203
2025-10-18 20:00:00+00:00,SG,496,2025-10-19T06:25:28.634Z,2025-10-18T12:25:08.934Z,lifecycle,False,,20,5,10,1,-0.8660254037844386,0.5000000000000001
2025-10-18 21:00:00+00:00,SG,496,2025-10-18T23:10:00.641Z,2025-10-18T12:24:48.901Z,lifecycle,False,,21,5,10,1,-0.7071067811865477,0.7071067811865474
2025-10-18 22:00:00+00:00,SG,496,2025-10-19T00:09:24.856Z,2025-10-18T12:25:08.934Z,lifecycle,False,,22,5,10,1,-0.5000000000000004,0.8660254037844384
2025-10-18 23:00:00+00:00,SG,491,2025-10-20T11:55:48.120Z,2025-10-18T15:24:35.762Z,lifecycle,False,,23,5,10,1,-0.25881904510252157,0.9659258262890681
2025-10-19 00:00:00+00:00,SG,483,2025-10-19T01:40:09.089Z,2025-10-18T16:24:38.820Z,lifecycle,False,,0,6,10,1,0.0,1.0
2025-10-19 01:00:00+00:00,SG,467,2025-10-19T02:24:18.025Z,2025-10-18T17:11:08.945Z,lifecycle,False,,1,6,10,1,0.25881904510252074,0.9659258262890683
2025-10-19 02:00:00+00:00,SG,442,2025-10-19T03:25:13.647Z,2025-10-18T17:11:08.945Z,lifecycle,False,,2,6,10,1,0.49999999999999994,0.8660254037844387
2025-10-19 03:00:00+00:00,SG,430,2025-10-20T11:56:10.991Z,2025-10-18T17:10:47.562Z,lifecycle,False,,3,6,10,1,0.7071067811865476,0.7071067811865476
2025-10-19 04:00:00+00:00,SG,427,2025-10-20T11:56:10.991Z,2025-10-18T17:10:58.629Z,lifecycle,False,,4,6,10,1,0.8660254037844386,0.5000000000000001
2025-10-19 05:00:00+00:00,SG,427,2025-10-20T11:55:53.886Z,2025-10-18T17:10:47.562Z,lifecycle,False,,5,6,10,1,0.9659258262890683,0.25881904510252074
2025-10-19 06:00:00+00:00,SG,431,2025-10-20T11:55:53.886Z,2025-10-18T17:10:58.629Z,lifecycle,False,,6,6,10,1,1.0,6.123233995736766e-17
2025-10-19 07:00:00+00:00,SG,440,2025-10-27T01:30:44.894Z,2025-10-18T17:10:47.562Z,lifecycle,False,,7,6,10,1,0.9659258262890683,-0.25881904510252063
2025-10-19 08:00:00+00:00,SG,459,2025-10-27T01:31:02.878Z,2025-10-18T17:11:08.945Z,lifecycle,False,,8,6,10,1,0.8660254037844387,-0.4999999999999998
2025-10-19 09:00:00+00:00,SG,479,2025-10-26T00:34:15.242Z,2025-10-18T17:11:02.435Z,lifecycle,False,,9,6,10,1,0.7071067811865476,-0.7071067811865475
2025-10-19 10:00:00+00:00,SG,491,2025-10-26T00:34:37.522Z,2025-10-18T17:11:02.435Z,lifecycle,False,,10,6,10,1,0.49999999999999994,-0.8660254037844387
2025-10-19 11:00:00+00:00,SG,495,2025-10-26T00:34:19.506Z,2025-10-18T17:11:02.435Z,lifecycle,False,,11,6,10,1,0.258819045102521,-0.9659258262890682
2025-10-19 12:00:00+00:00,SG,496,2025-10-19T14:09:46.978Z,2025-10-18T17:10:50.387Z,lifecycle,False,,12,6,10,1,1.2246467991473532e-16,-1.0
2025-10-19 13:00:00+00:00,SG,495,2025-10-19T15:11:04.421Z,2025-10-18T17:11:08.945Z,lifecycle,False,,13,6,10,1,-0.2588190451025208,-0.9659258262890683
2025-10-19 14:00:00+00:00,SG,496,2025-10-27T01:30:44.894Z,2025-10-18T17:10:50.387Z,lifecycle,False,,14,6,10,1,-0.4999999999999997,-0.8660254037844388
2025-10-19 15:00:00+00:00,SG,496,2025-10-27T01:30:44.894Z,2025-10-18T17:11:08.945Z,lifecycle,False,,15,6,10,1,-0.7071067811865471,-0.7071067811865479
2025-10-19 16:00:00+00:00,SG,495,2025-10-26T00:34:36.656Z,2025-10-18T17:10:50.387Z,lifecycle,False,,16,6,10,1,-0.8660254037844385,-0.5000000000000004
2025-10-19 17:00:00+00:00,SG,496,2025-10-19T19:11:51.391Z,2025-10-18T17:10:50.387Z,lifecycle,False,,17,6,10,1,-0.9659258262890683,-0.25881904510252063
2025-10-19 18:00:00+00:00,SG,496,2025-10-21T18:25:23.704Z,2025-10-18T17:10:50.387Z,lifecycle,False,,18,6,10,1,-1.0,-1.8369701987210297e-16
2025-10-19 19:00:00+00:00,SG,497,2025-10-26T00:34:37.522Z,2025-10-18T17:10:50.387Z,lifecycle,False,,19,6,10,1,-0.9659258262890684,0.2588190451025203
2025-10-19 20:00:00+00:00,SG,497,2025-10-19T22:11:02.181Z,2025-10-19T12:10:39.057Z,lifecycle,False,,20,6,10,1,-0.8660254037844386,0.5000000000000001
2025-10-19 21:00:00+00:00,SG,496,2025-10-19T23:09:52.955Z,2025-10-19T12:10:53.253Z,lifecycle,False,,21,6,10,1,-0.7071067811865477,0.7071067811865474
2025-10-19 22:00:00+00:00,SG,496,2025-10-20T11:56:14.562Z,2025-10-19T12:10:53.253Z,lifecycle,False,,22,6,10,1,-0.5000000000000004,0.8660254037844384
2025-10-19 23:00:00+00:00,SG,490,2025-10-20T01:09:54.410Z,2025-10-19T15:25:43.803Z,lifecycle,False,,23,6,10,1,-0.25881904510252157,0.9659258262890681
2025-10-20 00:00:00+00:00,SG,474,2025-10-20T02:10:04.934Z,2025-10-19T16:09:58.200Z,lifecycle,False,,0,0,10,0,0.0,1.0
2025-10-20 01:00:00+00:00,SG,460,2025-10-20T11:55:53.886Z,2025-10-19T17:24:34.066Z,lifecycle,False,,1,0,10,0,0.25881904510252074,0.9659258262890683
2025-10-20 02:00:00+00:00,SG,452,2025-10-20T11:55:53.886Z,2025-10-19T17:24:24.159Z,lifecycle,False,,2,0,10,0,0.49999999999999994,0.8660254037844387
2025-10-20 03:00:00+00:00,SG,442,2025-10-20T05:09:44.177Z,2025-10-19T17:24:24.159Z,lifecycle,False,,3,0,10,0,0.7071067811865476,0.7071067811865476
2025-10-20 04:00:00+00:00,SG,437,2025-10-20T06:11:05.207Z,2025-10-19T17:24:24.159Z,lifecycle,False,,4,0,10,0,0.8660254037844386,0.5000000000000001
2025-10-20 05:00:00+00:00,SG,441,2025-10-20T07:10:03.332Z,2025-10-19T17:24:34.066Z,lifecycle,False,,5,0,10,0,0.9659258262890683,0.25881904510252074
2025-10-20 06:00:00+00:00,SG,443,2025-10-20T08:09:56.173Z,2025-10-19T17:24:15.576Z,lifecycle,False,,6,0,10,0,1.0,6.123233995736766e-17
2025-10-20 07:00:00+00:00,SG,452,2025-10-20T09:10:41.006Z,2025-10-19T17:24:34.066Z,lifecycle,False,,7,0,10,0,0.9659258262890683,-0.25881904510252063
2025-10-20 08:00:00+00:00,SG,464,2025-10-20T10:10:56.849Z,2025-10-19T17:24:27.431Z,lifecycle,False,,8,0,10,0,0.8660254037844387,-0.4999999999999998
2025-10-20 09:00:00+00:00,SG,478,2025-10-20T11:11:55.438Z,2025-10-19T17:24:34.066Z,lifecycle,False,,9,0,10,0,0.7071067811865476,-0.7071067811865475
2025-10-20 10:00:00+00:00,SG,494,2025-10-20T12:11:07.116Z,2025-10-19T17:24:27.431Z,lifecycle,False,,10,0,10,0,0.49999999999999994,-0.8660254037844387
2025-10-20 11:00:00+00:00,SG,496,2025-10-20T13:12:16.018Z,2025-10-19T17:24:34.066Z,lifecycle,False,,11,0,10,0,0.258819045102521,-0.9659258262890682
2025-10-20 12:00:00+00:00,SG,496,2025-10-20T14:11:45.434Z,2025-10-19T17:24:18.076Z,lifecycle,False,,12,0,10,0,1.2246467991473532e-16,-1.0
2025-10-20 13:00:00+00:00,SG,496,2025-10-20T15:10:26.312Z,2025-10-19T17:24:34.066Z,lifecycle,False,,13,0,10,0,-0.2588190451025208,-0.9659258262890683
2025-10-20 14:00:00+00:00,SG,496,2025-10-20T16:25:07.407Z,2025-10-19T17:24:18.076Z,lifecycle,False,,14,0,10,0,-0.4999999999999997,-0.8660254037844388
2025-10-20 15:00:00+00:00,SG,496,2025-10-20T16:25:15.819Z,2025-10-19T17:24:34.066Z,lifecycle,False,,15,0,10,0,-0.7071067811865471,-0.7071067811865479
2025-10-20 16:00:00+00:00,SG,495,2025-10-20T17:26:04.371Z,2025-10-19T17:24:34.066Z,lifecycle,False,,16,0,10,0,-0.8660254037844385,-0.5000000000000004
2025-10-20 17:00:00+00:00,SG,495,2025-10-20T18:26:32.399Z,2025-10-19T17:24:18.076Z,lifecycle,False,,17,0,10,0,-0.9659258262890683,-0.25881904510252063
2025-10-20 18:00:00+00:00,SG,496,2025-10-20T20:10:18.444Z,2025-10-19T17:24:27.431Z,lifecycle,False,,18,0,10,0,-1.0,-1.8369701987210297e-16
2025-10-20 19:00:00+00:00,SG,496,2025-10-20T21:11:40.296Z,2025-10-19T17:24:34.066Z,lifecycle,False,,19,0,10,0,-0.9659258262890684,0.2588190451025203
2025-10-20 20:00:00+00:00,SG,495,2025-10-20T22:11:31.947Z,2025-10-20T12:26:49.920Z,lifecycle,False,,20,0,10,0,-0.8660254037844386,0.5000000000000001
2025-10-20 21:00:00+00:00,SG,495,2025-10-20T23:11:39.662Z,2025-10-20T12:26:49.920Z,lifecycle,False,,21,0,10,0,-0.7071067811865477,0.7071067811865474
2025-10-20 22:00:00+00:00,SG,495,2025-10-21T00:10:47.136Z,2025-10-20T12:27:18.555Z,lifecycle,False,,22,0,10,0,-0.5000000000000004,0.8660254037844384
2025-10-20 23:00:00+00:00,SG,491,2025-10-21T00:25:14.580Z,2025-10-20T15:26:28.130Z,lifecycle,False,,23,0,10,0,-0.25881904510252157,0.9659258262890681
2025-10-21 00:00:00+00:00,SG,486,2025-10-21T02:09:56.353Z,2025-10-20T16:10:11.965Z,lifecycle,False,,0,1,10,0,0.0,1.0
2025-10-21 01:00:00+00:00,SG,478,2025-10-21T02:24:59.648Z,2025-10-20T17:26:04.371Z,lifecycle,False,,1,1,10,0,0.25881904510252074,0.9659258262890683
2025-10-21 02:00:00+00:00,SG,473,2025-10-21T03:25:18.546Z,2025-10-20T17:41:07.899Z,lifecycle,False,,2,1,10,0,0.49999999999999994,0.8660254037844387
2025-10-21 03:00:00+00:00,SG,467,2025-10-21T04:25:15.298Z,2025-10-20T17:41:07.899Z,lifecycle,False,,3,1,10,0,0.7071067811865476,0.7071067811865476
2025-10-21 04:00:00+00:00,SG,475,2025-10-21T06:11:03.659Z,2025-10-20T17:41:07.899Z,lifecycle,False,,4,1,10,0,0.8660254037844386,0.5000000000000001
2025-10-21 05:00:00+00:00,SG,478,2025-10-21T07:11:31.418Z,2025-10-20T17:40:44.260Z,lifecycle,False,,5,1,10,0,0.9659258262890683,0.25881904510252074
2025-10-21 06:00:00+00:00,SG,472,2025-10-21T08:11:12.871Z,2025-10-20T17:41:07.899Z,lifecycle,False,,6,1,10,0,1.0,6.123233995736766e-17
2025-10-21 07:00:00+00:00,SG,475,2025-10-21T09:09:15.170Z,2025-10-20T17:40:44.260Z,lifecycle,False,,7,1,10,0,0.9659258262890683,-0.25881904510252063
2025-10-21 08:00:00+00:00,SG,472,2025-10-21T10:11:11.905Z,2025-10-20T17:41:07.899Z,lifecycle,False,,8,1,10,0,0.8660254037844387,-0.4999999999999998
2025-10-21 09:00:00+00:00,SG,484,2025-10-21T11:10:05.596Z,2025-10-20T17:41:00.948Z,lifecycle,False,,9,1,10,0,0.7071067811865476,-0.7071067811865475
2025-10-21 10:00:00+00:00,SG,493,2025-10-21T12:10:46.776Z,2025-10-20T17:41:00.948Z,lifecycle,False,,10,1,10,0,0.49999999999999994,-0.8660254037844387
2025-10-21 11:00:00+00:00,SG,494,2025-10-21T13:09:59.569Z,2025-10-20T17:40:46.978Z,lifecycle,False,,11,1,10,0,0.258819045102521,-0.9659258262890682
2025-10-21 12:00:00+00:00,SG,495,2025-10-21T14:10:20.277Z,2025-10-20T17:40:46.978Z,lifecycle,False,,12,1,10,0,1.2246467991473532e-16,-1.0
2025-10-21 13:00:00+00:00,SG,495,2025-10-21T15:11:23.424Z,2025-10-20T17:40:46.978Z,lifecycle,False,,13,1,10,0,-0.2588190451025208,-0.9659258262890683
2025-10-21 14:00:00+00:00,SG,494,2025-10-21T16:10:26.869Z,2025-10-20T17:41:07.899Z,lifecycle,False,,14,1,10,0,-0.4999999999999997,-0.8660254037844388
2025-10-21 15:00:00+00:00,SG,495,2025-10-21T16:39:06.005Z,2025-10-20T17:41:00.948Z,lifecycle,False,,15,1,10,0,-0.7071067811865471,-0.7071067811865479
2025-10-21 16:00:00+00:00,SG,495,2025-10-21T18:12:33.181Z,2025-10-20T17:41:00.948Z,lifecycle,False,,16,1,10,0,-0.8660254037844385,-0.5000000000000004
2025-10-21 17:00:00+00:00,SG,495,2025-10-21T19:11:07.826Z,2025-10-20T17:41:00.948Z,lifecycle,False,,17,1,10,0,-0.9659258262890683,-0.25881904510252063
2025-10-21 18:00:00+00:00,SG,495,2025-10-21T19:25:33.291Z,2025-10-20T17:40:46.978Z,lifecycle,False,,18,1,10,0,-1.0,-1.8369701987210297e-16
2025-10-21 19:00:00+00:00,SG,495,2025-10-21T20:25:35.459Z,2025-10-20T17:40:46.978Z,lifecycle,False,,19,1,10,0,-0.9659258262890684,0.2588190451025203
2025-10-21 20:00:00+00:00,SG,495,2025-10-21T21:27:03.303Z,2025-10-21T12:10:36.871Z,lifecycle,False,,20,1,10,0,-0.8660254037844386,0.5000000000000001
2025-10-21 21:00:00+00:00,SG,495,2025-10-21T23:10:16.398Z,2025-10-21T12:10:46.776Z,lifecycle,False,,21,1,10,0,-0.7071067811865477,0.7071067811865474
2025-10-21 22:00:00+00:00,SG,495,2025-10-21T23:24:51.503Z,2025-10-21T12:10:46.776Z,lifecycle,False,,22,1,10,0,-0.5000000000000004,0.8660254037844384
2025-10-21 23:00:00+00:00,SG,492,2025-10-22T01:10:52.256Z,2025-10-21T15:27:08.719Z,lifecycle,False,,23,1,10,0,-0.25881904510252157,0.9659258262890681
2025-10-22 00:00:00+00:00,SG,485,2025-10-22T01:26:05.484Z,2025-10-21T16:25:28.542Z,lifecycle,False,,0,2,10,0,0.0,1.0
2025-10-22 01:00:00+00:00,SG,482,2025-10-22T02:24:46.786Z,2025-10-21T17:09:39.135Z,lifecycle,False,,1,2,10,0,0.25881904510252074,0.9659258262890683
2025-10-22 02:00:00+00:00,SG,486,2025-10-22T04:10:59.638Z,2025-10-21T17:09:20.366Z,lifecycle,False,,2,2,10,0,0.49999999999999994,0.8660254037844387
2025-10-22 03:00:00+00:00,SG,483,2025-10-22T05:10:29.441Z,2025-10-21T17:09:29.101Z,lifecycle,False,,3,2,10,0,0.7071067811865476,0.7071067811865476
2025-10-22 04:00:00+00:00,SG,481,2025-10-22T06:09:23.565Z,2025-10-21T17:09:20.366Z,lifecycle,False,,4,2,10,0,0.8660254037844386,0.5000000000000001
2025-10-22 05:00:00+00:00,SG,476,2025-10-22T07:10:20.733Z,2025-10-21T17:09:39.135Z,lifecycle,False,,5,2,10,0,0.9659258262890683,0.25881904510252074
2025-10-22 06:00:00+00:00,SG,466,2025-10-22T07:25:44.068Z,2025-10-21T17:09:39.135Z,lifecycle,False,,6,2,10,0,1.0,6.123233995736766e-17
2025-10-22 07:00:00+00:00,SG,474,2025-10-22T09:10:37.793Z,2025-10-21T17:09:32.354Z,lifecycle,False,,7,2,10,0,0.9659258262890683,-0.25881904510252063
2025-10-22 08:00:00+00:00,SG,477,2025-10-22T10:12:05.613Z,2025-10-21T17:09:32.354Z,lifecycle,False,,8,2,10,0,0.8660254037844387,-0.4999999999999998
2025-10-22 09:00:00+00:00,SG,486,2025-10-22T11:11:38.871Z,2025-10-21T17:09:22.742Z,lifecycle,False,,9,2,10,0,0.7071067811865476,-0.7071067811865475
2025-10-22 10:00:00+00:00,SG,492,2025-10-22T12:11:48.472Z,2025-10-21T17:09:39.135Z,lifecycle,False,,10,2,10,0,0.49999999999999994,-0.8660254037844387
2025-10-22 11:00:00+00:00,SG,495,2025-10-22T13:09:30.746Z,2025-10-21T17:09:22.742Z,lifecycle,False,,11,2,10,0,0.258819045102521,-0.9659258262890682
2025-10-22 12:00:00+00:00,SG,495,2025-10-22T14:10:32.629Z,2025-10-21T17:09:22.742Z,lifecycle,False,,12,2,10,0,1.2246467991473532e-16,-1.0
2025-10-22 13:00:00+00:00,SG,494,2025-10-22T15:10:13.125Z,2025-10-21T17:09:39.135Z,lifecycle,False,,13,2,10,0,-0.2588190451025208,-0.9659258262890683
2025-10-22 14:00:00+00:00,SG,494,2025-10-22T15:39:04.516Z,2025-10-21T17:09:39.135Z,lifecycle,False,,14,2,10,0,-0.4999999999999997,-0.8660254037844388
2025-10-22 15:00:00+00:00,SG,494,2025-10-22T16:25:32.429Z,2025-10-21T17:09:22.742Z,lifecycle,False,,15,2,10,0,-0.7071067811865471,-0.7071067811865479
2025-10-22 16:00:00+00:00,SG,495,2025-10-22T17:55:20.289Z,2025-10-21T17:09:22.742Z,lifecycle,False,,16,2,10,0,-0.8660254037844385,-0.5000000000000004
2025-10-22 17:00:00+00:00,SG,496,2025-10-22T19:10:30.465Z,2025-10-21T17:09:39.135Z,lifecycle,False,,17,2,10,0,-0.9659258262890683,-0.25881904510252063
2025-10-22 18:00:00+00:00,SG,496,2025-10-22T20:09:53.421Z,2025-10-21T17:09:32.354Z,lifecycle,False,,18,2,10,0,-1.0,-1.8369701987210297e-16
2025-10-22 19:00:00+00:00,SG,496,2025-10-22T20:25:21.225Z,2025-10-21T17:09:22.742Z,lifecycle,False,,19,2,10,0,-0.9659258262890684,0.2588190451025203
2025-10-22 20:00:00+00:00,SG,496,2025-10-22T21:25:39.299Z,2025-10-22T12:25:42.257Z,lifecycle,False,,20,2,10,0,-0.8660254037844386,0.5000000000000001
2025-10-22 21:00:00+00:00,SG,497,2025-10-22T23:10:57.917Z,2025-10-22T12:26:29.633Z,lifecycle,False,,21,2,10,0,-0.7071067811865477,0.7071067811865474
2025-10-22 22:00:00+00:00,SG,496,2025-10-23T00:10:32.228Z,2025-10-22T12:26:29.633Z,lifecycle,False,,22,2,10,0,-0.5000000000000004,0.8660254037844384
2025-10-22 23:00:00+00:00,SG,490,2025-10-23T00:25:26.898Z,2025-10-22T15:25:37.965Z,lifecycle,False,,23,2,10,0,-0.25881904510252157,0.9659258262890681
2025-10-23 00:00:00+00:00,SG,477,2025-10-23T01:25:23.967Z,2025-10-22T16:25:32.429Z,lifecycle,False,,0,3,10,0,0.0,1.0
2025-10-23 01:00:00+00:00,SG,474,2025-10-23T03:10:52.672Z,2025-10-22T17:26:16.471Z,lifecycle,False,,1,3,10,0,0.25881904510252074,0.9659258262890683
2025-10-23 02:00:00+00:00,SG,463,2025-10-23T03:24:58.623Z,2025-10-22T17:40:26.668Z,lifecycle,False,,2,3,10,0,0.49999999999999994,0.8660254037844387
2025-10-23 03:00:00+00:00,SG,444,2025-10-23T04:25:16.808Z,2025-10-22T17:40:37.436Z,lifecycle,False,,3,3,10,0,0.7071067811865476,0.7071067811865476
2025-10-23 04:00:00+00:00,SG,446,2025-10-23T06:10:22.967Z,2025-10-22T17:40:16.989Z,lifecycle,False,,4,3,10,0,0.8660254037844386,0.5000000000000001
2025-10-23 05:00:00+00:00,SG,441,2025-10-23T06:26:30.750Z,2025-10-22T17:40:16.989Z,lifecycle,False,,5,3,10,0,0.9659258262890683,0.25881904510252074
2025-10-23 06:00:00+00:00,SG,447,2025-10-23T08:12:55.155Z,2025-10-22T17:40:37.436Z,lifecycle,False,,6,3,10,0,1.0,6.123233995736766e-17
2025-10-23 07:00:00+00:00,SG,461,2025-10-23T09:10:33.463Z,2025-10-22T17:40:30.394Z,lifecycle,False,,7,3,10,0,0.9659258262890683,-0.25881904510252063
2025-10-23 08:00:00+00:00,SG,485,2025-10-23T10:10:09.772Z,2025-10-22T17:40:30.394Z,lifecycle,False,,8,3,10,0,0.8660254037844387,-0.4999999999999998
2025-10-23 09:00:00+00:00,SG,481,2025-10-23T11:09:57.942Z,2025-10-22T17:40:37.436Z,lifecycle,False,,9,3,10,0,0.7071067811865476,-0.7071067811865475
2025-10-23 10:00:00+00:00,SG,492,2025-10-23T12:11:48.792Z,2025-10-22T17:40:19.957Z,lifecycle,False,,10,3,10,0,0.49999999999999994,-0.8660254037844387
2025-10-23 11:00:00+00:00,SG,495,2025-10-23T13:09:56.461Z,2025-10-22T17:40:37.436Z,lifecycle,False,,11,3,10,0,0.258819045102521,-0.9659258262890682
2025-10-23 12:00:00+00:00,SG,495,2025-10-23T14:11:16.041Z,2025-10-22T17:40:37.436Z,lifecycle,False,,12,3,10,0,1.2246467991473532e-16,-1.0
2025-10-23 13:00:00+00:00,SG,495,2025-10-23T15:12:19.327Z,2025-10-22T17:40:30.394Z,lifecycle,False,,13,3,10,0,-0.2588190451025208,-0.9659258262890683
2025-10-23 14:00:00+00:00,SG,495,2025-10-23T15:24:43.033Z,2025-10-22T17:40:30.394Z,lifecycle,False,,14,3,10,0,-0.4999999999999997,-0.8660254037844388
2025-10-23 15:00:00+00:00,SG,496,2025-10-24T06:25:56.835Z,2025-10-22T17:40:37.436Z,lifecycle,False,,15,3,10,0,-0.7071067811865471,-0.7071067811865479
2025-10-23 16:00:00+00:00,SG,496,2025-10-24T00:25:08.031Z,2025-10-22T17:40:37.436Z,lifecycle,False,,16,3,10,0,-0.8660254037844385,-0.5000000000000004
2025-10-23 17:00:00+00:00,SG,497,2025-10-23T19:10:27.346Z,2025-10-22T17:40:19.957Z,lifecycle,False,,17,3,10,0,-0.9659258262890683,-0.25881904510252063
2025-10-23 18:00:00+00:00,SG,498,2025-10-26T00:25:07.789Z,2025-10-22T17:40:19.957Z,lifecycle,False,,18,3,10,0,-1.0,-1.8369701987210297e-16
2025-10-23 19:00:00+00:00,SG,499,2025-10-25T18:24:37.160Z,2025-10-22T17:40:19.957Z,lifecycle,False,,19,3,10,0,-0.9659258262890684,0.2588190451025203
2025-10-23 20:00:00+00:00,SG,498,2025-10-23T22:11:39.711Z,2025-10-23T12:25:03.607Z,lifecycle,False,,20,3,10,0,-0.8660254037844386,0.5000000000000001
2025-10-23 21:00:00+00:00,SG,498,2025-10-23T23:11:46.686Z,2025-10-23T12:25:03.607Z,lifecycle,False,,21,3,10,0,-0.7071067811865477,0.7071067811865474
2025-10-23 22:00:00+00:00,SG,497,2025-10-24T00:10:05.570Z,2025-10-23T12:25:03.607Z,lifecycle,False,,22,3,10,0,-0.5000000000000004,0.8660254037844384
2025-10-23 23:00:00+00:00,SG,492,2025-10-24T01:10:30.843Z,2025-10-23T15:24:43.033Z,lifecycle,False,,23,3,10,0,-0.25881904510252157,0.9659258262890681
2025-10-24 00:00:00+00:00,SG,484,2025-10-24T06:25:56.835Z,2025-10-23T16:27:02.512Z,lifecycle,False,,0,4,10,0,0.0,1.0
2025-10-24 01:00:00+00:00,SG,477,2025-10-24T03:11:37.827Z,2025-10-23T17:25:35.308Z,lifecycle,False,,1,4,10,0,0.25881904510252074,0.9659258262890683
2025-10-24 02:00:00+00:00,SG,458,2025-10-24T03:24:48.793Z,2025-10-23T17:25:35.308Z,lifecycle,False,,2,4,10,0,0.49999999999999994,0.8660254037844387
2025-10-24 03:00:00+00:00,SG,447,2025-10-26T19:26:21.786Z,2025-10-23T17:25:23.957Z,lifecycle,False,,3,4,10,0,0.7071067811865476,0.7071067811865476
2025-10-24 04:00:00+00:00,SG,435,2025-10-24T06:10:37.162Z,2025-10-23T17:25:13.613Z,lifecycle,False,,4,4,10,0,0.8660254037844386,0.5000000000000001
2025-10-24 05:00:00+00:00,SG,436,2025-10-24T07:10:38.130Z,2025-10-23T17:25:35.308Z,lifecycle,False,,5,4,10,0,0.9659258262890683,0.25881904510252074
2025-10-24 06:00:00+00:00,SG,439,2025-10-25T00:26:06.586Z,2025-10-23T17:25:35.308Z,lifecycle,False,,6,4,10,0,1.0,6.123233995736766e-17
2025-10-24 07:00:00+00:00,SG,451,2025-10-24T09:12:24.305Z,2025-10-23T17:25:27.602Z,lifecycle,False,,7,4,10,0,0.9659258262890683,-0.25881904510252063
2025-10-24 08:00:00+00:00,SG,465,2025-10-26T00:24:53.694Z,2025-10-23T17:25:35.308Z,lifecycle,False,,8,4,10,0,0.8660254037844387,-0.4999999999999998
2025-10-24 09:00:00+00:00,SG,481,2025-10-24T11:25:48.735Z,2025-10-23T17:25:35.308Z,lifecycle,False,,9,4,10,0,0.7071067811865476,-0.7071067811865475
2025-10-24 10:00:00+00:00,SG,492,2025-10-24T12:09:59.199Z,2025-10-23T17:25:16.401Z,lifecycle,False,,10,4,10,0,0.49999999999999994,-0.8660254037844387
2025-10-24 11:00:00+00:00,SG,496,2025-10-25T12:25:41.549Z,2025-10-23T17:25:27.602Z,lifecycle,False,,11,4,10,0,0.258819045102521,-0.9659258262890682
2025-10-24 12:00:00+00:00,SG,496,2025-10-24T14:12:23.124Z,2025-10-23T17:25:35.308Z,lifecycle,False,,12,4,10,0,1.2246467991473532e-16,-1.0
2025-10-24 13:00:00+00:00,SG,496,2025-10-24T15:11:14.017Z,2025-10-23T17:25:27.602Z,lifecycle,False,,13,4,10,0,-0.2588190451025208,-0.9659258262890683
2025-10-24 14:00:00+00:00,SG,495,2025-10-27T01:24:49.413Z,2025-10-23T17:25:27.602Z,lifecycle,False,,14,4,10,0,-0.4999999999999997,-0.8660254037844388
2025-10-24 15:00:00+00:00,SG,495,2025-10-25T00:25:55.675Z,2025-10-23T17:25:27.602Z,lifecycle,False,,15,4,10,0,-0.7071067811865471,-0.7071067811865479
2025-10-24 16:00:00+00:00,SG,495,2025-10-25T00:26:06.586Z,2025-10-23T17:25:27.602Z,lifecycle,False,,16,4,10,0,-0.8660254037844385,-0.5000000000000004
2025-10-24 17:00:00+00:00,SG,497,2025-10-25T00:26:06.586Z,2025-10-23T17:25:16.401Z,lifecycle,False,,17,4,10,0,-0.9659258262890683,-0.25881904510252063
2025-10-24 18:00:00+00:00,SG,496,2025-10-24T20:09:51.314Z,2025-10-23T17:25:27.602Z,lifecycle,False,,18,4,10,0,-1.0,-1.8369701987210297e-16
2025-10-24 19:00:00+00:00,SG,496,2025-10-25T06:25:49.164Z,2025-10-23T17:25:16.401Z,lifecycle,False,,19,4,10,0,-0.9659258262890684,0.2588190451025203
2025-10-24 20:00:00+00:00,SG,496,2025-10-24T22:11:04.021Z,2025-10-24T12:25:32.034Z,lifecycle,False,,20,4,10,0,-0.8660254037844386,0.5000000000000001
2025-10-24 21:00:00+00:00,SG,496,2025-10-24T23:09:53.405Z,2025-10-24T12:25:22.549Z,lifecycle,False,,21,4,10,0,-0.7071067811865477,0.7071067811865474
2025-10-24 22:00:00+00:00,SG,496,2025-10-25T12:25:31.079Z,2025-10-24T12:25:22.549Z,lifecycle,False,,22,4,10,0,-0.5000000000000004,0.8660254037844384
2025-10-24 23:00:00+00:00,SG,493,2025-10-25T12:25:41.549Z,2025-10-24T15:24:13.242Z,lifecycle,False,,23,4,10,0,-0.25881904510252157,0.9659258262890681
2025-10-25 00:00:00+00:00,SG,485,2025-10-27T01:24:59.992Z,2025-10-24T16:29:32.358Z,lifecycle,False,,0,5,10,1,0.0,1.0
2025-10-25 01:00:00+00:00,SG,474,2025-10-26T07:25:31.255Z,2025-10-24T17:12:14.192Z,lifecycle,False,,1,5,10,1,0.25881904510252074,0.9659258262890683
2025-10-25 02:00:00+00:00,SG,452,2025-10-25T03:25:33.771Z,2025-10-24T17:12:33.386Z,lifecycle,False,,2,5,10,1,0.49999999999999994,0.8660254037844387
2025-10-25 03:00:00+00:00,SG,438,2025-10-25T04:26:00.647Z,2025-10-24T17:12:33.386Z,lifecycle,False,,3,5,10,1,0.7071067811865476,0.7071067811865476
2025-10-25 04:00:00+00:00,SG,431,2025-10-25T05:25:35.657Z,2025-10-24T17:12:14.192Z,lifecycle,False,,4,5,10,1,0.8660254037844386,0.5000000000000001
2025-10-25 05:00:00+00:00,SG,431,2025-10-25T06:25:37.763Z,2025-10-24T17:12:23.497Z,lifecycle,False,,5,5,10,1,0.9659258262890683,0.25881904510252074
2025-10-25 06:00:00+00:00,SG,442,2025-10-25T07:24:16.569Z,2025-10-24T17:12:33.386Z,lifecycle,False,,6,5,10,1,1.0,6.123233995736766e-17
2025-10-25 07:00:00+00:00,SG,454,2025-10-25T09:10:20.712Z,2025-10-24T17:12:14.192Z,lifecycle,False,,7,5,10,1,0.9659258262890683,-0.25881904510252063
2025-10-25 08:00:00+00:00,SG,477,2025-10-25T10:10:37.535Z,2025-10-24T17:12:14.192Z,lifecycle,False,,8,5,10,1,0.8660254037844387,-0.4999999999999998
2025-10-25 09:00:00+00:00,SG,486,2025-10-25T11:10:28.484Z,2025-10-24T17:12:26.785Z,lifecycle,False,,9,5,10,1,0.7071067811865476,-0.7071067811865475
2025-10-25 10:00:00+00:00,SG,493,2025-10-25T12:25:31.079Z,2025-10-24T17:12:26.785Z,lifecycle,False,,10,5,10,1,0.49999999999999994,-0.8660254037844387
2025-10-25 11:00:00+00:00,SG,495,2025-10-25T13:10:39.685Z,2025-10-24T17:12:16.529Z,lifecycle,False,,11,5,10,1,0.258819045102521,-0.9659258262890682
2025-10-25 12:00:00+00:00,SG,496,2025-10-25T14:10:37.914Z,2025-10-24T17:12:33.386Z,lifecycle,False,,12,5,10,1,1.2246467991473532e-16,-1.0
2025-10-25 13:00:00+00:00,SG,496,2025-10-25T15:10:51.490Z,2025-10-24T17:12:26.785Z,lifecycle,False,,13,5,10,1,-0.2588190451025208,-0.9659258262890683
2025-10-25 14:00:00+00:00,SG,495,2025-10-25T16:55:34.253Z,2025-10-24T17:12:16.529Z,lifecycle,False,,14,5,10,1,-0.4999999999999997,-0.8660254037844388
2025-10-25 15:00:00+00:00,SG,495,2025-10-26T00:25:12.288Z,2025-10-24T17:12:26.785Z,lifecycle,False,,15,5,10,1,-0.7071067811865471,-0.7071067811865479
2025-10-25 16:00:00+00:00,SG,495,2025-10-26T00:25:00.937Z,2025-10-24T17:12:26.785Z,lifecycle,False,,16,5,10,1,-0.8660254037844385,-0.5000000000000004
2025-10-25 17:00:00+00:00,SG,496,2025-10-26T00:25:24.619Z,2025-10-24T17:12:16.529Z,lifecycle,False,,17,5,10,1,-0.9659258262890683,-0.25881904510252063
2025-10-25 18:00:00+00:00,SG,496,2025-10-25T20:10:35.974Z,2025-10-24T17:12:33.386Z,lifecycle,False,,18,5,10,1,-1.0,-1.8369701987210297e-16
2025-10-25 19:00:00+00:00,SG,496,2025-10-25T20:25:17.398Z,2025-10-24T17:12:26.785Z,lifecycle,False,,19,5,10,1,-0.9659258262890684,0.2588190451025203
2025-10-25 20:00:00+00:00,SG,497,2025-10-26T07:25:23.701Z,2025-10-25T12:25:41.549Z,lifecycle,False,,20,5,10,1,-0.8660254037844386,0.5000000000000001
2025-10-25 21:00:00+00:00,SG,496,2025-10-26T07:25:23.701Z,2025-10-25T12:25:31.079Z,lifecycle,False,,21,5,10,1,-0.7071067811865477,0.7071067811865474
2025-10-25 22:00:00+00:00,SG,495,2025-10-26T00:09:53.840Z,2025-10-25T12:25:45.116Z,lifecycle,False,,22,5,10,1,-0.5000000000000004,0.8660254037844384
2025-10-25 23:00:00+00:00,SG,490,2025-10-26T02:10:10.548Z,2025-10-25T15:26:11.551Z,lifecycle,False,,23,5,10,1,-0.25881904510252157,0.9659258262890681
2025-10-26 00:00:00+00:00,SG,486,2025-10-27T01:24:43.275Z,2025-10-25T16:25:21.208Z,lifecycle,False,,0,6,10,1,0.0,1.0
2025-10-26 01:00:00+00:00,SG,467,2025-10-26T02:26:25.733Z,2025-10-25T17:24:59.734Z,lifecycle,False,,1,6,10,1,0.25881904510252074,0.9659258262890683
2025-10-26 02:00:00+00:00,SG,452,2025-10-26T03:24:57.982Z,2025-10-25T17:40:05.476Z,lifecycle,False,,2,6,10,1,0.49999999999999994,0.8660254037844387
2025-10-26 03:00:00+00:00,SG,433,2025-10-26T04:26:01.663Z,2025-10-25T17:40:05.476Z,lifecycle,False,,3,6,10,1,0.7071067811865476,0.7071067811865476
2025-10-26 04:00:00+00:00,SG,425,2025-10-26T07:25:23.701Z,2025-10-25T17:39:39.915Z,lifecycle,False,,4,6,10,1,0.8660254037844386,0.5000000000000001
2025-10-26 05:00:00+00:00,SG,425,2025-10-26T07:25:35.133Z,2025-10-25T17:39:53.034Z,lifecycle,False,,5,6,10,1,0.9659258262890683,0.25881904510252074
2025-10-26 06:00:00+00:00,SG,430,2025-10-26T08:11:14.970Z,2025-10-25T17:39:53.034Z,lifecycle,False,,6,6,10,1,1.0,6.123233995736766e-17
2025-10-26 07:00:00+00:00,SG,441,2025-10-26T09:10:33.373Z,2025-10-25T17:39:43.803Z,lifecycle,False,,7,6,10,1,0.9659258262890683,-0.25881904510252063
2025-10-26 08:00:00+00:00,SG,463,2025-10-26T13:24:14.038Z,2025-10-25T17:39:57.315Z,lifecycle,False,,8,6,10,1,0.8660254037844387,-0.4999999999999998
2025-10-26 09:00:00+00:00,SG,477,2025-10-26T19:26:00.667Z,2025-10-25T17:39:57.315Z,lifecycle,False,,9,6,10,1,0.7071067811865476,-0.7071067811865475
2025-10-26 10:00:00+00:00,SG,492,2025-10-26T12:12:04.845Z,2025-10-25T17:39:43.803Z,lifecycle,False,,10,6,10,1,0.49999999999999994,-0.8660254037844387
2025-10-26 11:00:00+00:00,SG,496,2025-10-26T13:10:34.187Z,2025-10-25T17:40:05.476Z,lifecycle,False,,11,6,10,1,0.258819045102521,-0.9659258262890682
2025-10-26 12:00:00+00:00,SG,496,2025-10-26T19:26:16.588Z,2025-10-25T17:39:43.803Z,lifecycle,False,,12,6,10,1,1.2246467991473532e-16,-1.0
2025-10-26 13:00:00+00:00,SG,495,2025-10-26T19:26:16.588Z,2025-10-25T17:40:05.476Z,lifecycle,False,,13,6,10,1,-0.2588190451025208,-0.9659258262890683
2025-10-26 14:00:00+00:00,SG,495,2025-10-26T16:10:25.641Z,2025-10-25T17:39:43.803Z,lifecycle,False,,14,6,10,1,-0.4999999999999997,-0.8660254037844388
2025-10-26 15:00:00+00:00,SG,495,2025-10-26T16:24:49.619Z,2025-10-25T17:39:57.315Z,lifecycle,False,,15,6,10,1,-0.7071067811865471,-0.7071067811865479
2025-10-26 16:00:00+00:00,SG,496,2025-10-26T18:09:10.409Z,2025-10-25T17:39:57.315Z,lifecycle,False,,16,6,10,1,-0.8660254037844385,-0.5000000000000004
2025-10-26 17:00:00+00:00,SG,496,2025-10-26T19:11:56.975Z,2025-10-25T17:39:43.803Z,lifecycle,False,,17,6,10,1,-0.9659258262890683,-0.25881904510252063
2025-10-26 18:00:00+00:00,SG,496,2025-10-26T20:10:35.871Z,2025-10-25T17:39:57.315Z,lifecycle,False,,18,6,10,1,-1.0,-1.8369701987210297e-16
2025-10-26 19:00:00+00:00,SG,498,2025-10-26T21:10:45.609Z,2025-10-25T17:39:43.803Z,lifecycle,False,,19,6,10,1,-0.9659258262890684,0.2588190451025203
2025-10-26 20:00:00+00:00,SG,495,2025-10-26T21:25:56.046Z,2025-10-26T12:25:23.265Z,lifecycle,False,,20,6,10,1,-0.8660254037844386,0.5000000000000001
2025-10-26 21:00:00+00:00,SG,495,2025-10-26T22:25:02.038Z,2025-10-26T13:24:14.038Z,lifecycle,False,,21,6,10,1,-0.7071067811865477,0.7071067811865474
2025-10-26 22:00:00+00:00,SG,495,2025-10-27T00:11:26.511Z,2025-10-26T13:24:23.386Z,lifecycle,False,,22,6,10,1,-0.5000000000000004,0.8660254037844384
2025-10-26 23:00:00+00:00,SG,492,2025-10-27T01:10:12.579Z,2025-10-26T13:24:14.038Z,lifecycle,False,,23,6,10,1,-0.25881904510252157,0.9659258262890681
2025-10-27 00:00:00+00:00,SG,489,2025-10-27T02:10:07.494Z,2025-10-26T16:10:25.641Z,lifecycle,False,,0,0,10,0,0.0,1.0
2025-10-27 01:00:00+00:00,SG,479,2025-10-27T02:26:06.039Z,2025-10-26T17:25:09.805Z,lifecycle,False,,1,0,10,0,0.25881904510252074,0.9659258262890683
2025-10-27 02:00:00+00:00,SG,487,2025-10-27T03:40:14.416Z,2025-10-26T17:40:06.015Z,lifecycle,False,,2,0,10,0,0.49999999999999994,0.8660254037844387
2025-10-27 03:00:00+00:00,SG,488,2025-10-27T03:39:48.071Z,2025-10-26T17:40:06.015Z,lifecycle,False,,3,0,10,0,0.7071067811865476,0.7071067811865476
2025-10-27 04:00:00+00:00,SG,485,2025-10-27T03:26:00.476Z,2025-10-26T17:40:06.015Z,lifecycle,True,TIME_SLICER_AVERAGE,4,0,10,0,0.8660254037844386,0.5000000000000001
