datetime,zone,carbon,updatedAt,createdAt,emissionFactorType,isEstimated,estimationMethod,hour,dayofweek,month,is_weekend,hour_sin,hour_cos
2025-09-27 05:00:00+00:00,US-MIDA-PJM,416,2025-10-27T03:34:18.368Z,2025-09-24T05:11:13.354Z,lifecycle,False,,5,5,9,1,0.9659258262890683,0.25881904510252074
2025-09-27 06:00:00+00:00,US-MIDA-PJM,405,2025-10-27T03:34:18.368Z,2025-09-24T06:11:01.276Z,lifecycle,False,,6,5,9,1,1.0,6.123233995736766e-17
2025-09-27 07:00:00+00:00,US-MIDA-PJM,401,2025-10-27T03:34:18.368Z,2025-09-24T07:10:59.988Z,lifecycle,False,,7,5,9,1,0.9659258262890683,-0.25881904510252063
2025-09-27 08:00:00+00:00,US-MIDA-PJM,400,2025-10-27T03:34:02.736Z,2025-09-24T08:10:52.813Z,lifecycle,False,,8,5,9,1,0.8660254037844387,-0.4999999999999998
2025-09-27 09:00:00+00:00,US-MIDA-PJM,398,2025-10-27T03:34:02.736Z,2025-09-24T09:10:27.052Z,lifecycle,False,,9,5,9,1,0.7071067811865476,-0.7071067811865475
2025-09-27 10:00:00+00:00,US-MIDA-PJM,399,2025-10-27T03:34:18.368Z,2025-09-24T10:12:51.906Z,lifecycle,False,,10,5,9,1,0.49999999999999994,-0.8660254037844387
2025-09-27 11:00:00+00:00,US-MIDA-PJM,401,2025-10-27T03:33:52.088Z,2025-09-24T11:12:46.418Z,lifecycle,False,,11,5,9,1,0.258819045102521,-0.9659258262890682
2025-09-27 12:00:00+00:00,US-MIDA-PJM,396,2025-10-27T03:34:02.736Z,2025-09-24T12:10:14.313Z,lifecycle,False,,12,5,9,1,1.2246467991473532e-16,-1.0
2025-09-27 13:00:00+00:00,US-MIDA-PJM,383,2025-10-27T03:34:02.736Z,2025-09-24T13:12:56.520Z,lifecycle,False,,13,5,9,1,-0.2588190451025208,-0.9659258262890683
2025-09-27 14:00:00+00:00,US-MIDA-PJM,384,2025-10-27T03:34:08.204Z,2025-09-24T14:11:53.100Z,lifecycle,False,,14,5,9,1,-0.4999999999999997,-0.8660254037844388
2025-09-27 15:00:00+00:00,US-MIDA-PJM,393,2025-10-27T03:34:18.368Z,2025-09-24T15:10:33.279Z,lifecycle,False,,15,5,9,1,-0.7071067811865471,-0.7071067811865479
2025-09-27 16:00:00+00:00,US-MIDA-PJM,397,2025-10-27T03:34:08.204Z,2025-09-24T16:12:11.916Z,lifecycle,False,,16,5,9,1,-0.8660254037844385,-0.5000000000000004
2025-09-27 17:00:00+00:00,US-MIDA-PJM,397,2025-10-27T03:34:08.204Z,2025-09-24T17:11:05.245Z,lifecycle,False,,17,5,9,1,-0.9659258262890683,-0.25881904510252063
2025-09-27 18:00:00+00:00,US-MIDA-PJM,405,2025-10-27T03:34:08.204Z,2025-09-24T18:10:38.861Z,lifecycle,False,,18,5,9,1,-1.0,-1.8369701987210297e-16
2025-09-27 19:00:00+00:00,US-MIDA-PJM,412,2025-10-27T03:34:18.368Z,2025-09-24T19:11:36.749Z,lifecycle,False,,19,5,9,1,-0.9659258262890684,0.2588190451025203
2025-09-27 20:00:00+00:00,US-MIDA-PJM,415,2025-10-27T03:34:18.368Z,2025-09-24T20:11:01.009Z,lifecycle,False,,20,5,9,1,-0.8660254037844386,0.5000000000000001
2025-09-27 21:00:00+00:00,US-MIDA-PJM,419,2025-10-27T03:34:18.368Z,2025-09-24T21:11:35.815Z,lifecycle,False,,21,5,9,1,-0.7071067811865477,0.7071067811865474
2025-09-27 22:00:00+00:00,US-MIDA-PJM,425,2025-10-27T03:34:08.204Z,2025-09-24T22:11:33.771Z,lifecycle,False,,22,5,9,1,-0.5000000000000004,0.8660254037844384
2025-09-27 23:00:00+00:00,US-MIDA-PJM,432,2025-10-27T03:34:18.368Z,2025-09-24T23:11:51.697Z,lifecycle,True,TIME_SLICER_AVERAGE,23,5,9,1,-0.25881904510252157,0.9659258262890681
2025-09-28 00:00:00+00:00,US-MIDA-PJM,440,2025-10-27T03:33:52.088Z,2025-09-25T00:10:22.323Z,lifecycle,False,,0,6,9,1,0.0,1.0
2025-09-28 01:00:00+00:00,US-MIDA-PJM,436,2025-10-27T03:34:18.368Z,2025-09-25T01:11:05.101Z,lifecycle,False,,1,6,9,1,0.25881904510252074,0.9659258262890683
2025-09-28 02:00:00+00:00,US-MIDA-PJM,433,2025-10-27T03:33:52.088Z,2025-09-25T02:10:24.303Z,lifecycle,False,,2,6,9,1,0.49999999999999994,0.8660254037844387
2025-09-28 03:00:00+00:00,US-MIDA-PJM,430,2025-10-07T00:35:57.787Z,2025-09-25T03:25:57.169Z,lifecycle,False,,3,6,9,1,0.7071067811865476,0.7071067811865476
2025-09-28 04:00:00+00:00,US-MIDA-PJM,419,2025-10-08T00:44:59.919Z,2025-09-25T04:25:53.053Z,lifecycle,False,,4,6,9,1,0.8660254037844386,0.5000000000000001
2025-09-28 05:00:00+00:00,US-MIDA-PJM,414,2025-10-07T00:36:07.655Z,2025-09-25T05:12:22.432Z,lifecycle,False,,5,6,9,1,0.9659258262890683,0.25881904510252074
2025-09-28 06:00:00+00:00,US-MIDA-PJM,407,2025-10-07T00:36:07.655Z,2025-09-25T06:10:54.358Z,lifecycle,False,,6,6,9,1,1.0,6.123233995736766e-17
2025-09-28 07:00:00+00:00,US-MIDA-PJM,399,2025-10-07T00:35:57.787Z,2025-09-25T07:12:27.810Z,lifecycle,False,,7,6,9,1,0.9659258262890683,-0.25881904510252063
2025-09-28 08:00:00+00:00,US-MIDA-PJM,394,2025-10-07T00:35:33.963Z,2025-09-25T08:11:20.067Z,lifecycle,False,,8,6,9,1,0.8660254037844387,-0.4999999999999998
2025-09-28 09:00:00+00:00,US-MIDA-PJM,391,2025-10-07T00:35:57.787Z,2025-09-25T09:12:29.962Z,lifecycle,False,,9,6,9,1,0.7071067811865476,-0.7071067811865475
2025-09-28 10:00:00+00:00,US-MIDA-PJM,391,2025-10-07T00:36:07.655Z,2025-09-25T10:10:26.773Z,lifecycle,False,,10,6,9,1,0.49999999999999994,-0.8660254037844387
2025-09-28 11:00:00+00:00,US-MIDA-PJM,394,2025-10-07T00:35:33.963Z,2025-09-25T11:11:04.686Z,lifecycle,False,,11,6,9,1,0.258819045102521,-0.9659258262890682
2025-09-28 12:00:00+00:00,US-MIDA-PJM,389,2025-10-07T00:35:33.963Z,2025-09-25T12:10:50.159Z,lifecycle,False,,12,6,9,1,1.2246467991473532e-16,-1.0
2025-09-28 13:00:00+00:00,US-MIDA-PJM,374,2025-10-07T00:35:33.963Z,2025-09-25T13:11:14.475Z,lifecycle,False,,13,6,9,1,-0.2588190451025208,-0.9659258262890683
2025-09-28 14:00:00+00:00,US-MIDA-PJM,370,2025-10-07T00:35:33.963Z,2025-09-25T14:11:01.148Z,lifecycle,False,,14,6,9,1,-0.4999999999999997,-0.8660254037844388
2025-09-28 15:00:00+00:00,US-MIDA-PJM,376,2025-10-07T00:35:33.963Z,2025-09-25T15:11:28.473Z,lifecycle,False,,15,6,9,1,-0.7071067811865471,-0.7071067811865479
2025-09-28 16:00:00+00:00,US-MIDA-PJM,390,2025-10-07T00:36:04.936Z,2025-09-25T16:10:57.876Z,lifecycle,False,,16,6,9,1,-0.8660254037844385,-0.5000000000000004
2025-09-28 17:00:00+00:00,US-MIDA-PJM,403,2025-10-07T00:36:17.821Z,2025-09-25T17:10:45.407Z,lifecycle,False,,17,6,9,1,-0.9659258262890683,-0.25881904510252063
2025-09-28 18:00:00+00:00,US-MIDA-PJM,411,2025-10-07T00:36:04.936Z,2025-09-25T18:10:45.133Z,lifecycle,False,,18,6,9,1,-1.0,-1.8369701987210297e-16
2025-09-28 19:00:00+00:00,US-MIDA-PJM,421,2025-10-07T00:36:04.936Z,2025-09-25T19:13:25.822Z,lifecycle,False,,19,6,9,1,-0.9659258262890684,0.2588190451025203
2025-09-28 20:00:00+00:00,US-MIDA-PJM,429,2025-10-07T00:36:04.936Z,2025-09-25T20:11:52.596Z,lifecycle,False,,20,6,9,1,-0.8660254037844386,0.5000000000000001
2025-09-28 21:00:00+00:00,US-MIDA-PJM,436,2025-10-07T00:36:17.821Z,2025-09-25T21:11:03.499Z,lifecycle,False,,21,6,9,1,-0.7071067811865477,0.7071067811865474
2025-09-28 22:00:00+00:00,US-MIDA-PJM,453,2025-10-07T00:36:17.821Z,2025-09-25T22:10:46.807Z,lifecycle,False,,22,6,9,1,-0.5000000000000004,0.8660254037844384
2025-09-28 23:00:00+00:00,US-MIDA-PJM,453,2025-10-07T00:36:17.821Z,2025-09-25T23:10:07.049Z,lifecycle,True,TIME_SLICER_AVERAGE,23,6,9,1,-0.25881904510252157,0.9659258262890681
2025-09-29 00:00:00+00:00,US-MIDA-PJM,453,2025-10-07T00:36:17.821Z,2025-09-26T00:11:44.238Z,lifecycle,False,,0,0,9,0,0.0,1.0
2025-09-29 01:00:00+00:00,US-MIDA-PJM,446,2025-10-07T00:35:45.563Z,2025-09-26T01:11:03.779Z,lifecycle,False,,1,0,9,0,0.25881904510252074,0.9659258262890683
2025-09-29 02:00:00+00:00,US-MIDA-PJM,441,2025-10-07T00:36:04.936Z,2025-09-26T02:09:18.367Z,lifecycle,False,,2,0,9,0,0.49999999999999994,0.8660254037844387
2025-09-29 03:00:00+00:00,US-MIDA-PJM,436,2025-10-07T00:36:17.821Z,2025-09-26T03:10:17.956Z,lifecycle,False,,3,0,9,0,0.7071067811865476,0.7071067811865476
2025-09-29 04:00:00+00:00,US-MIDA-PJM,421,2025-10-07T00:35:45.563Z,2025-09-26T04:11:44.559Z,lifecycle,False,,4,0,9,0,0.8660254037844386,0.5000000000000001
2025-09-29 05:00:00+00:00,US-MIDA-PJM,413,2025-10-07T00:36:17.821Z,2025-09-26T05:10:49.741Z,lifecycle,False,,5,0,9,0,0.9659258262890683,0.25881904510252074
2025-09-29 06:00:00+00:00,US-MIDA-PJM,403,2025-10-09T00:33:51.689Z,2025-09-26T06:11:19.619Z,lifecycle,False,,6,0,9,0,1.0,6.123233995736766e-17
2025-09-29 07:00:00+00:00,US-MIDA-PJM,400,2025-10-07T00:35:45.563Z,2025-09-26T07:12:13.509Z,lifecycle,False,,7,0,9,0,0.9659258262890683,-0.25881904510252063
2025-09-29 08:00:00+00:00,US-MIDA-PJM,402,2025-10-09T00:34:46.033Z,2025-09-26T08:12:08.890Z,lifecycle,False,,8,0,9,0,0.8660254037844387,-0.4999999999999998
2025-09-29 09:00:00+00:00,US-MIDA-PJM,410,2025-10-09T00:34:46.033Z,2025-09-26T09:10:59.129Z,lifecycle,False,,9,0,9,0,0.7071067811865476,-0.7071067811865475
2025-09-29 10:00:00+00:00,US-MIDA-PJM,421,2025-10-09T00:34:46.033Z,2025-09-26T10:10:26.908Z,lifecycle,False,,10,0,9,0,0.49999999999999994,-0.8660254037844387
2025-09-29 11:00:00+00:00,US-MIDA-PJM,437,2025-10-09T00:33:51.689Z,2025-09-26T11:12:17.967Z,lifecycle,False,,11,0,9,0,0.258819045102521,-0.9659258262890682
2025-09-29 12:00:00+00:00,US-MIDA-PJM,439,2025-10-09T00:34:56.982Z,2025-09-26T12:12:31.447Z,lifecycle,False,,12,0,9,0,1.2246467991473532e-16,-1.0
2025-09-29 13:00:00+00:00,US-MIDA-PJM,418,2025-10-09T00:34:46.033Z,2025-09-26T13:11:08.908Z,lifecycle,False,,13,0,9,0,-0.2588190451025208,-0.9659258262890683
2025-09-29 14:00:00+00:00,US-MIDA-PJM,414,2025-10-09T00:34:56.982Z,2025-09-26T14:11:46.237Z,lifecycle,False,,14,0,9,0,-0.4999999999999997,-0.8660254037844388
2025-09-29 15:00:00+00:00,US-MIDA-PJM,420,2025-10-09T00:33:51.689Z,2025-09-26T15:11:01.210Z,lifecycle,False,,15,0,9,0,-0.7071067811865471,-0.7071067811865479
2025-09-29 16:00:00+00:00,US-MIDA-PJM,423,2025-10-09T00:34:46.033Z,2025-09-26T16:12:03.526Z,lifecycle,False,,16,0,9,0,-0.8660254037844385,-0.5000000000000004
2025-09-29 17:00:00+00:00,US-MIDA-PJM,421,2025-10-09T00:33:51.689Z,2025-09-26T17:10:57.371Z,lifecycle,False,,17,0,9,0,-0.9659258262890683,-0.25881904510252063
2025-09-29 18:00:00+00:00,US-MIDA-PJM,426,2025-10-09T00:33:51.689Z,2025-09-26T18:11:11.146Z,lifecycle,False,,18,0,9,0,-1.0,-1.8369701987210297e-16
2025-09-29 19:00:00+00:00,US-MIDA-PJM,436,2025-10-09T00:33:51.689Z,2025-09-26T19:10:59.031Z,lifecycle,False,,19,0,9,0,-0.9659258262890684,0.2588190451025203
2025-09-29 20:00:00+00:00,US-MIDA-PJM,444,2025-10-09T00:33:51.689Z,2025-09-26T20:11:30.085Z,lifecycle,False,,20,0,9,0,-0.8660254037844386,0.5000000000000001
2025-09-29 21:00:00+00:00,US-MIDA-PJM,451,2025-10-09T00:34:46.033Z,2025-09-26T21:11:19.080Z,lifecycle,False,,21,0,9,0,-0.7071067811865477,0.7071067811865474
2025-09-29 22:00:00+00:00,US-MIDA-PJM,463,2025-10-09T00:34:56.982Z,2025-09-26T22:10:52.424Z,lifecycle,False,,22,0,9,0,-0.5000000000000004,0.8660254037844384
2025-09-29 23:00:00+00:00,US-MIDA-PJM,465,2025-10-10T00:34:12.033Z,2025-09-26T23:11:13.893Z,lifecycle,True,TIME_SLICER_AVERAGE,23,0,9,0,-0.25881904510252157,0.9659258262890681
2025-09-30 00:00:00+00:00,US-MIDA-PJM,467,2025-10-10T00:34:17.842Z,2025-09-27T00:10:29.341Z,lifecycle,False,,0,1,9,0,0.0,1.0
2025-09-30 01:00:00+00:00,US-MIDA-PJM,463,2025-10-10T00:34:12.033Z,2025-09-27T01:10:51.940Z,lifecycle,False,,1,1,9,0,0.25881904510252074,0.9659258262890683
2025-09-30 02:00:00+00:00,US-MIDA-PJM,465,2025-10-10T00:34:12.033Z,2025-09-27T02:11:36.969Z,lifecycle,False,,2,1,9,0,0.49999999999999994,0.8660254037844387
2025-09-30 03:00:00+00:00,US-MIDA-PJM,455,2025-10-10T00:34:12.033Z,2025-09-27T03:11:20.721Z,lifecycle,False,,3,1,9,0,0.7071067811865476,0.7071067811865476
2025-09-30 04:00:00+00:00,US-MIDA-PJM,440,2025-10-10T00:34:12.033Z,2025-09-27T04:10:51.443Z,lifecycle,False,,4,1,9,0,0.8660254037844386,0.5000000000000001
2025-09-30 05:00:00+00:00,US-MIDA-PJM,432,2025-10-09T00:33:51.689Z,2025-09-27T05:10:45.243Z,lifecycle,False,,5,1,9,0,0.9659258262890683,0.25881904510252074
2025-09-30 06:00:00+00:00,US-MIDA-PJM,424,2025-10-09T00:33:51.689Z,2025-09-27T06:12:25.593Z,lifecycle,False,,6,1,9,0,1.0,6.123233995736766e-17
2025-09-30 07:00:00+00:00,US-MIDA-PJM,419,2025-10-09T00:33:51.689Z,2025-09-27T07:10:21.247Z,lifecycle,False,,7,1,9,0,0.9659258262890683,-0.25881904510252063
2025-09-30 08:00:00+00:00,US-MIDA-PJM,419,2025-10-09T00:34:46.033Z,2025-09-27T08:10:26.768Z,lifecycle,False,,8,1,9,0,0.8660254037844387,-0.4999999999999998
2025-09-30 09:00:00+00:00,US-MIDA-PJM,424,2025-10-09T00:34:46.033Z,2025-09-27T09:09:26.647Z,lifecycle,False,,9,1,9,0,0.7071067811865476,-0.7071067811865475
2025-09-30 10:00:00+00:00,US-MIDA-PJM,432,2025-10-09T00:34:56.982Z,2025-09-27T10:10:19.001Z,lifecycle,False,,10,1,9,0,0.49999999999999994,-0.8660254037844387
2025-09-30 11:00:00+00:00,US-MIDA-PJM,441,2025-10-09T00:34:46.033Z,2025-09-27T11:10:26.777Z,lifecycle,False,,11,1,9,0,0.258819045102521,-0.9659258262890682
2025-09-30 12:00:00+00:00,US-MIDA-PJM,439,2025-10-09T00:34:56.982Z,2025-09-27T12:09:50.373Z,lifecycle,False,,12,1,9,0,1.2246467991473532e-16,-1.0
2025-09-30 13:00:00+00:00,US-MIDA-PJM,425,2025-10-09T00:34:46.033Z,2025-09-27T13:10:34.414Z,lifecycle,False,,13,1,9,0,-0.2588190451025208,-0.9659258262890683
2025-09-30 14:00:00+00:00,US-MIDA-PJM,420,2025-10-09T00:34:46.033Z,2025-09-27T14:10:36.768Z,lifecycle,False,,14,1,9,0,-0.4999999999999997,-0.8660254037844388
2025-09-30 15:00:00+00:00,US-MIDA-PJM,416,2025-10-09T00:34:56.982Z,2025-09-27T15:10:29.916Z,lifecycle,False,,15,1,9,0,-0.7071067811865471,-0.7071067811865479
2025-09-30 16:00:00+00:00,US-MIDA-PJM,410,2025-10-09T00:35:04.678Z,2025-09-27T16:10:43.568Z,lifecycle,False,,16,1,9,0,-0.8660254037844385,-0.5000000000000004
2025-09-30 17:00:00+00:00,US-MIDA-PJM,417,2025-10-09T00:34:57.554Z,2025-09-27T17:11:00.628Z,lifecycle,False,,17,1,9,0,-0.9659258262890683,-0.25881904510252063
2025-09-30 18:00:00+00:00,US-MIDA-PJM,421,2025-10-09T00:34:05.012Z,2025-09-27T18:11:34.128Z,lifecycle,False,,18,1,9,0,-1.0,-1.8369701987210297e-16
2025-09-30 19:00:00+00:00,US-MIDA-PJM,421,2025-10-09T00:35:04.678Z,2025-09-27T19:11:58.494Z,lifecycle,False,,19,1,9,0,-0.9659258262890684,0.2588190451025203
2025-09-30 20:00:00+00:00,US-MIDA-PJM,425,2025-10-09T00:34:57.554Z,2025-09-27T20:10:30.896Z,lifecycle,False,,20,1,9,0,-0.8660254037844386,0.5000000000000001
2025-09-30 21:00:00+00:00,US-MIDA-PJM,431,2025-10-09T00:35:04.678Z,2025-09-27T21:11:01.005Z,lifecycle,False,,21,1,9,0,-0.7071067811865477,0.7071067811865474
2025-09-30 22:00:00+00:00,US-MIDA-PJM,445,2025-10-09T00:34:05.012Z,2025-09-27T22:12:18.882Z,lifecycle,False,,22,1,9,0,-0.5000000000000004,0.8660254037844384
2025-09-30 23:00:00+00:00,US-MIDA-PJM,445,2025-10-09T00:35:04.678Z,2025-09-27T23:13:35.195Z,lifecycle,True,TIME_SLICER_AVERAGE,23,1,9,0,-0.25881904510252157,0.9659258262890681
2025-10-01 00:00:00+00:00,US-MIDA-PJM,445,2025-10-09T00:34:05.012Z,2025-09-28T00:12:38.840Z,lifecycle,False,,0,2,10,0,0.0,1.0
2025-10-01 01:00:00+00:00,US-MIDA-PJM,438,2025-10-09T00:34:05.012Z,2025-09-28T01:10:36.273Z,lifecycle,False,,1,2,10,0,0.25881904510252074,0.9659258262890683
2025-10-01 02:00:00+00:00,US-MIDA-PJM,440,2025-10-09T00:34:57.554Z,2025-09-28T02:10:14.153Z,lifecycle,False,,2,2,10,0,0.49999999999999994,0.8660254037844387
2025-10-01 03:00:00+00:00,US-MIDA-PJM,433,2025-10-09T00:34:57.554Z,2025-09-28T03:10:14.242Z,lifecycle,False,,3,2,10,0,0.7071067811865476,0.7071067811865476
2025-10-01 04:00:00+00:00,US-MIDA-PJM,410,2025-10-10T00:33:49.359Z,2025-09-28T04:12:53.885Z,lifecycle,False,,4,2,10,0,0.8660254037844386,0.5000000000000001
2025-10-01 05:00:00+00:00,US-MIDA-PJM,393,2025-10-11T00:33:48.404Z,2025-09-28T05:10:14.101Z,lifecycle,False,,5,2,10,0,0.9659258262890683,0.25881904510252074
2025-10-01 06:00:00+00:00,US-MIDA-PJM,382,2025-10-11T00:34:13.859Z,2025-09-28T06:10:53.498Z,lifecycle,False,,6,2,10,0,1.0,6.123233995736766e-17
2025-10-01 07:00:00+00:00,US-MIDA-PJM,372,2025-10-11T00:34:31.371Z,2025-09-28T07:12:13.729Z,lifecycle,False,,7,2,10,0,0.9659258262890683,-0.25881904510252063
2025-10-01 08:00:00+00:00,US-MIDA-PJM,368,2025-10-11T00:34:13.859Z,2025-09-28T08:09:58.124Z,lifecycle,False,,8,2,10,0,0.8660254037844387,-0.4999999999999998
2025-10-01 09:00:00+00:00,US-MIDA-PJM,372,2025-10-11T00:34:13.859Z,2025-09-28T09:12:05.784Z,lifecycle,False,,9,2,10,0,0.7071067811865476,-0.7071067811865475
2025-10-01 10:00:00+00:00,US-MIDA-PJM,375,2025-10-11T00:34:31.371Z,2025-09-28T10:09:56.622Z,lifecycle,False,,10,2,10,0,0.49999999999999994,-0.8660254037844387
2025-10-01 11:00:00+00:00,US-MIDA-PJM,384,2025-10-11T00:34:13.859Z,2025-09-28T11:11:54.324Z,lifecycle,False,,11,2,10,0,0.258819045102521,-0.9659258262890682
2025-10-01 12:00:00+00:00,US-MIDA-PJM,382,2025-10-11T00:34:31.371Z,2025-09-28T12:10:56.790Z,lifecycle,False,,12,2,10,0,1.2246467991473532e-16,-1.0
2025-10-01 13:00:00+00:00,US-MIDA-PJM,369,2025-10-11T00:33:48.404Z,2025-09-28T13:10:23.968Z,lifecycle,False,,13,2,10,0,-0.2588190451025208,-0.9659258262890683
2025-10-01 14:00:00+00:00,US-MIDA-PJM,366,2025-10-11T00:34:13.859Z,2025-09-28T14:09:24.847Z,lifecycle,False,,14,2,10,0,-0.4999999999999997,-0.8660254037844388
2025-10-01 15:00:00+00:00,US-MIDA-PJM,373,2025-10-11T00:33:48.404Z,2025-09-28T15:10:49.785Z,lifecycle,False,,15,2,10,0,-0.7071067811865471,-0.7071067811865479
2025-10-01 16:00:00+00:00,US-MIDA-PJM,380,2025-10-11T00:33:48.404Z,2025-09-28T16:08:52.924Z,lifecycle,False,,16,2,10,0,-0.8660254037844385,-0.5000000000000004
2025-10-01 17:00:00+00:00,US-MIDA-PJM,386,2025-10-11T00:34:31.371Z,2025-09-28T17:11:11.534Z,lifecycle,False,,17,2,10,0,-0.9659258262890683,-0.25881904510252063
2025-10-01 18:00:00+00:00,US-MIDA-PJM,392,2025-10-11T00:34:13.859Z,2025-09-28T18:11:28.346Z,lifecycle,False,,18,2,10,0,-1.0,-1.8369701987210297e-16
2025-10-01 19:00:00+00:00,US-MIDA-PJM,397,2025-10-11T00:34:13.859Z,2025-09-28T19:10:18.614Z,lifecycle,False,,19,2,10,0,-0.9659258262890684,0.2588190451025203
2025-10-01 20:00:00+00:00,US-MIDA-PJM,401,2025-10-11T00:33:48.404Z,2025-09-28T20:11:10.654Z,lifecycle,False,,20,2,10,0,-0.8660254037844386,0.5000000000000001
2025-10-01 21:00:00+00:00,US-MIDA-PJM,407,2025-10-11T00:34:31.371Z,2025-09-28T21:10:56.320Z,lifecycle,False,,21,2,10,0,-0.7071067811865477,0.7071067811865474
2025-10-01 22:00:00+00:00,US-MIDA-PJM,432,2025-10-11T00:34:13.859Z,2025-09-28T22:11:23.429Z,lifecycle,False,,22,2,10,0,-0.5000000000000004,0.8660254037844384
2025-10-01 23:00:00+00:00,US-MIDA-PJM,431,2025-10-12T00:38:23.888Z,2025-09-28T23:10:33.932Z,lifecycle,True,TIME_SLICER_AVERAGE,23,2,10,0,-0.25881904510252157,0.9659258262890681
2025-10-02 00:00:00+00:00,US-MIDA-PJM,430,2025-10-12T00:38:07.896Z,2025-09-29T00:10:58.634Z,lifecycle,False,,0,3,10,0,0.0,1.0
2025-10-02 01:00:00+00:00,US-MIDA-PJM,427,2025-10-12T00:37:50.999Z,2025-09-29T01:11:07.493Z,lifecycle,False,,1,3,10,0,0.25881904510252074,0.9659258262890683
2025-10-02 02:00:00+00:00,US-MIDA-PJM,423,2025-10-12T00:37:50.999Z,2025-09-29T02:10:40.786Z,lifecycle,False,,2,3,10,0,0.49999999999999994,0.8660254037844387
2025-10-02 03:00:00+00:00,US-MIDA-PJM,414,2025-10-12T00:38:07.896Z,2025-09-29T03:11:31.498Z,lifecycle,False,,3,3,10,0,0.7071067811865476,0.7071067811865476
2025-10-02 04:00:00+00:00,US-MIDA-PJM,391,2025-10-12T00:37:50.999Z,2025-09-29T04:12:30.963Z,lifecycle,False,,4,3,10,0,0.8660254037844386,0.5000000000000001
2025-10-02 05:00:00+00:00,US-MIDA-PJM,376,2025-10-12T00:38:07.896Z,2025-09-29T05:11:01.428Z,lifecycle,False,,5,3,10,0,0.9659258262890683,0.25881904510252074
2025-10-02 06:00:00+00:00,US-MIDA-PJM,374,2025-10-09T00:35:04.678Z,2025-09-29T06:10:24.962Z,lifecycle,False,,6,3,10,0,1.0,6.123233995736766e-17
2025-10-02 07:00:00+00:00,US-MIDA-PJM,370,2025-10-12T00:38:23.888Z,2025-09-29T07:10:31.774Z,lifecycle,False,,7,3,10,0,0.9659258262890683,-0.25881904510252063
2025-10-02 08:00:00+00:00,US-MIDA-PJM,369,2025-10-12T00:37:50.999Z,2025-09-29T08:10:44.039Z,lifecycle,False,,8,3,10,0,0.8660254037844387,-0.4999999999999998
2025-10-02 09:00:00+00:00,US-MIDA-PJM,375,2025-10-12T00:38:23.888Z,2025-09-29T09:11:18.742Z,lifecycle,False,,9,3,10,0,0.7071067811865476,-0.7071067811865475
2025-10-02 10:00:00+00:00,US-MIDA-PJM,381,2025-10-12T00:38:07.896Z,2025-09-29T10:11:27.520Z,lifecycle,False,,10,3,10,0,0.49999999999999994,-0.8660254037844387
2025-10-02 11:00:00+00:00,US-MIDA-PJM,387,2025-10-12T00:37:50.999Z,2025-09-29T11:11:06.853Z,lifecycle,False,,11,3,10,0,0.258819045102521,-0.9659258262890682
2025-10-02 12:00:00+00:00,US-MIDA-PJM,380,2025-10-12T00:38:07.896Z,2025-09-29T12:10:45.894Z,lifecycle,False,,12,3,10,0,1.2246467991473532e-16,-1.0
2025-10-02 13:00:00+00:00,US-MIDA-PJM,357,2025-10-12T00:38:07.896Z,2025-09-29T13:10:51.183Z,lifecycle,False,,13,3,10,0,-0.2588190451025208,-0.9659258262890683
2025-10-02 14:00:00+00:00,US-MIDA-PJM,356,2025-10-12T00:38:07.896Z,2025-09-29T14:10:38.481Z,lifecycle,False,,14,3,10,0,-0.4999999999999997,-0.8660254037844388
2025-10-02 15:00:00+00:00,US-MIDA-PJM,365,2025-10-12T00:38:07.896Z,2025-09-29T15:11:54.053Z,lifecycle,False,,15,3,10,0,-0.7071067811865471,-0.7071067811865479
2025-10-02 16:00:00+00:00,US-MIDA-PJM,374,2025-10-12T00:37:50.999Z,2025-09-29T16:10:49.656Z,lifecycle,False,,16,3,10,0,-0.8660254037844385,-0.5000000000000004
2025-10-02 17:00:00+00:00,US-MIDA-PJM,383,2025-10-12T00:37:50.999Z,2025-09-29T17:10:40.489Z,lifecycle,False,,17,3,10,0,-0.9659258262890683,-0.25881904510252063
2025-10-02 18:00:00+00:00,US-MIDA-PJM,390,2025-10-12T00:38:07.896Z,2025-09-29T18:09:52.963Z,lifecycle,False,,18,3,10,0,-1.0,-1.8369701987210297e-16
2025-10-02 19:00:00+00:00,US-MIDA-PJM,398,2025-10-12T00:38:07.896Z,2025-09-29T19:11:02.325Z,lifecycle,False,,19,3,10,0,-0.9659258262890684,0.2588190451025203
2025-10-02 20:00:00+00:00,US-MIDA-PJM,405,2025-10-12T00:38:07.896Z,2025-09-29T20:11:49.637Z,lifecycle,False,,20,3,10,0,-0.8660254037844386,0.5000000000000001
2025-10-02 21:00:00+00:00,US-MIDA-PJM,417,2025-10-12T00:38:07.896Z,2025-09-29T21:10:54.937Z,lifecycle,False,,21,3,10,0,-0.7071067811865477,0.7071067811865474
2025-10-02 22:00:00+00:00,US-MIDA-PJM,434,2025-10-12T00:38:23.888Z,2025-09-29T22:11:37.537Z,lifecycle,False,,22,3,10,0,-0.5000000000000004,0.8660254037844384
2025-10-02 23:00:00+00:00,US-MIDA-PJM,437,2025-10-13T00:30:40.036Z,2025-09-29T23:12:33.602Z,lifecycle,True,TIME_SLICER_AVERAGE,23,3,10,0,-0.25881904510252157,0.9659258262890681
2025-10-03 00:00:00+00:00,US-MIDA-PJM,440,2025-10-13T00:30:40.036Z,2025-09-30T00:09:19.007Z,lifecycle,False,,0,4,10,0,0.0,1.0
2025-10-03 01:00:00+00:00,US-MIDA-PJM,432,2025-10-13T00:30:40.036Z,2025-09-30T01:10:08.316Z,lifecycle,False,,1,4,10,0,0.25881904510252074,0.9659258262890683
2025-10-03 02:00:00+00:00,US-MIDA-PJM,431,2025-10-13T00:30:13.167Z,2025-09-30T02:12:23.848Z,lifecycle,False,,2,4,10,0,0.49999999999999994,0.8660254037844387
2025-10-03 03:00:00+00:00,US-MIDA-PJM,422,2025-10-13T00:30:13.167Z,2025-09-30T03:12:09.109Z,lifecycle,False,,3,4,10,0,0.7071067811865476,0.7071067811865476
2025-10-03 04:00:00+00:00,US-MIDA-PJM,408,2025-10-12T00:38:30.714Z,2025-09-30T04:12:09.022Z,lifecycle,False,,4,4,10,0,0.8660254037844386,0.5000000000000001
2025-10-03 05:00:00+00:00,US-MIDA-PJM,392,2025-10-10T00:34:28.080Z,2025-09-30T05:13:20.195Z,lifecycle,False,,5,4,10,0,0.9659258262890683,0.25881904510252074
2025-10-03 06:00:00+00:00,US-MIDA-PJM,380,2025-10-10T00:34:00.145Z,2025-09-30T06:10:42.807Z,lifecycle,False,,6,4,10,0,1.0,6.123233995736766e-17
2025-10-03 07:00:00+00:00,US-MIDA-PJM,376,2025-10-10T00:34:28.080Z,2025-09-30T07:10:36.113Z,lifecycle,False,,7,4,10,0,0.9659258262890683,-0.25881904510252063
2025-10-03 08:00:00+00:00,US-MIDA-PJM,378,2025-10-10T00:34:28.080Z,2025-09-30T08:10:58.720Z,lifecycle,False,,8,4,10,0,0.8660254037844387,-0.4999999999999998
2025-10-03 09:00:00+00:00,US-MIDA-PJM,385,2025-10-12T00:38:07.896Z,2025-09-30T09:11:55.791Z,lifecycle,False,,9,4,10,0,0.7071067811865476,-0.7071067811865475
2025-10-03 10:00:00+00:00,US-MIDA-PJM,393,2025-10-12T00:37:50.999Z,2025-09-30T10:10:34.825Z,lifecycle,False,,10,4,10,0,0.49999999999999994,-0.8660254037844387
2025-10-03 11:00:00+00:00,US-MIDA-PJM,403,2025-10-12T00:38:07.896Z,2025-09-30T11:11:14.554Z,lifecycle,False,,11,4,10,0,0.258819045102521,-0.9659258262890682
2025-10-03 12:00:00+00:00,US-MIDA-PJM,398,2025-10-07T13:19:52.102Z,2025-09-30T12:10:36.857Z,lifecycle,False,,12,4,10,0,1.2246467991473532e-16,-1.0
2025-10-03 13:00:00+00:00,US-MIDA-PJM,370,2025-10-12T00:38:07.896Z,2025-09-30T13:10:39.904Z,lifecycle,False,,13,4,10,0,-0.2588190451025208,-0.9659258262890683
2025-10-03 14:00:00+00:00,US-MIDA-PJM,360,2025-10-12T00:38:30.714Z,2025-09-30T14:09:46.406Z,lifecycle,False,,14,4,10,0,-0.4999999999999997,-0.8660254037844388
2025-10-03 15:00:00+00:00,US-MIDA-PJM,364,2025-10-10T00:34:26.767Z,2025-09-30T15:11:11.961Z,lifecycle,False,,15,4,10,0,-0.7071067811865471,-0.7071067811865479
2025-10-03 16:00:00+00:00,US-MIDA-PJM,373,2025-10-12T00:37:50.999Z,2025-09-30T16:10:26.844Z,lifecycle,False,,16,4,10,0,-0.8660254037844385,-0.5000000000000004
2025-10-03 17:00:00+00:00,US-MIDA-PJM,379,2025-10-12T00:38:30.714Z,2025-09-30T17:09:52.707Z,lifecycle,False,,17,4,10,0,-0.9659258262890683,-0.25881904510252063
2025-10-03 18:00:00+00:00,US-MIDA-PJM,386,2025-10-12T00:38:01.782Z,2025-09-30T18:10:41.568Z,lifecycle,False,,18,4,10,0,-1.0,-1.8369701987210297e-16
2025-10-03 19:00:00+00:00,US-MIDA-PJM,389,2025-10-10T00:34:05.643Z,2025-09-30T19:09:53.388Z,lifecycle,False,,19,4,10,0,-0.9659258262890684,0.2588190451025203
2025-10-03 20:00:00+00:00,US-MIDA-PJM,398,2025-10-10T00:34:32.446Z,2025-09-30T20:10:49.726Z,lifecycle,False,,20,4,10,0,-0.8660254037844386,0.5000000000000001
2025-10-03 21:00:00+00:00,US-MIDA-PJM,412,2025-10-10T00:34:05.643Z,2025-09-30T21:09:56.216Z,lifecycle,False,,21,4,10,0,-0.7071067811865477,0.7071067811865474
2025-10-03 22:00:00+00:00,US-MIDA-PJM,436,2025-10-10T00:34:05.643Z,2025-09-30T22:09:43.723Z,lifecycle,False,,22,4,10,0,-0.5000000000000004,0.8660254037844384
2025-10-03 23:00:00+00:00,US-MIDA-PJM,435,2025-10-10T00:34:05.643Z,2025-09-30T23:09:23.939Z,lifecycle,True,TIME_SLICER_AVERAGE,23,4,10,0,-0.25881904510252157,0.9659258262890681
2025-10-04 00:00:00+00:00,US-MIDA-PJM,435,2025-10-07T00:24:37.743Z,2025-10-01T00:11:21.222Z,lifecycle,False,,0,5,10,1,0.0,1.0
2025-10-04 01:00:00+00:00,US-MIDA-PJM,429,2025-10-11T00:34:41.020Z,2025-10-01T01:12:23.592Z,lifecycle,False,,1,5,10,1,0.25881904510252074,0.9659258262890683
2025-10-04 02:00:00+00:00,US-MIDA-PJM,429,2025-10-14T00:32:40.208Z,2025-10-01T02:10:58.151Z,lifecycle,False,,2,5,10,1,0.49999999999999994,0.8660254037844387
2025-10-04 03:00:00+00:00,US-MIDA-PJM,419,2025-10-14T00:32:48.177Z,2025-10-01T03:09:33.445Z,lifecycle,False,,3,5,10,1,0.7071067811865476,0.7071067811865476
2025-10-04 04:00:00+00:00,US-MIDA-PJM,409,2025-10-14T00:32:18.744Z,2025-10-01T04:09:54.278Z,lifecycle,False,,4,5,10,1,0.8660254037844386,0.5000000000000001
2025-10-04 05:00:00+00:00,US-MIDA-PJM,401,2025-10-14T00:32:18.744Z,2025-10-01T05:10:02.125Z,lifecycle,False,,5,5,10,1,0.9659258262890683,0.25881904510252074
2025-10-04 06:00:00+00:00,US-MIDA-PJM,387,2025-10-14T00:32:18.744Z,2025-10-01T06:10:35.593Z,lifecycle,False,,6,5,10,1,1.0,6.123233995736766e-17
2025-10-04 07:00:00+00:00,US-MIDA-PJM,378,2025-10-14T00:32:18.744Z,2025-10-01T07:11:23.450Z,lifecycle,False,,7,5,10,1,0.9659258262890683,-0.25881904510252063
2025-10-04 08:00:00+00:00,US-MIDA-PJM,377,2025-10-14T00:32:40.208Z,2025-10-01T08:09:44.409Z,lifecycle,False,,8,5,10,1,0.8660254037844387,-0.4999999999999998
2025-10-04 09:00:00+00:00,US-MIDA-PJM,378,2025-10-14T00:32:48.177Z,2025-10-01T09:11:10.102Z,lifecycle,False,,9,5,10,1,0.7071067811865476,-0.7071067811865475
2025-10-04 10:00:00+00:00,US-MIDA-PJM,386,2025-10-14T00:32:18.744Z,2025-10-01T10:10:47.723Z,lifecycle,False,,10,5,10,1,0.49999999999999994,-0.8660254037844387
2025-10-04 11:00:00+00:00,US-MIDA-PJM,389,2025-10-14T00:32:48.177Z,2025-10-01T11:10:29.815Z,lifecycle,False,,11,5,10,1,0.258819045102521,-0.9659258262890682
2025-10-04 12:00:00+00:00,US-MIDA-PJM,375,2025-10-14T00:32:40.208Z,2025-10-01T12:11:02.887Z,lifecycle,False,,12,5,10,1,1.2246467991473532e-16,-1.0
2025-10-04 13:00:00+00:00,US-MIDA-PJM,346,2025-10-11T00:34:28.414Z,2025-10-01T13:10:07.630Z,lifecycle,False,,13,5,10,1,-0.2588190451025208,-0.9659258262890683
2025-10-04 14:00:00+00:00,US-MIDA-PJM,344,2025-10-14T00:32:18.744Z,2025-10-01T14:10:11.216Z,lifecycle,False,,14,5,10,1,-0.4999999999999997,-0.8660254037844388
2025-10-04 15:00:00+00:00,US-MIDA-PJM,349,2025-10-14T00:32:48.177Z,2025-10-01T15:10:55.412Z,lifecycle,False,,15,5,10,1,-0.7071067811865471,-0.7071067811865479
2025-10-04 16:00:00+00:00,US-MIDA-PJM,364,2025-10-14T00:32:18.744Z,2025-10-01T16:10:50.133Z,lifecycle,False,,16,5,10,1,-0.8660254037844385,-0.5000000000000004
2025-10-04 17:00:00+00:00,US-MIDA-PJM,372,2025-10-14T00:32:40.208Z,2025-10-01T17:09:46.101Z,lifecycle,False,,17,5,10,1,-0.9659258262890683,-0.25881904510252063
2025-10-04 18:00:00+00:00,US-MIDA-PJM,381,2025-10-13T00:30:45.576Z,2025-10-01T18:10:16.571Z,lifecycle,False,,18,5,10,1,-1.0,-1.8369701987210297e-16
2025-10-04 19:00:00+00:00,US-MIDA-PJM,382,2025-10-14T00:32:40.208Z,2025-10-01T19:13:33.988Z,lifecycle,False,,19,5,10,1,-0.9659258262890684,0.2588190451025203
2025-10-04 20:00:00+00:00,US-MIDA-PJM,391,2025-10-13T00:30:45.576Z,2025-10-01T20:12:15.858Z,lifecycle,False,,20,5,10,1,-0.8660254037844386,0.5000000000000001
2025-10-04 21:00:00+00:00,US-MIDA-PJM,403,2025-10-13T00:30:49.324Z,2025-10-01T21:11:40.404Z,lifecycle,False,,21,5,10,1,-0.7071067811865477,0.7071067811865474
2025-10-04 22:00:00+00:00,US-MIDA-PJM,428,2025-10-13T00:30:23.262Z,2025-10-01T22:10:22.595Z,lifecycle,False,,22,5,10,1,-0.5000000000000004,0.8660254037844384
2025-10-04 23:00:00+00:00,US-MIDA-PJM,431,2025-10-15T00:31:45.874Z,2025-10-01T23:09:39.262Z,lifecycle,True,TIME_SLICER_AVERAGE,23,5,10,1,-0.25881904510252157,0.9659258262890681
2025-10-05 00:00:00+00:00,US-MIDA-PJM,433,2025-10-15T00:31:26.023Z,2025-10-02T00:09:34.641Z,lifecycle,False,,0,6,10,1,0.0,1.0
2025-10-05 01:00:00+00:00,US-MIDA-PJM,429,2025-10-15T00:31:45.874Z,2025-10-02T01:09:42.836Z,lifecycle,False,,1,6,10,1,0.25881904510252074,0.9659258262890683
2025-10-05 02:00:00+00:00,US-MIDA-PJM,426,2025-10-15T00:31:45.874Z,2025-10-02T02:09:44.241Z,lifecycle,False,,2,6,10,1,0.49999999999999994,0.8660254037844387
2025-10-05 03:00:00+00:00,US-MIDA-PJM,414,2025-10-15T00:31:45.874Z,2025-10-02T03:11:00.854Z,lifecycle,False,,3,6,10,1,0.7071067811865476,0.7071067811865476
2025-10-05 04:00:00+00:00,US-MIDA-PJM,402,2025-10-15T00:31:50.874Z,2025-10-02T04:11:12.812Z,lifecycle,False,,4,6,10,1,0.8660254037844386,0.5000000000000001
2025-10-05 05:00:00+00:00,US-MIDA-PJM,395,2025-10-15T00:31:50.874Z,2025-10-02T05:10:23.959Z,lifecycle,False,,5,6,10,1,0.9659258262890683,0.25881904510252074
2025-10-05 06:00:00+00:00,US-MIDA-PJM,387,2025-10-15T00:31:50.874Z,2025-10-02T06:10:17.547Z,lifecycle,False,,6,6,10,1,1.0,6.123233995736766e-17
2025-10-05 07:00:00+00:00,US-MIDA-PJM,382,2025-10-15T00:31:26.023Z,2025-10-02T07:10:11.870Z,lifecycle,False,,7,6,10,1,0.9659258262890683,-0.25881904510252063
2025-10-05 08:00:00+00:00,US-MIDA-PJM,376,2025-10-15T00:31:26.023Z,2025-10-02T08:10:56.920Z,lifecycle,False,,8,6,10,1,0.8660254037844387,-0.4999999999999998
2025-10-05 09:00:00+00:00,US-MIDA-PJM,376,2025-10-15T00:31:45.874Z,2025-10-02T09:11:09.839Z,lifecycle,False,,9,6,10,1,0.7071067811865476,-0.7071067811865475
2025-10-05 10:00:00+00:00,US-MIDA-PJM,381,2025-10-15T00:31:50.874Z,2025-10-02T10:10:27.395Z,lifecycle,False,,10,6,10,1,0.49999999999999994,-0.8660254037844387
2025-10-05 11:00:00+00:00,US-MIDA-PJM,388,2025-10-15T00:31:45.874Z,2025-10-02T11:10:33.845Z,lifecycle,False,,11,6,10,1,0.258819045102521,-0.9659258262890682
2025-10-05 12:00:00+00:00,US-MIDA-PJM,371,2025-10-15T00:31:50.874Z,2025-10-02T12:10:50.458Z,lifecycle,False,,12,6,10,1,1.2246467991473532e-16,-1.0
2025-10-05 13:00:00+00:00,US-MIDA-PJM,342,2025-10-15T00:31:26.023Z,2025-10-02T13:12:57.594Z,lifecycle,False,,13,6,10,1,-0.2588190451025208,-0.9659258262890683
2025-10-05 14:00:00+00:00,US-MIDA-PJM,342,2025-10-15T00:31:26.023Z,2025-10-02T14:12:47.965Z,lifecycle,False,,14,6,10,1,-0.4999999999999997,-0.8660254037844388
2025-10-05 15:00:00+00:00,US-MIDA-PJM,344,2025-10-15T00:31:50.874Z,2025-10-02T15:11:53.687Z,lifecycle,False,,15,6,10,1,-0.7071067811865471,-0.7071067811865479
2025-10-05 16:00:00+00:00,US-MIDA-PJM,354,2025-10-15T00:31:26.023Z,2025-10-02T16:11:34.009Z,lifecycle,False,,16,6,10,1,-0.8660254037844385,-0.5000000000000004
2025-10-05 17:00:00+00:00,US-MIDA-PJM,371,2025-10-15T00:31:26.023Z,2025-10-02T17:11:20.308Z,lifecycle,False,,17,6,10,1,-0.9659258262890683,-0.25881904510252063
2025-10-05 18:00:00+00:00,US-MIDA-PJM,379,2025-10-15T00:31:45.874Z,2025-10-02T18:12:11.176Z,lifecycle,False,,18,6,10,1,-1.0,-1.8369701987210297e-16
2025-10-05 19:00:00+00:00,US-MIDA-PJM,389,2025-10-15T00:31:50.874Z,2025-10-02T19:11:44.836Z,lifecycle,False,,19,6,10,1,-0.9659258262890684,0.2588190451025203
2025-10-05 20:00:00+00:00,US-MIDA-PJM,391,2025-10-15T00:31:50.874Z,2025-10-02T20:12:07.791Z,lifecycle,False,,20,6,10,1,-0.8660254037844386,0.5000000000000001
2025-10-05 21:00:00+00:00,US-MIDA-PJM,407,2025-10-15T00:31:26.023Z,2025-10-02T21:12:26.247Z,lifecycle,False,,21,6,10,1,-0.7071067811865477,0.7071067811865474
2025-10-05 22:00:00+00:00,US-MIDA-PJM,430,2025-10-15T00:31:26.023Z,2025-10-02T22:11:27.162Z,lifecycle,False,,22,6,10,1,-0.5000000000000004,0.8660254037844384
2025-10-05 23:00:00+00:00,US-MIDA-PJM,436,2025-10-16T00:33:31.809Z,2025-10-02T23:12:04.175Z,lifecycle,True,TIME_SLICER_AVERAGE,23,6,10,1,-0.25881904510252157,0.9659258262890681
2025-10-06 00:00:00+00:00,US-MIDA-PJM,441,2025-10-16T00:33:31.809Z,2025-10-03T00:12:14.069Z,lifecycle,False,,0,0,10,0,0.0,1.0
2025-10-06 01:00:00+00:00,US-MIDA-PJM,434,2025-10-16T00:33:31.809Z,2025-10-03T01:12:13.974Z,lifecycle,False,,1,0,10,0,0.25881904510252074,0.9659258262890683
2025-10-06 02:00:00+00:00,US-MIDA-PJM,429,2025-10-16T00:33:34.795Z,2025-10-03T02:10:45.581Z,lifecycle,False,,2,0,10,0,0.49999999999999994,0.8660254037844387
2025-10-06 03:00:00+00:00,US-MIDA-PJM,410,2025-10-16T00:33:09.017Z,2025-10-03T03:10:50.786Z,lifecycle,False,,3,0,10,0,0.7071067811865476,0.7071067811865476
2025-10-06 04:00:00+00:00,US-MIDA-PJM,394,2025-10-16T00:33:34.795Z,2025-10-03T04:10:47.311Z,lifecycle,False,,4,0,10,0,0.8660254037844386,0.5000000000000001
2025-10-06 05:00:00+00:00,US-MIDA-PJM,384,2025-10-16T00:33:09.017Z,2025-10-03T05:13:45.883Z,lifecycle,False,,5,0,10,0,0.9659258262890683,0.25881904510252074
2025-10-06 06:00:00+00:00,US-MIDA-PJM,380,2025-10-16T00:33:31.809Z,2025-10-03T06:10:58.770Z,lifecycle,False,,6,0,10,0,1.0,6.123233995736766e-17
2025-10-06 07:00:00+00:00,US-MIDA-PJM,378,2025-10-15T00:31:45.874Z,2025-10-03T07:13:31.785Z,lifecycle,False,,7,0,10,0,0.9659258262890683,-0.25881904510252063
2025-10-06 08:00:00+00:00,US-MIDA-PJM,377,2025-10-16T00:33:34.795Z,2025-10-03T08:11:09.143Z,lifecycle,False,,8,0,10,0,0.8660254037844387,-0.4999999999999998
2025-10-06 09:00:00+00:00,US-MIDA-PJM,383,2025-10-16T00:33:31.809Z,2025-10-03T09:11:26.232Z,lifecycle,False,,9,0,10,0,0.7071067811865476,-0.7071067811865475
2025-10-06 10:00:00+00:00,US-MIDA-PJM,397,2025-10-16T00:33:34.795Z,2025-10-03T10:11:10.966Z,lifecycle,False,,10,0,10,0,0.49999999999999994,-0.8660254037844387
2025-10-06 11:00:00+00:00,US-MIDA-PJM,413,2025-10-16T00:33:31.809Z,2025-10-03T11:12:46.651Z,lifecycle,False,,11,0,10,0,0.258819045102521,-0.9659258262890682
2025-10-06 12:00:00+00:00,US-MIDA-PJM,411,2025-10-16T00:33:31.809Z,2025-10-03T12:10:41.840Z,lifecycle,False,,12,0,10,0,1.2246467991473532e-16,-1.0
2025-10-06 13:00:00+00:00,US-MIDA-PJM,402,2025-10-15T00:31:45.874Z,2025-10-03T13:10:50.127Z,lifecycle,False,,13,0,10,0,-0.2588190451025208,-0.9659258262890683
2025-10-06 14:00:00+00:00,US-MIDA-PJM,406,2025-10-15T00:31:26.023Z,2025-10-03T14:11:55.074Z,lifecycle,False,,14,0,10,0,-0.4999999999999997,-0.8660254037844388
2025-10-06 15:00:00+00:00,US-MIDA-PJM,415,2025-10-15T00:31:50.874Z,2025-10-03T15:14:06.111Z,lifecycle,False,,15,0,10,0,-0.7071067811865471,-0.7071067811865479
2025-10-06 16:00:00+00:00,US-MIDA-PJM,425,2025-10-15T00:31:50.874Z,2025-10-03T16:11:24.692Z,lifecycle,False,,16,0,10,0,-0.8660254037844385,-0.5000000000000004
2025-10-06 17:00:00+00:00,US-MIDA-PJM,430,2025-10-15T00:31:59.273Z,2025-10-03T17:11:56.293Z,lifecycle,False,,17,0,10,0,-0.9659258262890683,-0.25881904510252063
2025-10-06 18:00:00+00:00,US-MIDA-PJM,435,2025-10-15T00:31:54.444Z,2025-10-03T18:12:36.047Z,lifecycle,False,,18,0,10,0,-1.0,-1.8369701987210297e-16
2025-10-06 19:00:00+00:00,US-MIDA-PJM,444,2025-10-15T00:31:35.530Z,2025-10-03T19:10:36.009Z,lifecycle,False,,19,0,10,0,-0.9659258262890684,0.2588190451025203
2025-10-06 20:00:00+00:00,US-MIDA-PJM,449,2025-10-15T00:31:54.444Z,2025-10-03T20:10:37.601Z,lifecycle,False,,20,0,10,0,-0.8660254037844386,0.5000000000000001
2025-10-06 21:00:00+00:00,US-MIDA-PJM,458,2025-10-15T00:31:59.273Z,2025-10-03T21:11:07.634Z,lifecycle,False,,21,0,10,0,-0.7071067811865477,0.7071067811865474
2025-10-06 22:00:00+00:00,US-MIDA-PJM,476,2025-10-16T00:33:34.795Z,2025-10-03T22:10:51.054Z,lifecycle,False,,22,0,10,0,-0.5000000000000004,0.8660254037844384
2025-10-06 23:00:00+00:00,US-MIDA-PJM,474,2025-10-17T00:31:47.146Z,2025-10-03T23:11:13.948Z,lifecycle,True,TIME_SLICER_AVERAGE,23,0,10,0,-0.25881904510252157,0.9659258262890681
2025-10-07 00:00:00+00:00,US-MIDA-PJM,473,2025-10-15T00:31:35.530Z,2025-10-04T00:11:02.193Z,lifecycle,False,,0,1,10,0,0.0,1.0
2025-10-07 01:00:00+00:00,US-MIDA-PJM,468,2025-10-15T00:31:59.273Z,2025-10-04T01:11:12.485Z,lifecycle,False,,1,1,10,0,0.25881904510252074,0.9659258262890683
2025-10-07 02:00:00+00:00,US-MIDA-PJM,466,2025-10-15T00:31:54.444Z,2025-10-04T02:10:40.007Z,lifecycle,False,,2,1,10,0,0.49999999999999994,0.8660254037844387
2025-10-07 03:00:00+00:00,US-MIDA-PJM,463,2025-10-15T00:31:35.530Z,2025-10-04T03:11:00.351Z,lifecycle,False,,3,1,10,0,0.7071067811865476,0.7071067811865476
2025-10-07 04:00:00+00:00,US-MIDA-PJM,452,2025-10-17T00:31:42.444Z,2025-10-04T04:10:38.521Z,lifecycle,False,,4,1,10,0,0.8660254037844386,0.5000000000000001
2025-10-07 05:00:00+00:00,US-MIDA-PJM,457,2025-10-17T00:31:42.444Z,2025-10-04T05:10:58.109Z,lifecycle,False,,5,1,10,0,0.9659258262890683,0.25881904510252074
2025-10-07 06:00:00+00:00,US-MIDA-PJM,451,2025-10-15T00:31:54.444Z,2025-10-04T06:13:22.781Z,lifecycle,False,,6,1,10,0,1.0,6.123233995736766e-17
2025-10-07 07:00:00+00:00,US-MIDA-PJM,445,2025-10-14T00:32:29.614Z,2025-10-04T07:11:00.369Z,lifecycle,False,,7,1,10,0,0.9659258262890683,-0.25881904510252063
2025-10-07 08:00:00+00:00,US-MIDA-PJM,448,2025-10-14T00:32:58.724Z,2025-10-04T08:11:33.916Z,lifecycle,False,,8,1,10,0,0.8660254037844387,-0.4999999999999998
2025-10-07 09:00:00+00:00,US-MIDA-PJM,454,2025-10-16T00:33:34.795Z,2025-10-04T09:10:58.047Z,lifecycle,False,,9,1,10,0,0.7071067811865476,-0.7071067811865475
2025-10-07 10:00:00+00:00,US-MIDA-PJM,462,2025-10-15T00:31:54.444Z,2025-10-04T10:11:05.508Z,lifecycle,False,,10,1,10,0,0.49999999999999994,-0.8660254037844387
2025-10-07 11:00:00+00:00,US-MIDA-PJM,466,2025-10-15T00:31:54.444Z,2025-10-04T11:11:42.604Z,lifecycle,False,,11,1,10,0,0.258819045102521,-0.9659258262890682
2025-10-07 12:00:00+00:00,US-MIDA-PJM,460,2025-10-14T00:33:03.303Z,2025-10-04T12:11:15.486Z,lifecycle,False,,12,1,10,0,1.2246467991473532e-16,-1.0
2025-10-07 13:00:00+00:00,US-MIDA-PJM,453,2025-10-10T12:10:52.494Z,2025-10-04T13:10:48.934Z,lifecycle,False,,13,1,10,0,-0.2588190451025208,-0.9659258262890683
2025-10-07 14:00:00+00:00,US-MIDA-PJM,450,2025-10-10T12:25:34.631Z,2025-10-04T14:12:09.574Z,lifecycle,False,,14,1,10,0,-0.4999999999999997,-0.8660254037844388
2025-10-07 15:00:00+00:00,US-MIDA-PJM,447,2025-10-16T00:33:09.017Z,2025-10-04T15:11:24.528Z,lifecycle,False,,15,1,10,0,-0.7071067811865471,-0.7071067811865479
2025-10-07 16:00:00+00:00,US-MIDA-PJM,444,2025-10-16T00:33:17.975Z,2025-10-04T16:10:59.995Z,lifecycle,False,,16,1,10,0,-0.8660254037844385,-0.5000000000000004
2025-10-07 17:00:00+00:00,US-MIDA-PJM,444,2025-10-16T00:33:43.163Z,2025-10-04T17:11:09.208Z,lifecycle,False,,17,1,10,0,-0.9659258262890683,-0.25881904510252063
2025-10-07 18:00:00+00:00,US-MIDA-PJM,445,2025-10-16T00:33:43.163Z,2025-10-04T18:12:15.365Z,lifecycle,False,,18,1,10,0,-1.0,-1.8369701987210297e-16
2025-10-07 19:00:00+00:00,US-MIDA-PJM,444,2025-10-16T00:33:40.294Z,2025-10-04T19:11:40.784Z,lifecycle,False,,19,1,10,0,-0.9659258262890684,0.2588190451025203
2025-10-07 20:00:00+00:00,US-MIDA-PJM,447,2025-10-16T00:33:17.975Z,2025-10-04T20:11:22.806Z,lifecycle,False,,20,1,10,0,-0.8660254037844386,0.5000000000000001
2025-10-07 21:00:00+00:00,US-MIDA-PJM,453,2025-10-16T00:33:17.975Z,2025-10-04T21:10:42.071Z,lifecycle,False,,21,1,10,0,-0.7071067811865477,0.7071067811865474
2025-10-07 22:00:00+00:00,US-MIDA-PJM,459,2025-10-16T00:33:40.294Z,2025-10-04T22:11:09.241Z,lifecycle,False,,22,1,10,0,-0.5000000000000004,0.8660254037844384
2025-10-07 23:00:00+00:00,US-MIDA-PJM,465,2025-10-18T00:29:14.611Z,2025-10-04T23:10:32.277Z,lifecycle,True,TIME_SLICER_AVERAGE,23,1,10,0,-0.25881904510252157,0.9659258262890681
2025-10-08 00:00:00+00:00,US-MIDA-PJM,472,2025-10-18T00:29:39.789Z,2025-10-05T00:11:01.215Z,lifecycle,False,,0,2,10,0,0.0,1.0
2025-10-08 01:00:00+00:00,US-MIDA-PJM,474,2025-10-18T00:29:39.789Z,2025-10-05T01:11:18.893Z,lifecycle,False,,1,2,10,0,0.25881904510252074,0.9659258262890683
2025-10-08 02:00:00+00:00,US-MIDA-PJM,473,2025-10-10T10:10:48.036Z,2025-10-05T02:12:08.907Z,lifecycle,False,,2,2,10,0,0.49999999999999994,0.8660254037844387
2025-10-08 03:00:00+00:00,US-MIDA-PJM,471,2025-10-18T00:29:14.611Z,2025-10-05T03:10:10.492Z,lifecycle,False,,3,2,10,0,0.7071067811865476,0.7071067811865476
2025-10-08 04:00:00+00:00,US-MIDA-PJM,463,2025-10-18T00:29:39.789Z,2025-10-05T04:11:14.678Z,lifecycle,False,,4,2,10,0,0.8660254037844386,0.5000000000000001
2025-10-08 05:00:00+00:00,US-MIDA-PJM,453,2025-10-18T00:29:14.611Z,2025-10-05T05:11:14.715Z,lifecycle,False,,5,2,10,0,0.9659258262890683,0.25881904510252074
2025-10-08 06:00:00+00:00,US-MIDA-PJM,436,2025-10-18T00:29:14.611Z,2025-10-05T06:11:26.771Z,lifecycle,False,,6,2,10,0,1.0,6.123233995736766e-17
2025-10-08 07:00:00+00:00,US-MIDA-PJM,432,2025-10-18T00:29:14.611Z,2025-10-05T07:10:55.041Z,lifecycle,False,,7,2,10,0,0.9659258262890683,-0.25881904510252063
2025-10-08 08:00:00+00:00,US-MIDA-PJM,429,2025-10-18T00:29:34.439Z,2025-10-05T08:10:40.782Z,lifecycle,False,,8,2,10,0,0.8660254037844387,-0.4999999999999998
2025-10-08 09:00:00+00:00,US-MIDA-PJM,429,2025-10-18T00:29:34.439Z,2025-10-05T09:11:05.008Z,lifecycle,False,,9,2,10,0,0.7071067811865476,-0.7071067811865475
2025-10-08 10:00:00+00:00,US-MIDA-PJM,427,2025-10-18T00:29:39.789Z,2025-10-05T10:11:20.665Z,lifecycle,False,,10,2,10,0,0.49999999999999994,-0.8660254037844387
2025-10-08 11:00:00+00:00,US-MIDA-PJM,443,2025-10-18T00:29:14.611Z,2025-10-05T11:11:33.640Z,lifecycle,False,,11,2,10,0,0.258819045102521,-0.9659258262890682
2025-10-08 12:00:00+00:00,US-MIDA-PJM,444,2025-10-18T00:29:14.611Z,2025-10-05T12:11:40.139Z,lifecycle,False,,12,2,10,0,1.2246467991473532e-16,-1.0
2025-10-08 13:00:00+00:00,US-MIDA-PJM,429,2025-10-18T00:29:14.611Z,2025-10-05T13:11:05.297Z,lifecycle,False,,13,2,10,0,-0.2588190451025208,-0.9659258262890683
2025-10-08 14:00:00+00:00,US-MIDA-PJM,425,2025-10-10T22:25:05.512Z,2025-10-05T14:10:48.651Z,lifecycle,False,,14,2,10,0,-0.4999999999999997,-0.8660254037844388
2025-10-08 15:00:00+00:00,US-MIDA-PJM,417,2025-10-10T22:24:50.080Z,2025-10-05T15:11:36.050Z,lifecycle,False,,15,2,10,0,-0.7071067811865471,-0.7071067811865479
2025-10-08 16:00:00+00:00,US-MIDA-PJM,409,2025-10-11T11:10:48.177Z,2025-10-05T16:10:42.541Z,lifecycle,False,,16,2,10,0,-0.8660254037844385,-0.5000000000000004
2025-10-08 17:00:00+00:00,US-MIDA-PJM,402,2025-10-11T11:11:01.495Z,2025-10-05T17:12:10.255Z,lifecycle,False,,17,2,10,0,-0.9659258262890683,-0.25881904510252063
2025-10-08 18:00:00+00:00,US-MIDA-PJM,402,2025-10-10T22:25:18.463Z,2025-10-05T18:10:48.965Z,lifecycle,False,,18,2,10,0,-1.0,-1.8369701987210297e-16
2025-10-08 19:00:00+00:00,US-MIDA-PJM,405,2025-10-10T22:24:50.080Z,2025-10-05T19:13:21.570Z,lifecycle,False,,19,2,10,0,-0.9659258262890684,0.2588190451025203
2025-10-08 20:00:00+00:00,US-MIDA-PJM,408,2025-10-10T22:25:18.463Z,2025-10-05T20:10:42.332Z,lifecycle,False,,20,2,10,0,-0.8660254037844386,0.5000000000000001
2025-10-08 21:00:00+00:00,US-MIDA-PJM,412,2025-10-10T22:25:18.463Z,2025-10-05T21:10:57.428Z,lifecycle,False,,21,2,10,0,-0.7071067811865477,0.7071067811865474
2025-10-08 22:00:00+00:00,US-MIDA-PJM,439,2025-10-11T11:10:29.006Z,2025-10-05T22:10:52.396Z,lifecycle,False,,22,2,10,0,-0.5000000000000004,0.8660254037844384
2025-10-08 23:00:00+00:00,US-MIDA-PJM,439,2025-10-10T22:25:05.512Z,2025-10-05T23:10:35.414Z,lifecycle,True,TIME_SLICER_AVERAGE,23,2,10,0,-0.25881904510252157,0.9659258262890681
2025-10-09 00:00:00+00:00,US-MIDA-PJM,438,2025-10-11T10:10:38.139Z,2025-10-06T00:12:48.828Z,lifecycle,False,,0,3,10,0,0.0,1.0
2025-10-09 01:00:00+00:00,US-MIDA-PJM,426,2025-10-11T10:10:21.619Z,2025-10-06T01:10:41.467Z,lifecycle,False,,1,3,10,0,0.25881904510252074,0.9659258262890683
2025-10-09 02:00:00+00:00,US-MIDA-PJM,415,2025-10-11T10:10:21.619Z,2025-10-06T02:10:17.152Z,lifecycle,False,,2,3,10,0,0.49999999999999994,0.8660254037844387
2025-10-09 03:00:00+00:00,US-MIDA-PJM,409,2025-10-16T00:33:43.163Z,2025-10-06T03:10:23.181Z,lifecycle,False,,3,3,10,0,0.7071067811865476,0.7071067811865476
2025-10-09 04:00:00+00:00,US-MIDA-PJM,396,2025-10-18T00:29:39.789Z,2025-10-06T04:13:23.011Z,lifecycle,False,,4,3,10,0,0.8660254037844386,0.5000000000000001
2025-10-09 05:00:00+00:00,US-MIDA-PJM,387,2025-10-19T00:30:49.655Z,2025-10-06T05:10:50.367Z,lifecycle,False,,5,3,10,0,0.9659258262890683,0.25881904510252074
2025-10-09 06:00:00+00:00,US-MIDA-PJM,379,2025-10-18T00:29:14.611Z,2025-10-06T06:11:06.320Z,lifecycle,False,,6,3,10,0,1.0,6.123233995736766e-17
2025-10-09 07:00:00+00:00,US-MIDA-PJM,376,2025-10-18T00:29:39.789Z,2025-10-06T07:10:38.691Z,lifecycle,False,,7,3,10,0,0.9659258262890683,-0.25881904510252063
2025-10-09 08:00:00+00:00,US-MIDA-PJM,377,2025-10-18T00:29:14.611Z,2025-10-06T08:11:04.028Z,lifecycle,False,,8,3,10,0,0.8660254037844387,-0.4999999999999998
2025-10-09 09:00:00+00:00,US-MIDA-PJM,382,2025-10-11T12:25:25.812Z,2025-10-06T09:10:03.014Z,lifecycle,False,,9,3,10,0,0.7071067811865476,-0.7071067811865475
2025-10-09 10:00:00+00:00,US-MIDA-PJM,390,2025-10-11T12:24:51.064Z,2025-10-06T10:10:20.927Z,lifecycle,False,,10,3,10,0,0.49999999999999994,-0.8660254037844387
2025-10-09 11:00:00+00:00,US-MIDA-PJM,408,2025-10-11T12:24:51.064Z,2025-10-06T11:10:24.985Z,lifecycle,False,,11,3,10,0,0.258819045102521,-0.9659258262890682
2025-10-09 12:00:00+00:00,US-MIDA-PJM,404,2025-10-11T12:25:25.812Z,2025-10-06T12:11:19.495Z,lifecycle,False,,12,3,10,0,1.2246467991473532e-16,-1.0
2025-10-09 13:00:00+00:00,US-MIDA-PJM,370,2025-10-11T12:24:51.064Z,2025-10-06T13:10:11.815Z,lifecycle,False,,13,3,10,0,-0.2588190451025208,-0.9659258262890683
2025-10-09 14:00:00+00:00,US-MIDA-PJM,354,2025-10-11T12:25:25.812Z,2025-10-06T14:11:50.003Z,lifecycle,False,,14,3,10,0,-0.4999999999999997,-0.8660254037844388
2025-10-09 15:00:00+00:00,US-MIDA-PJM,350,2025-10-11T12:25:25.812Z,2025-10-06T15:12:09.580Z,lifecycle,False,,15,3,10,0,-0.7071067811865471,-0.7071067811865479
2025-10-09 16:00:00+00:00,US-MIDA-PJM,351,2025-10-11T12:25:05.592Z,2025-10-06T16:09:59.616Z,lifecycle,False,,16,3,10,0,-0.8660254037844385,-0.5000000000000004
2025-10-09 17:00:00+00:00,US-MIDA-PJM,356,2025-10-11T12:25:05.592Z,2025-10-06T17:09:53.749Z,lifecycle,False,,17,3,10,0,-0.9659258262890683,-0.25881904510252063
2025-10-09 18:00:00+00:00,US-MIDA-PJM,362,2025-10-11T12:25:25.812Z,2025-10-06T18:10:17.682Z,lifecycle,False,,18,3,10,0,-1.0,-1.8369701987210297e-16
2025-10-09 19:00:00+00:00,US-MIDA-PJM,358,2025-10-11T12:24:51.064Z,2025-10-06T19:10:09.802Z,lifecycle,False,,19,3,10,0,-0.9659258262890684,0.2588190451025203
2025-10-09 20:00:00+00:00,US-MIDA-PJM,359,2025-10-11T12:25:05.592Z,2025-10-06T20:10:45.256Z,lifecycle,False,,20,3,10,0,-0.8660254037844386,0.5000000000000001
2025-10-09 21:00:00+00:00,US-MIDA-PJM,381,2025-10-11T12:25:25.812Z,2025-10-06T21:11:09.743Z,lifecycle,False,,21,3,10,0,-0.7071067811865477,0.7071067811865474
2025-10-09 22:00:00+00:00,US-MIDA-PJM,413,2025-10-11T12:24:51.064Z,2025-10-06T22:11:06.075Z,lifecycle,False,,22,3,10,0,-0.5000000000000004,0.8660254037844384
2025-10-09 23:00:00+00:00,US-MIDA-PJM,425,2025-10-11T12:24:51.064Z,2025-10-06T23:10:01.727Z,lifecycle,True,TIME_SLICER_AVERAGE,23,3,10,0,-0.25881904510252157,0.9659258262890681
2025-10-10 00:00:00+00:00,US-MIDA-PJM,432,2025-10-11T12:25:25.812Z,2025-10-07T00:10:55.677Z,lifecycle,False,,0,4,10,0,0.0,1.0
2025-10-10 01:00:00+00:00,US-MIDA-PJM,427,2025-10-11T12:25:25.812Z,2025-10-07T01:09:56.626Z,lifecycle,False,,1,4,10,0,0.25881904510252074,0.9659258262890683
2025-10-10 02:00:00+00:00,US-MIDA-PJM,413,2025-10-11T12:25:25.812Z,2025-10-07T02:09:18.749Z,lifecycle,False,,2,4,10,0,0.49999999999999994,0.8660254037844387
2025-10-10 03:00:00+00:00,US-MIDA-PJM,403,2025-10-17T00:31:56.005Z,2025-10-07T03:11:16.570Z,lifecycle,False,,3,4,10,0,0.7071067811865476,0.7071067811865476
2025-10-10 04:00:00+00:00,US-MIDA-PJM,394,2025-10-19T00:30:49.655Z,2025-10-07T04:10:40.312Z,lifecycle,False,,4,4,10,0,0.8660254037844386,0.5000000000000001
2025-10-10 05:00:00+00:00,US-MIDA-PJM,387,2025-10-19T00:30:33.156Z,2025-10-07T05:21:51.966Z,lifecycle,False,,5,4,10,0,0.9659258262890683,0.25881904510252074
2025-10-10 06:00:00+00:00,US-MIDA-PJM,383,2025-10-20T00:28:55.218Z,2025-10-07T06:10:43.904Z,lifecycle,False,,6,4,10,0,1.0,6.123233995736766e-17
2025-10-10 07:00:00+00:00,US-MIDA-PJM,377,2025-10-19T00:30:57.145Z,2025-10-07T07:12:13.241Z,lifecycle,False,,7,4,10,0,0.9659258262890683,-0.25881904510252063
2025-10-10 08:00:00+00:00,US-MIDA-PJM,377,2025-10-19T00:30:57.145Z,2025-10-07T08:10:30.891Z,lifecycle,False,,8,4,10,0,0.8660254037844387,-0.4999999999999998
2025-10-10 09:00:00+00:00,US-MIDA-PJM,379,2025-10-19T00:30:33.156Z,2025-10-07T09:10:34.424Z,lifecycle,False,,9,4,10,0,0.7071067811865476,-0.7071067811865475
2025-10-10 10:00:00+00:00,US-MIDA-PJM,383,2025-10-19T00:30:33.156Z,2025-10-07T10:11:03.347Z,lifecycle,False,,10,4,10,0,0.49999999999999994,-0.8660254037844387
2025-10-10 11:00:00+00:00,US-MIDA-PJM,397,2025-10-19T00:30:33.156Z,2025-10-07T11:10:18.162Z,lifecycle,False,,11,4,10,0,0.258819045102521,-0.9659258262890682
2025-10-10 12:00:00+00:00,US-MIDA-PJM,390,2025-10-19T00:30:57.145Z,2025-10-07T12:10:37.402Z,lifecycle,False,,12,4,10,0,1.2246467991473532e-16,-1.0
2025-10-10 13:00:00+00:00,US-MIDA-PJM,374,2025-10-19T00:30:57.145Z,2025-10-07T13:10:27.311Z,lifecycle,False,,13,4,10,0,-0.2588190451025208,-0.9659258262890683
2025-10-10 14:00:00+00:00,US-MIDA-PJM,372,2025-10-19T00:30:33.156Z,2025-10-07T14:21:07.676Z,lifecycle,False,,14,4,10,0,-0.4999999999999997,-0.8660254037844388
2025-10-10 15:00:00+00:00,US-MIDA-PJM,360,2025-10-19T00:30:49.655Z,2025-10-07T15:11:19.198Z,lifecycle,False,,15,4,10,0,-0.7071067811865471,-0.7071067811865479
2025-10-10 16:00:00+00:00,US-MIDA-PJM,364,2025-10-19T00:30:41.246Z,2025-10-07T16:11:07.346Z,lifecycle,False,,16,4,10,0,-0.8660254037844385,-0.5000000000000004
2025-10-10 17:00:00+00:00,US-MIDA-PJM,371,2025-10-19T00:31:05.551Z,2025-10-07T17:10:14.599Z,lifecycle,False,,17,4,10,0,-0.9659258262890683,-0.25881904510252063
2025-10-10 18:00:00+00:00,US-MIDA-PJM,373,2025-10-19T00:30:54.847Z,2025-10-07T18:10:12.951Z,lifecycle,False,,18,4,10,0,-1.0,-1.8369701987210297e-16
2025-10-10 19:00:00+00:00,US-MIDA-PJM,377,2025-10-19T00:30:41.246Z,2025-10-07T19:10:30.664Z,lifecycle,False,,19,4,10,0,-0.9659258262890684,0.2588190451025203
2025-10-10 20:00:00+00:00,US-MIDA-PJM,381,2025-10-19T00:30:41.246Z,2025-10-07T20:10:45.983Z,lifecycle,False,,20,4,10,0,-0.8660254037844386,0.5000000000000001
2025-10-10 21:00:00+00:00,US-MIDA-PJM,392,2025-10-19T00:30:54.847Z,2025-10-07T21:10:55.232Z,lifecycle,False,,21,4,10,0,-0.7071067811865477,0.7071067811865474
2025-10-10 22:00:00+00:00,US-MIDA-PJM,414,2025-10-19T00:31:05.551Z,2025-10-07T22:10:24.375Z,lifecycle,False,,22,4,10,0,-0.5000000000000004,0.8660254037844384
2025-10-10 23:00:00+00:00,US-MIDA-PJM,418,2025-10-21T00:28:30.542Z,2025-10-07T23:11:12.438Z,lifecycle,True,TIME_SLICER_AVERAGE,23,4,10,0,-0.25881904510252157,0.9659258262890681
2025-10-11 00:00:00+00:00,US-MIDA-PJM,419,2025-10-21T00:28:37.203Z,2025-10-08T00:10:12.317Z,lifecycle,False,,0,5,10,1,0.0,1.0
2025-10-11 01:00:00+00:00,US-MIDA-PJM,415,2025-10-21T00:28:30.542Z,2025-10-08T01:10:38.380Z,lifecycle,False,,1,5,10,1,0.25881904510252074,0.9659258262890683
2025-10-11 02:00:00+00:00,US-MIDA-PJM,407,2025-10-21T00:28:14.045Z,2025-10-08T02:09:24.781Z,lifecycle,False,,2,5,10,1,0.49999999999999994,0.8660254037844387
2025-10-11 03:00:00+00:00,US-MIDA-PJM,407,2025-10-21T00:28:14.045Z,2025-10-08T03:10:14.866Z,lifecycle,False,,3,5,10,1,0.7071067811865476,0.7071067811865476
2025-10-11 04:00:00+00:00,US-MIDA-PJM,400,2025-10-14T00:40:18.109Z,2025-10-08T04:10:56.049Z,lifecycle,False,,4,5,10,1,0.8660254037844386,0.5000000000000001
2025-10-11 05:00:00+00:00,US-MIDA-PJM,395,2025-10-18T00:29:48.061Z,2025-10-08T05:11:56.992Z,lifecycle,False,,5,5,10,1,0.9659258262890683,0.25881904510252074
2025-10-11 06:00:00+00:00,US-MIDA-PJM,394,2025-10-20T00:29:19.449Z,2025-10-08T06:09:29.835Z,lifecycle,False,,6,5,10,1,1.0,6.123233995736766e-17
2025-10-11 07:00:00+00:00,US-MIDA-PJM,390,2025-10-20T00:29:19.449Z,2025-10-08T07:10:22.322Z,lifecycle,False,,7,5,10,1,0.9659258262890683,-0.25881904510252063
2025-10-11 08:00:00+00:00,US-MIDA-PJM,390,2025-10-20T00:29:15.499Z,2025-10-08T08:11:04.488Z,lifecycle,False,,8,5,10,1,0.8660254037844387,-0.4999999999999998
2025-10-11 09:00:00+00:00,US-MIDA-PJM,393,2025-10-20T00:29:19.449Z,2025-10-08T09:11:02.018Z,lifecycle,False,,9,5,10,1,0.7071067811865476,-0.7071067811865475
2025-10-11 10:00:00+00:00,US-MIDA-PJM,400,2025-10-20T00:29:19.449Z,2025-10-08T10:10:16.947Z,lifecycle,False,,10,5,10,1,0.49999999999999994,-0.8660254037844387
2025-10-11 11:00:00+00:00,US-MIDA-PJM,397,2025-10-20T00:29:15.499Z,2025-10-08T11:11:25.652Z,lifecycle,False,,11,5,10,1,0.258819045102521,-0.9659258262890682
2025-10-11 12:00:00+00:00,US-MIDA-PJM,390,2025-10-21T00:28:30.542Z,2025-10-08T12:10:12.709Z,lifecycle,False,,12,5,10,1,1.2246467991473532e-16,-1.0
2025-10-11 13:00:00+00:00,US-MIDA-PJM,375,2025-10-21T00:28:30.542Z,2025-10-08T13:10:27.438Z,lifecycle,False,,13,5,10,1,-0.2588190451025208,-0.9659258262890683
2025-10-11 14:00:00+00:00,US-MIDA-PJM,371,2025-10-18T00:29:46.156Z,2025-10-08T14:11:10.354Z,lifecycle,False,,14,5,10,1,-0.4999999999999997,-0.8660254037844388
2025-10-11 15:00:00+00:00,US-MIDA-PJM,363,2025-10-14T00:40:08.404Z,2025-10-08T15:10:45.062Z,lifecycle,False,,15,5,10,1,-0.7071067811865471,-0.7071067811865479
2025-10-11 16:00:00+00:00,US-MIDA-PJM,363,2025-10-14T00:40:08.404Z,2025-10-08T16:11:34.994Z,lifecycle,False,,16,5,10,1,-0.8660254037844385,-0.5000000000000004
2025-10-11 17:00:00+00:00,US-MIDA-PJM,369,2025-10-20T00:29:27.668Z,2025-10-08T17:10:37.097Z,lifecycle,False,,17,5,10,1,-0.9659258262890683,-0.25881904510252063
2025-10-11 18:00:00+00:00,US-MIDA-PJM,368,2025-10-20T00:29:03.476Z,2025-10-08T18:10:54.046Z,lifecycle,False,,18,5,10,1,-1.0,-1.8369701987210297e-16
2025-10-11 19:00:00+00:00,US-MIDA-PJM,370,2025-10-20T00:29:03.476Z,2025-10-08T19:10:06.302Z,lifecycle,False,,19,5,10,1,-0.9659258262890684,0.2588190451025203
2025-10-11 20:00:00+00:00,US-MIDA-PJM,376,2025-10-20T00:29:23.841Z,2025-10-08T20:10:14.908Z,lifecycle,False,,20,5,10,1,-0.8660254037844386,0.5000000000000001
2025-10-11 21:00:00+00:00,US-MIDA-PJM,382,2025-10-20T00:29:03.476Z,2025-10-08T21:09:51.136Z,lifecycle,False,,21,5,10,1,-0.7071067811865477,0.7071067811865474
2025-10-11 22:00:00+00:00,US-MIDA-PJM,399,2025-10-20T00:29:27.668Z,2025-10-08T22:10:43.224Z,lifecycle,False,,22,5,10,1,-0.5000000000000004,0.8660254037844384
2025-10-11 23:00:00+00:00,US-MIDA-PJM,402,2025-10-20T00:29:23.841Z,2025-10-08T23:10:01.575Z,lifecycle,True,TIME_SLICER_AVERAGE,23,5,10,1,-0.25881904510252157,0.9659258262890681
2025-10-12 00:00:00+00:00,US-MIDA-PJM,400,2025-10-20T00:29:03.476Z,2025-10-09T00:12:22.179Z,lifecycle,False,,0,6,10,1,0.0,1.0
2025-10-12 01:00:00+00:00,US-MIDA-PJM,398,2025-10-20T00:29:27.668Z,2025-10-09T01:09:53.705Z,lifecycle,False,,1,6,10,1,0.25881904510252074,0.9659258262890683
2025-10-12 02:00:00+00:00,US-MIDA-PJM,395,2025-10-20T00:29:27.668Z,2025-10-09T02:10:32.949Z,lifecycle,False,,2,6,10,1,0.49999999999999994,0.8660254037844387
2025-10-12 03:00:00+00:00,US-MIDA-PJM,396,2025-10-22T00:44:24.399Z,2025-10-09T03:11:11.688Z,lifecycle,False,,3,6,10,1,0.7071067811865476,0.7071067811865476
2025-10-12 04:00:00+00:00,US-MIDA-PJM,398,2025-10-22T00:44:24.399Z,2025-10-09T04:10:29.530Z,lifecycle,False,,4,6,10,1,0.8660254037844386,0.5000000000000001
2025-10-12 05:00:00+00:00,US-MIDA-PJM,394,2025-10-22T00:43:58.421Z,2025-10-09T05:11:23.498Z,lifecycle,False,,5,6,10,1,0.9659258262890683,0.25881904510252074
2025-10-12 06:00:00+00:00,US-MIDA-PJM,390,2025-10-22T00:44:24.399Z,2025-10-09T06:10:35.365Z,lifecycle,False,,6,6,10,1,1.0,6.123233995736766e-17
2025-10-12 07:00:00+00:00,US-MIDA-PJM,384,2025-10-22T00:44:24.399Z,2025-10-09T07:10:39.325Z,lifecycle,False,,7,6,10,1,0.9659258262890683,-0.25881904510252063
2025-10-12 08:00:00+00:00,US-MIDA-PJM,383,2025-10-22T00:43:58.421Z,2025-10-09T08:10:13.251Z,lifecycle,False,,8,6,10,1,0.8660254037844387,-0.4999999999999998
2025-10-12 09:00:00+00:00,US-MIDA-PJM,382,2025-10-19T00:30:45.457Z,2025-10-09T09:10:46.571Z,lifecycle,False,,9,6,10,1,0.7071067811865476,-0.7071067811865475
2025-10-12 10:00:00+00:00,US-MIDA-PJM,388,2025-10-22T00:44:18.909Z,2025-10-09T10:10:22.449Z,lifecycle,False,,10,6,10,1,0.49999999999999994,-0.8660254037844387
2025-10-12 11:00:00+00:00,US-MIDA-PJM,398,2025-10-22T00:43:58.421Z,2025-10-09T11:10:31.233Z,lifecycle,False,,11,6,10,1,0.258819045102521,-0.9659258262890682
2025-10-12 12:00:00+00:00,US-MIDA-PJM,394,2025-10-22T00:44:24.399Z,2025-10-09T12:10:21.827Z,lifecycle,False,,12,6,10,1,1.2246467991473532e-16,-1.0
2025-10-12 13:00:00+00:00,US-MIDA-PJM,379,2025-10-19T00:31:09.610Z,2025-10-09T13:10:51.002Z,lifecycle,False,,13,6,10,1,-0.2588190451025208,-0.9659258262890683
2025-10-12 14:00:00+00:00,US-MIDA-PJM,377,2025-10-19T00:30:58.389Z,2025-10-09T14:12:18.490Z,lifecycle,False,,14,6,10,1,-0.4999999999999997,-0.8660254037844388
2025-10-12 15:00:00+00:00,US-MIDA-PJM,376,2025-10-21T00:28:37.203Z,2025-10-09T15:10:09.548Z,lifecycle,False,,15,6,10,1,-0.7071067811865471,-0.7071067811865479
2025-10-12 16:00:00+00:00,US-MIDA-PJM,375,2025-10-19T00:30:45.457Z,2025-10-09T16:09:46.046Z,lifecycle,False,,16,6,10,1,-0.8660254037844385,-0.5000000000000004
2025-10-12 17:00:00+00:00,US-MIDA-PJM,376,2025-10-19T00:31:09.610Z,2025-10-09T17:10:22.076Z,lifecycle,False,,17,6,10,1,-0.9659258262890683,-0.25881904510252063
2025-10-12 18:00:00+00:00,US-MIDA-PJM,385,2025-10-19T00:31:09.610Z,2025-10-09T18:09:58.148Z,lifecycle,False,,18,6,10,1,-1.0,-1.8369701987210297e-16
2025-10-12 19:00:00+00:00,US-MIDA-PJM,390,2025-10-19T00:30:45.457Z,2025-10-09T19:10:32.135Z,lifecycle,False,,19,6,10,1,-0.9659258262890684,0.2588190451025203
2025-10-12 20:00:00+00:00,US-MIDA-PJM,395,2025-10-19T00:31:09.610Z,2025-10-09T20:10:45.026Z,lifecycle,False,,20,6,10,1,-0.8660254037844386,0.5000000000000001
2025-10-12 21:00:00+00:00,US-MIDA-PJM,402,2025-10-19T00:30:45.457Z,2025-10-09T21:10:34.516Z,lifecycle,False,,21,6,10,1,-0.7071067811865477,0.7071067811865474
2025-10-12 22:00:00+00:00,US-MIDA-PJM,419,2025-10-19T00:30:45.457Z,2025-10-09T22:10:27.079Z,lifecycle,False,,22,6,10,1,-0.5000000000000004,0.8660254037844384
2025-10-12 23:00:00+00:00,US-MIDA-PJM,421,2025-10-23T00:32:43.007Z,2025-10-09T23:10:11.083Z,lifecycle,True,TIME_SLICER_AVERAGE,23,6,10,1,-0.25881904510252157,0.9659258262890681
2025-10-13 00:00:00+00:00,US-MIDA-PJM,418,2025-10-23T00:32:43.007Z,2025-10-10T00:10:37.341Z,lifecycle,False,,0,0,10,0,0.0,1.0
2025-10-13 01:00:00+00:00,US-MIDA-PJM,416,2025-10-23T00:32:21.977Z,2025-10-10T01:09:52.879Z,lifecycle,False,,1,0,10,0,0.25881904510252074,0.9659258262890683
2025-10-13 02:00:00+00:00,US-MIDA-PJM,413,2025-10-23T00:32:44.880Z,2025-10-10T02:09:21.011Z,lifecycle,False,,2,0,10,0,0.49999999999999994,0.8660254037844387
2025-10-13 03:00:00+00:00,US-MIDA-PJM,407,2025-10-23T00:32:21.977Z,2025-10-10T03:10:25.251Z,lifecycle,False,,3,0,10,0,0.7071067811865476,0.7071067811865476
2025-10-13 04:00:00+00:00,US-MIDA-PJM,402,2025-10-23T00:32:21.977Z,2025-10-10T04:09:39.298Z,lifecycle,False,,4,0,10,0,0.8660254037844386,0.5000000000000001
2025-10-13 05:00:00+00:00,US-MIDA-PJM,399,2025-10-23T00:32:44.880Z,2025-10-10T05:10:22.994Z,lifecycle,False,,5,0,10,0,0.9659258262890683,0.25881904510252074
2025-10-13 06:00:00+00:00,US-MIDA-PJM,398,2025-10-23T00:32:44.880Z,2025-10-10T06:11:33.827Z,lifecycle,False,,6,0,10,0,1.0,6.123233995736766e-17
2025-10-13 07:00:00+00:00,US-MIDA-PJM,400,2025-10-23T00:32:44.880Z,2025-10-10T07:10:28.662Z,lifecycle,False,,7,0,10,0,0.9659258262890683,-0.25881904510252063
2025-10-13 08:00:00+00:00,US-MIDA-PJM,401,2025-10-23T00:32:21.977Z,2025-10-10T08:11:20.608Z,lifecycle,False,,8,0,10,0,0.8660254037844387,-0.4999999999999998
2025-10-13 09:00:00+00:00,US-MIDA-PJM,408,2025-10-23T00:32:21.977Z,2025-10-10T09:11:20.176Z,lifecycle,False,,9,0,10,0,0.7071067811865476,-0.7071067811865475
2025-10-13 10:00:00+00:00,US-MIDA-PJM,416,2025-10-23T00:32:21.977Z,2025-10-10T10:10:43.516Z,lifecycle,False,,10,0,10,0,0.49999999999999994,-0.8660254037844387
2025-10-13 11:00:00+00:00,US-MIDA-PJM,429,2025-10-23T00:32:43.007Z,2025-10-10T11:11:10.288Z,lifecycle,False,,11,0,10,0,0.258819045102521,-0.9659258262890682
2025-10-13 12:00:00+00:00,US-MIDA-PJM,433,2025-10-23T00:32:43.007Z,2025-10-10T12:11:03.910Z,lifecycle,False,,12,0,10,0,1.2246467991473532e-16,-1.0
2025-10-13 13:00:00+00:00,US-MIDA-PJM,421,2025-10-23T00:32:43.007Z,2025-10-10T13:10:19.772Z,lifecycle,False,,13,0,10,0,-0.2588190451025208,-0.9659258262890683
2025-10-13 14:00:00+00:00,US-MIDA-PJM,417,2025-10-23T00:32:21.977Z,2025-10-10T14:10:53.363Z,lifecycle,False,,14,0,10,0,-0.4999999999999997,-0.8660254037844388
2025-10-13 15:00:00+00:00,US-MIDA-PJM,420,2025-10-23T00:32:43.007Z,2025-10-10T15:12:05.189Z,lifecycle,False,,15,0,10,0,-0.7071067811865471,-0.7071067811865479
2025-10-13 16:00:00+00:00,US-MIDA-PJM,423,2025-10-23T00:32:44.880Z,2025-10-10T16:10:50.380Z,lifecycle,False,,16,0,10,0,-0.8660254037844385,-0.5000000000000004
2025-10-13 17:00:00+00:00,US-MIDA-PJM,427,2025-10-23T00:32:21.977Z,2025-10-10T17:10:53.999Z,lifecycle,False,,17,0,10,0,-0.9659258262890683,-0.25881904510252063
2025-10-13 18:00:00+00:00,US-MIDA-PJM,432,2025-10-23T00:32:21.977Z,2025-10-10T18:09:46.933Z,lifecycle,False,,18,0,10,0,-1.0,-1.8369701987210297e-16
2025-10-13 19:00:00+00:00,US-MIDA-PJM,431,2025-10-23T00:32:43.007Z,2025-10-10T19:10:41.341Z,lifecycle,False,,19,0,10,0,-0.9659258262890684,0.2588190451025203
2025-10-13 20:00:00+00:00,US-MIDA-PJM,434,2025-10-23T00:32:43.007Z,2025-10-10T20:11:05.675Z,lifecycle,False,,20,0,10,0,-0.8660254037844386,0.5000000000000001
2025-10-13 21:00:00+00:00,US-MIDA-PJM,435,2025-10-23T00:32:21.977Z,2025-10-10T21:09:54.803Z,lifecycle,False,,21,0,10,0,-0.7071067811865477,0.7071067811865474
2025-10-13 22:00:00+00:00,US-MIDA-PJM,451,2025-10-23T00:32:21.977Z,2025-10-10T22:10:20.602Z,lifecycle,False,,22,0,10,0,-0.5000000000000004,0.8660254037844384
2025-10-13 23:00:00+00:00,US-MIDA-PJM,458,2025-10-24T00:32:52.121Z,2025-10-10T23:10:19.104Z,lifecycle,True,TIME_SLICER_AVERAGE,23,0,10,0,-0.25881904510252157,0.9659258262890681
2025-10-14 00:00:00+00:00,US-MIDA-PJM,461,2025-10-24T00:32:39.282Z,2025-10-11T00:10:07.030Z,lifecycle,False,,0,1,10,0,0.0,1.0
2025-10-14 01:00:00+00:00,US-MIDA-PJM,463,2025-10-24T00:32:16.935Z,2025-10-11T01:10:30.815Z,lifecycle,False,,1,1,10,0,0.25881904510252074,0.9659258262890683
2025-10-14 02:00:00+00:00,US-MIDA-PJM,461,2025-10-24T00:32:52.121Z,2025-10-11T02:11:16.091Z,lifecycle,False,,2,1,10,0,0.49999999999999994,0.8660254037844387
2025-10-14 03:00:00+00:00,US-MIDA-PJM,454,2025-10-24T00:32:39.282Z,2025-10-11T03:10:58.157Z,lifecycle,False,,3,1,10,0,0.7071067811865476,0.7071067811865476
2025-10-14 04:00:00+00:00,US-MIDA-PJM,443,2025-10-24T00:32:52.121Z,2025-10-11T04:10:15.626Z,lifecycle,False,,4,1,10,0,0.8660254037844386,0.5000000000000001
2025-10-14 05:00:00+00:00,US-MIDA-PJM,434,2025-10-24T00:32:52.121Z,2025-10-11T05:10:53.569Z,lifecycle,False,,5,1,10,0,0.9659258262890683,0.25881904510252074
2025-10-14 06:00:00+00:00,US-MIDA-PJM,426,2025-10-24T00:32:39.282Z,2025-10-11T06:10:57.369Z,lifecycle,False,,6,1,10,0,1.0,6.123233995736766e-17
2025-10-14 07:00:00+00:00,US-MIDA-PJM,421,2025-10-24T00:32:39.282Z,2025-10-11T07:09:33.872Z,lifecycle,False,,7,1,10,0,0.9659258262890683,-0.25881904510252063
2025-10-14 08:00:00+00:00,US-MIDA-PJM,427,2025-10-24T00:32:39.282Z,2025-10-11T08:09:48.141Z,lifecycle,False,,8,1,10,0,0.8660254037844387,-0.4999999999999998
2025-10-14 09:00:00+00:00,US-MIDA-PJM,431,2025-10-24T00:32:39.282Z,2025-10-11T09:14:56.340Z,lifecycle,False,,9,1,10,0,0.7071067811865476,-0.7071067811865475
2025-10-14 10:00:00+00:00,US-MIDA-PJM,429,2025-10-24T00:32:52.121Z,2025-10-11T10:10:51.260Z,lifecycle,False,,10,1,10,0,0.49999999999999994,-0.8660254037844387
2025-10-14 11:00:00+00:00,US-MIDA-PJM,440,2025-10-24T00:32:39.282Z,2025-10-11T11:10:41.388Z,lifecycle,False,,11,1,10,0,0.258819045102521,-0.9659258262890682
2025-10-14 12:00:00+00:00,US-MIDA-PJM,439,2025-10-24T00:32:16.935Z,2025-10-11T12:10:40.882Z,lifecycle,False,,12,1,10,0,1.2246467991473532e-16,-1.0
2025-10-14 13:00:00+00:00,US-MIDA-PJM,428,2025-10-24T00:32:16.935Z,2025-10-11T13:11:23.558Z,lifecycle,False,,13,1,10,0,-0.2588190451025208,-0.9659258262890683
2025-10-14 14:00:00+00:00,US-MIDA-PJM,419,2025-10-24T00:32:52.121Z,2025-10-11T14:10:42.470Z,lifecycle,False,,14,1,10,0,-0.4999999999999997,-0.8660254037844388
2025-10-14 15:00:00+00:00,US-MIDA-PJM,417,2025-10-24T00:32:16.935Z,2025-10-11T15:11:02.209Z,lifecycle,False,,15,1,10,0,-0.7071067811865471,-0.7071067811865479
2025-10-14 16:00:00+00:00,US-MIDA-PJM,416,2025-10-24T00:32:39.282Z,2025-10-11T16:12:18.533Z,lifecycle,False,,16,1,10,0,-0.8660254037844385,-0.5000000000000004
2025-10-14 17:00:00+00:00,US-MIDA-PJM,414,2025-10-24T00:32:16.935Z,2025-10-11T17:09:55.975Z,lifecycle,False,,17,1,10,0,-0.9659258262890683,-0.25881904510252063
2025-10-14 18:00:00+00:00,US-MIDA-PJM,407,2025-10-24T00:32:52.121Z,2025-10-11T18:09:55.027Z,lifecycle,False,,18,1,10,0,-1.0,-1.8369701987210297e-16
2025-10-14 19:00:00+00:00,US-MIDA-PJM,404,2025-10-24T00:32:52.121Z,2025-10-11T19:10:34.070Z,lifecycle,False,,19,1,10,0,-0.9659258262890684,0.2588190451025203
2025-10-14 20:00:00+00:00,US-MIDA-PJM,406,2025-10-24T00:32:52.121Z,2025-10-11T20:09:53.985Z,lifecycle,False,,20,1,10,0,-0.8660254037844386,0.5000000000000001
2025-10-14 21:00:00+00:00,US-MIDA-PJM,419,2025-10-24T00:32:39.282Z,2025-10-11T21:10:36.746Z,lifecycle,False,,21,1,10,0,-0.7071067811865477,0.7071067811865474
2025-10-14 22:00:00+00:00,US-MIDA-PJM,439,2025-10-24T00:32:16.935Z,2025-10-11T22:10:08.614Z,lifecycle,False,,22,1,10,0,-0.5000000000000004,0.8660254037844384
2025-10-14 23:00:00+00:00,US-MIDA-PJM,443,2025-10-25T00:32:12.322Z,2025-10-11T23:10:22.851Z,lifecycle,True,TIME_SLICER_AVERAGE,23,1,10,0,-0.25881904510252157,0.9659258262890681
2025-10-15 00:00:00+00:00,US-MIDA-PJM,443,2025-10-25T00:32:12.322Z,2025-10-12T00:10:39.641Z,lifecycle,False,,0,2,10,0,0.0,1.0
2025-10-15 01:00:00+00:00,US-MIDA-PJM,439,2025-10-25T00:31:49.842Z,2025-10-12T01:11:20.100Z,lifecycle,False,,1,2,10,0,0.25881904510252074,0.9659258262890683
2025-10-15 02:00:00+00:00,US-MIDA-PJM,436,2025-10-25T00:32:12.322Z,2025-10-12T02:10:47.229Z,lifecycle,False,,2,2,10,0,0.49999999999999994,0.8660254037844387
2025-10-15 03:00:00+00:00,US-MIDA-PJM,430,2025-10-25T00:31:49.842Z,2025-10-12T03:09:08.231Z,lifecycle,False,,3,2,10,0,0.7071067811865476,0.7071067811865476
2025-10-15 04:00:00+00:00,US-MIDA-PJM,428,2025-10-25T00:32:12.322Z,2025-10-12T04:10:31.210Z,lifecycle,False,,4,2,10,0,0.8660254037844386,0.5000000000000001
2025-10-15 05:00:00+00:00,US-MIDA-PJM,428,2025-10-25T00:32:05.147Z,2025-10-12T05:10:01.317Z,lifecycle,False,,5,2,10,0,0.9659258262890683,0.25881904510252074
2025-10-15 06:00:00+00:00,US-MIDA-PJM,423,2025-10-25T00:31:49.842Z,2025-10-12T06:10:55.624Z,lifecycle,False,,6,2,10,0,1.0,6.123233995736766e-17
2025-10-15 07:00:00+00:00,US-MIDA-PJM,421,2025-10-25T00:32:12.322Z,2025-10-12T07:10:12.791Z,lifecycle,False,,7,2,10,0,0.9659258262890683,-0.25881904510252063
2025-10-15 08:00:00+00:00,US-MIDA-PJM,421,2025-10-25T00:32:05.147Z,2025-10-12T08:10:04.155Z,lifecycle,False,,8,2,10,0,0.8660254037844387,-0.4999999999999998
2025-10-15 09:00:00+00:00,US-MIDA-PJM,422,2025-10-25T00:32:12.322Z,2025-10-12T09:10:12.780Z,lifecycle,False,,9,2,10,0,0.7071067811865476,-0.7071067811865475
2025-10-15 10:00:00+00:00,US-MIDA-PJM,426,2025-10-25T00:32:05.147Z,2025-10-12T10:10:13.801Z,lifecycle,False,,10,2,10,0,0.49999999999999994,-0.8660254037844387
2025-10-15 11:00:00+00:00,US-MIDA-PJM,434,2025-10-25T00:32:12.322Z,2025-10-12T11:11:16.447Z,lifecycle,False,,11,2,10,0,0.258819045102521,-0.9659258262890682
2025-10-15 12:00:00+00:00,US-MIDA-PJM,435,2025-10-25T00:31:49.842Z,2025-10-12T12:12:00.798Z,lifecycle,False,,12,2,10,0,1.2246467991473532e-16,-1.0
2025-10-15 13:00:00+00:00,US-MIDA-PJM,422,2025-10-25T00:32:12.322Z,2025-10-12T13:10:25.385Z,lifecycle,False,,13,2,10,0,-0.2588190451025208,-0.9659258262890683
2025-10-15 14:00:00+00:00,US-MIDA-PJM,417,2025-10-25T00:31:49.842Z,2025-10-12T14:10:42.799Z,lifecycle,False,,14,2,10,0,-0.4999999999999997,-0.8660254037844388
2025-10-15 15:00:00+00:00,US-MIDA-PJM,417,2025-10-25T00:31:49.842Z,2025-10-12T15:11:23.353Z,lifecycle,False,,15,2,10,0,-0.7071067811865471,-0.7071067811865479
2025-10-15 16:00:00+00:00,US-MIDA-PJM,417,2025-10-25T00:31:49.842Z,2025-10-12T16:10:57.460Z,lifecycle,False,,16,2,10,0,-0.8660254037844385,-0.5000000000000004
2025-10-15 17:00:00+00:00,US-MIDA-PJM,409,2025-10-25T00:32:05.147Z,2025-10-12T17:10:34.260Z,lifecycle,False,,17,2,10,0,-0.9659258262890683,-0.25881904510252063
2025-10-15 18:00:00+00:00,US-MIDA-PJM,404,2025-10-25T00:31:49.842Z,2025-10-12T18:09:45.048Z,lifecycle,False,,18,2,10,0,-1.0,-1.8369701987210297e-16
2025-10-15 19:00:00+00:00,US-MIDA-PJM,408,2025-10-25T00:32:12.322Z,2025-10-12T19:10:56.717Z,lifecycle,False,,19,2,10,0,-0.9659258262890684,0.2588190451025203
2025-10-15 20:00:00+00:00,US-MIDA-PJM,405,2025-10-25T00:32:12.322Z,2025-10-12T20:11:23.953Z,lifecycle,False,,20,2,10,0,-0.8660254037844386,0.5000000000000001
2025-10-15 21:00:00+00:00,US-MIDA-PJM,426,2025-10-25T00:31:49.842Z,2025-10-12T21:10:01.018Z,lifecycle,False,,21,2,10,0,-0.7071067811865477,0.7071067811865474
2025-10-15 22:00:00+00:00,US-MIDA-PJM,444,2025-10-25T00:32:05.147Z,2025-10-12T22:10:31.549Z,lifecycle,False,,22,2,10,0,-0.5000000000000004,0.8660254037844384
2025-10-15 23:00:00+00:00,US-MIDA-PJM,450,2025-10-25T00:32:05.147Z,2025-10-12T23:10:25.603Z,lifecycle,True,TIME_SLICER_AVERAGE,23,2,10,0,-0.25881904510252157,0.9659258262890681
2025-10-16 00:00:00+00:00,US-MIDA-PJM,454,2025-10-25T00:31:49.842Z,2025-10-13T00:09:40.208Z,lifecycle,False,,0,3,10,0,0.0,1.0
2025-10-16 01:00:00+00:00,US-MIDA-PJM,449,2025-10-25T00:32:05.147Z,2025-10-13T01:10:36.255Z,lifecycle,False,,1,3,10,0,0.25881904510252074,0.9659258262890683
2025-10-16 02:00:00+00:00,US-MIDA-PJM,443,2025-10-25T00:32:12.322Z,2025-10-13T02:10:13.594Z,lifecycle,False,,2,3,10,0,0.49999999999999994,0.8660254037844387
2025-10-16 03:00:00+00:00,US-MIDA-PJM,433,2025-10-25T00:32:05.147Z,2025-10-13T03:09:09.555Z,lifecycle,False,,3,3,10,0,0.7071067811865476,0.7071067811865476
2025-10-16 04:00:00+00:00,US-MIDA-PJM,421,2025-10-25T00:31:49.842Z,2025-10-13T04:10:30.039Z,lifecycle,False,,4,3,10,0,0.8660254037844386,0.5000000000000001
2025-10-16 05:00:00+00:00,US-MIDA-PJM,414,2025-10-25T00:31:49.842Z,2025-10-13T05:10:34.271Z,lifecycle,False,,5,3,10,0,0.9659258262890683,0.25881904510252074
2025-10-16 06:00:00+00:00,US-MIDA-PJM,407,2025-10-25T00:32:12.322Z,2025-10-13T06:11:33.886Z,lifecycle,False,,6,3,10,0,1.0,6.123233995736766e-17
2025-10-16 07:00:00+00:00,US-MIDA-PJM,405,2025-10-25T00:31:49.842Z,2025-10-13T07:10:29.792Z,lifecycle,False,,7,3,10,0,0.9659258262890683,-0.25881904510252063
2025-10-16 08:00:00+00:00,US-MIDA-PJM,403,2025-10-25T00:31:49.842Z,2025-10-13T08:10:51.000Z,lifecycle,False,,8,3,10,0,0.8660254037844387,-0.4999999999999998
2025-10-16 09:00:00+00:00,US-MIDA-PJM,408,2025-10-25T00:31:49.842Z,2025-10-13T09:13:00.422Z,lifecycle,False,,9,3,10,0,0.7071067811865476,-0.7071067811865475
2025-10-16 10:00:00+00:00,US-MIDA-PJM,414,2025-10-26T00:34:25.413Z,2025-10-13T10:10:33.581Z,lifecycle,False,,10,3,10,0,0.49999999999999994,-0.8660254037844387
2025-10-16 11:00:00+00:00,US-MIDA-PJM,425,2025-10-26T00:34:06.029Z,2025-10-13T11:10:24.432Z,lifecycle,False,,11,3,10,0,0.258819045102521,-0.9659258262890682
2025-10-16 12:00:00+00:00,US-MIDA-PJM,419,2025-10-26T00:34:25.941Z,2025-10-13T12:11:10.261Z,lifecycle,False,,12,3,10,0,1.2246467991473532e-16,-1.0
2025-10-16 13:00:00+00:00,US-MIDA-PJM,387,2025-10-26T00:34:25.941Z,2025-10-13T13:10:31.319Z,lifecycle,False,,13,3,10,0,-0.2588190451025208,-0.9659258262890683
2025-10-16 14:00:00+00:00,US-MIDA-PJM,367,2025-10-26T00:34:25.941Z,2025-10-13T14:10:52.979Z,lifecycle,False,,14,3,10,0,-0.4999999999999997,-0.8660254037844388
2025-10-16 15:00:00+00:00,US-MIDA-PJM,362,2025-10-26T00:34:25.941Z,2025-10-13T15:12:18.356Z,lifecycle,False,,15,3,10,0,-0.7071067811865471,-0.7071067811865479
2025-10-16 16:00:00+00:00,US-MIDA-PJM,363,2025-10-25T00:31:57.543Z,2025-10-13T16:11:58.160Z,lifecycle,False,,16,3,10,0,-0.8660254037844385,-0.5000000000000004
2025-10-16 17:00:00+00:00,US-MIDA-PJM,366,2025-10-26T00:34:25.413Z,2025-10-13T17:10:12.490Z,lifecycle,False,,17,3,10,0,-0.9659258262890683,-0.25881904510252063
2025-10-16 18:00:00+00:00,US-MIDA-PJM,368,2025-10-25T00:32:19.776Z,2025-10-13T18:10:06.550Z,lifecycle,False,,18,3,10,0,-1.0,-1.8369701987210297e-16
2025-10-16 19:00:00+00:00,US-MIDA-PJM,362,2025-10-25T00:32:19.776Z,2025-10-13T19:11:01.871Z,lifecycle,False,,19,3,10,0,-0.9659258262890684,0.2588190451025203
2025-10-16 20:00:00+00:00,US-MIDA-PJM,364,2025-10-25T00:32:10.042Z,2025-10-13T20:10:51.317Z,lifecycle,False,,20,3,10,0,-0.8660254037844386,0.5000000000000001
2025-10-16 21:00:00+00:00,US-MIDA-PJM,385,2025-10-25T00:32:10.042Z,2025-10-13T21:09:45.105Z,lifecycle,False,,21,3,10,0,-0.7071067811865477,0.7071067811865474
2025-10-16 22:00:00+00:00,US-MIDA-PJM,423,2025-10-25T00:32:19.776Z,2025-10-13T22:10:07.490Z,lifecycle,False,,22,3,10,0,-0.5000000000000004,0.8660254037844384
2025-10-16 23:00:00+00:00,US-MIDA-PJM,425,2025-10-25T00:32:19.776Z,2025-10-13T23:09:49.863Z,lifecycle,True,TIME_SLICER_AVERAGE,23,3,10,0,-0.25881904510252157,0.9659258262890681
2025-10-17 00:00:00+00:00,US-MIDA-PJM,425,2025-10-27T01:30:37.120Z,2025-10-14T00:10:24.333Z,lifecycle,False,,0,4,10,0,0.0,1.0
2025-10-17 01:00:00+00:00,US-MIDA-PJM,417,2025-10-27T01:30:37.120Z,2025-10-14T01:10:31.089Z,lifecycle,False,,1,4,10,0,0.25881904510252074,0.9659258262890683
2025-10-17 02:00:00+00:00,US-MIDA-PJM,413,2025-10-27T01:30:45.990Z,2025-10-14T02:09:58.029Z,lifecycle,False,,2,4,10,0,0.49999999999999994,0.8660254037844387
2025-10-17 03:00:00+00:00,US-MIDA-PJM,403,2025-10-27T01:30:45.990Z,2025-10-14T03:11:45.466Z,lifecycle,False,,3,4,10,0,0.7071067811865476,0.7071067811865476
2025-10-17 04:00:00+00:00,US-MIDA-PJM,404,2025-10-27T01:30:15.979Z,2025-10-14T04:11:28.482Z,lifecycle,False,,4,4,10,0,0.8660254037844386,0.5000000000000001
2025-10-17 05:00:00+00:00,US-MIDA-PJM,401,2025-10-27T01:30:45.990Z,2025-10-14T05:10:38.526Z,lifecycle,False,,5,4,10,0,0.9659258262890683,0.25881904510252074
2025-10-17 06:00:00+00:00,US-MIDA-PJM,394,2025-10-27T01:30:45.990Z,2025-10-14T06:11:01.208Z,lifecycle,False,,6,4,10,0,1.0,6.123233995736766e-17
2025-10-17 07:00:00+00:00,US-MIDA-PJM,391,2025-10-27T01:30:45.990Z,2025-10-14T07:10:23.754Z,lifecycle,False,,7,4,10,0,0.9659258262890683,-0.25881904510252063
2025-10-17 08:00:00+00:00,US-MIDA-PJM,388,2025-10-27T01:30:15.979Z,2025-10-14T08:11:31.471Z,lifecycle,False,,8,4,10,0,0.8660254037844387,-0.4999999999999998
2025-10-17 09:00:00+00:00,US-MIDA-PJM,398,2025-10-27T01:30:45.990Z,2025-10-14T09:10:48.230Z,lifecycle,False,,9,4,10,0,0.7071067811865476,-0.7071067811865475
2025-10-17 10:00:00+00:00,US-MIDA-PJM,401,2025-10-27T01:30:37.120Z,2025-10-14T10:12:14.489Z,lifecycle,False,,10,4,10,0,0.49999999999999994,-0.8660254037844387
2025-10-17 11:00:00+00:00,US-MIDA-PJM,412,2025-10-27T01:30:45.990Z,2025-10-14T11:11:57.102Z,lifecycle,False,,11,4,10,0,0.258819045102521,-0.9659258262890682
2025-10-17 12:00:00+00:00,US-MIDA-PJM,407,2025-10-27T01:30:15.979Z,2025-10-14T12:10:43.546Z,lifecycle,False,,12,4,10,0,1.2246467991473532e-16,-1.0
2025-10-17 13:00:00+00:00,US-MIDA-PJM,386,2025-10-27T01:30:37.120Z,2025-10-14T13:11:01.382Z,lifecycle,False,,13,4,10,0,-0.2588190451025208,-0.9659258262890683
2025-10-17 14:00:00+00:00,US-MIDA-PJM,371,2025-10-27T01:30:45.990Z,2025-10-14T14:10:49.613Z,lifecycle,False,,14,4,10,0,-0.4999999999999997,-0.8660254037844388
2025-10-17 15:00:00+00:00,US-MIDA-PJM,370,2025-10-27T01:30:37.120Z,2025-10-14T15:11:15.394Z,lifecycle,False,,15,4,10,0,-0.7071067811865471,-0.7071067811865479
2025-10-17 16:00:00+00:00,US-MIDA-PJM,369,2025-10-27T01:30:15.979Z,2025-10-14T16:10:54.063Z,lifecycle,False,,16,4,10,0,-0.8660254037844385,-0.5000000000000004
2025-10-17 17:00:00+00:00,US-MIDA-PJM,367,2025-10-27T01:30:45.990Z,2025-10-14T17:10:55.308Z,lifecycle,False,,17,4,10,0,-0.9659258262890683,-0.25881904510252063
2025-10-17 18:00:00+00:00,US-MIDA-PJM,363,2025-10-27T01:30:37.120Z,2025-10-14T18:10:13.197Z,lifecycle,False,,18,4,10,0,-1.0,-1.8369701987210297e-16
2025-10-17 19:00:00+00:00,US-MIDA-PJM,373,2025-10-27T01:30:15.979Z,2025-10-14T19:11:13.877Z,lifecycle,False,,19,4,10,0,-0.9659258262890684,0.2588190451025203
2025-10-17 20:00:00+00:00,US-MIDA-PJM,381,2025-10-27T01:30:45.990Z,2025-10-14T20:11:30.596Z,lifecycle,False,,20,4,10,0,-0.8660254037844386,0.5000000000000001
2025-10-17 21:00:00+00:00,US-MIDA-PJM,392,2025-10-27T01:30:15.979Z,2025-10-14T21:10:05.429Z,lifecycle,False,,21,4,10,0,-0.7071067811865477,0.7071067811865474
2025-10-17 22:00:00+00:00,US-MIDA-PJM,413,2025-10-27T01:30:15.979Z,2025-10-14T22:11:13.498Z,lifecycle,False,,22,4,10,0,-0.5000000000000004,0.8660254037844384
2025-10-17 23:00:00+00:00,US-MIDA-PJM,415,2025-10-27T01:30:45.990Z,2025-10-14T23:10:06.110Z,lifecycle,True,TIME_SLICER_AVERAGE,23,4,10,0,-0.25881904510252157,0.9659258262890681
2025-10-18 00:00:00+00:00,US-MIDA-PJM,416,2025-10-27T01:30:37.120Z,2025-10-15T00:10:27.437Z,lifecycle,False,,0,5,10,1,0.0,1.0
2025-10-18 01:00:00+00:00,US-MIDA-PJM,412,2025-10-27T01:30:37.120Z,2025-10-15T01:10:27.010Z,lifecycle,False,,1,5,10,1,0.25881904510252074,0.9659258262890683
2025-10-18 02:00:00+00:00,US-MIDA-PJM,406,2025-10-27T01:30:15.979Z,2025-10-15T02:10:19.304Z,lifecycle,False,,2,5,10,1,0.49999999999999994,0.8660254037844387
2025-10-18 03:00:00+00:00,US-MIDA-PJM,394,2025-10-27T01:30:45.990Z,2025-10-15T03:12:06.890Z,lifecycle,False,,3,5,10,1,0.7071067811865476,0.7071067811865476
2025-10-18 04:00:00+00:00,US-MIDA-PJM,384,2025-10-27T01:30:37.120Z,2025-10-15T04:13:04.727Z,lifecycle,False,,4,5,10,1,0.8660254037844386,0.5000000000000001
2025-10-18 05:00:00+00:00,US-MIDA-PJM,376,2025-10-27T01:30:37.120Z,2025-10-15T05:10:47.289Z,lifecycle,False,,5,5,10,1,0.9659258262890683,0.25881904510252074
2025-10-18 06:00:00+00:00,US-MIDA-PJM,374,2025-10-27T01:30:45.990Z,2025-10-15T06:12:23.164Z,lifecycle,False,,6,5,10,1,1.0,6.123233995736766e-17
2025-10-18 07:00:00+00:00,US-MIDA-PJM,376,2025-10-27T01:30:45.990Z,2025-10-15T07:10:45.412Z,lifecycle,False,,7,5,10,1,0.9659258262890683,-0.25881904510252063
2025-10-18 08:00:00+00:00,US-MIDA-PJM,376,2025-10-27T01:30:37.120Z,2025-10-15T08:10:38.656Z,lifecycle,False,,8,5,10,1,0.8660254037844387,-0.4999999999999998
2025-10-18 09:00:00+00:00,US-MIDA-PJM,376,2025-10-27T01:30:45.990Z,2025-10-15T09:10:21.422Z,lifecycle,False,,9,5,10,1,0.7071067811865476,-0.7071067811865475
2025-10-18 10:00:00+00:00,US-MIDA-PJM,374,2025-10-27T01:30:45.990Z,2025-10-15T10:10:31.480Z,lifecycle,False,,10,5,10,1,0.49999999999999994,-0.8660254037844387
2025-10-18 11:00:00+00:00,US-MIDA-PJM,381,2025-10-27T01:30:45.990Z,2025-10-15T11:11:07.112Z,lifecycle,False,,11,5,10,1,0.258819045102521,-0.9659258262890682
2025-10-18 12:00:00+00:00,US-MIDA-PJM,380,2025-10-27T01:30:45.990Z,2025-10-15T12:10:19.139Z,lifecycle,False,,12,5,10,1,1.2246467991473532e-16,-1.0
2025-10-18 13:00:00+00:00,US-MIDA-PJM,356,2025-10-27T01:30:45.990Z,2025-10-15T13:10:38.313Z,lifecycle,False,,13,5,10,1,-0.2588190451025208,-0.9659258262890683
2025-10-18 14:00:00+00:00,US-MIDA-PJM,345,2025-10-27T01:30:37.120Z,2025-10-15T14:10:58.924Z,lifecycle,False,,14,5,10,1,-0.4999999999999997,-0.8660254037844388
2025-10-18 15:00:00+00:00,US-MIDA-PJM,347,2025-10-27T01:30:37.120Z,2025-10-15T15:10:32.246Z,lifecycle,False,,15,5,10,1,-0.7071067811865471,-0.7071067811865479
2025-10-18 16:00:00+00:00,US-MIDA-PJM,341,2025-10-27T01:30:15.979Z,2025-10-15T16:11:08.829Z,lifecycle,False,,16,5,10,1,-0.8660254037844385,-0.5000000000000004
2025-10-18 17:00:00+00:00,US-MIDA-PJM,343,2025-10-27T01:31:02.878Z,2025-10-15T17:11:33.283Z,lifecycle,False,,17,5,10,1,-0.9659258262890683,-0.25881904510252063
2025-10-18 18:00:00+00:00,US-MIDA-PJM,348,2025-10-27T01:30:15.979Z,2025-10-15T18:10:54.342Z,lifecycle,False,,18,5,10,1,-1.0,-1.8369701987210297e-16
2025-10-18 19:00:00+00:00,US-MIDA-PJM,359,2025-10-27T01:30:23.712Z,2025-10-15T19:10:51.788Z,lifecycle,False,,19,5,10,1,-0.9659258262890684,0.2588190451025203
2025-10-18 20:00:00+00:00,US-MIDA-PJM,367,2025-10-27T01:30:23.712Z,2025-10-15T20:10:18.190Z,lifecycle,False,,20,5,10,1,-0.8660254037844386,0.5000000000000001
2025-10-18 21:00:00+00:00,US-MIDA-PJM,384,2025-10-27T01:30:23.712Z,2025-10-15T21:11:10.804Z,lifecycle,False,,21,5,10,1,-0.7071067811865477,0.7071067811865474
2025-10-18 22:00:00+00:00,US-MIDA-PJM,404,2025-10-27T01:30:23.712Z,2025-10-15T22:10:48.269Z,lifecycle,False,,22,5,10,1,-0.5000000000000004,0.8660254037844384
2025-10-18 23:00:00+00:00,US-MIDA-PJM,409,2025-10-27T01:31:02.878Z,2025-10-15T23:10:19.660Z,lifecycle,True,TIME_SLICER_AVERAGE,23,5,10,1,-0.25881904510252157,0.9659258262890681
2025-10-19 00:00:00+00:00,US-MIDA-PJM,413,2025-10-27T01:30:23.712Z,2025-10-16T00:12:17.245Z,lifecycle,False,,0,6,10,1,0.0,1.0
2025-10-19 01:00:00+00:00,US-MIDA-PJM,418,2025-10-27T01:31:02.878Z,2025-10-16T01:10:22.095Z,lifecycle,False,,1,6,10,1,0.25881904510252074,0.9659258262890683
2025-10-19 02:00:00+00:00,US-MIDA-PJM,412,2025-10-27T01:30:23.712Z,2025-10-16T02:10:15.029Z,lifecycle,False,,2,6,10,1,0.49999999999999994,0.8660254037844387
2025-10-19 03:00:00+00:00,US-MIDA-PJM,414,2025-10-27T01:30:23.712Z,2025-10-16T03:10:56.112Z,lifecycle,False,,3,6,10,1,0.7071067811865476,0.7071067811865476
2025-10-19 04:00:00+00:00,US-MIDA-PJM,405,2025-10-27T01:30:23.712Z,2025-10-16T04:10:16.078Z,lifecycle,False,,4,6,10,1,0.8660254037844386,0.5000000000000001
2025-10-19 05:00:00+00:00,US-MIDA-PJM,397,2025-10-27T01:30:44.894Z,2025-10-16T05:10:41.071Z,lifecycle,False,,5,6,10,1,0.9659258262890683,0.25881904510252074
2025-10-19 06:00:00+00:00,US-MIDA-PJM,387,2025-10-27T01:31:02.878Z,2025-10-16T06:10:21.943Z,lifecycle,False,,6,6,10,1,1.0,6.123233995736766e-17
2025-10-19 07:00:00+00:00,US-MIDA-PJM,374,2025-10-27T01:30:44.894Z,2025-10-16T07:10:27.549Z,lifecycle,False,,7,6,10,1,0.9659258262890683,-0.25881904510252063
2025-10-19 08:00:00+00:00,US-MIDA-PJM,355,2025-10-27T01:31:02.878Z,2025-10-16T08:10:39.673Z,lifecycle,False,,8,6,10,1,0.8660254037844387,-0.4999999999999998
2025-10-19 09:00:00+00:00,US-MIDA-PJM,351,2025-10-27T01:30:23.712Z,2025-10-16T09:10:51.494Z,lifecycle,False,,9,6,10,1,0.7071067811865476,-0.7071067811865475
2025-10-19 10:00:00+00:00,US-MIDA-PJM,353,2025-10-27T01:30:44.894Z,2025-10-16T10:10:42.123Z,lifecycle,False,,10,6,10,1,0.49999999999999994,-0.8660254037844387
2025-10-19 11:00:00+00:00,US-MIDA-PJM,353,2025-10-27T01:31:02.878Z,2025-10-16T11:11:12.128Z,lifecycle,False,,11,6,10,1,0.258819045102521,-0.9659258262890682
2025-10-19 12:00:00+00:00,US-MIDA-PJM,348,2025-10-27T01:30:23.712Z,2025-10-16T12:10:26.103Z,lifecycle,False,,12,6,10,1,1.2246467991473532e-16,-1.0
2025-10-19 13:00:00+00:00,US-MIDA-PJM,340,2025-10-27T01:31:02.878Z,2025-10-16T13:10:52.885Z,lifecycle,False,,13,6,10,1,-0.2588190451025208,-0.9659258262890683
2025-10-19 14:00:00+00:00,US-MIDA-PJM,336,2025-10-27T01:31:02.878Z,2025-10-16T14:11:02.881Z,lifecycle,False,,14,6,10,1,-0.4999999999999997,-0.8660254037844388
2025-10-19 15:00:00+00:00,US-MIDA-PJM,332,2025-10-27T01:30:23.712Z,2025-10-16T15:10:31.647Z,lifecycle,False,,15,6,10,1,-0.7071067811865471,-0.7071067811865479
2025-10-19 16:00:00+00:00,US-MIDA-PJM,330,2025-10-27T01:30:23.712Z,2025-10-16T16:10:44.793Z,lifecycle,False,,16,6,10,1,-0.8660254037844385,-0.5000000000000004
2025-10-19 17:00:00+00:00,US-MIDA-PJM,335,2025-10-27T01:30:23.712Z,2025-10-16T17:11:02.859Z,lifecycle,False,,17,6,10,1,-0.9659258262890683,-0.25881904510252063
2025-10-19 18:00:00+00:00,US-MIDA-PJM,331,2025-10-27T01:30:44.894Z,2025-10-16T18:10:24.726Z,lifecycle,False,,18,6,10,1,-1.0,-1.8369701987210297e-16
2025-10-19 19:00:00+00:00,US-MIDA-PJM,334,2025-10-27T01:31:02.878Z,2025-10-16T19:10:48.415Z,lifecycle,False,,19,6,10,1,-0.9659258262890684,0.2588190451025203
2025-10-19 20:00:00+00:00,US-MIDA-PJM,346,2025-10-27T01:31:02.878Z,2025-10-16T20:10:30.820Z,lifecycle,False,,20,6,10,1,-0.8660254037844386,0.5000000000000001
2025-10-19 21:00:00+00:00,US-MIDA-PJM,354,2025-10-27T01:30:23.712Z,2025-10-16T21:10:35.136Z,lifecycle,False,,21,6,10,1,-0.7071067811865477,0.7071067811865474
2025-10-19 22:00:00+00:00,US-MIDA-PJM,361,2025-10-27T01:30:44.894Z,2025-10-16T22:10:44.670Z,lifecycle,False,,22,6,10,1,-0.5000000000000004,0.8660254037844384
2025-10-19 23:00:00+00:00,US-MIDA-PJM,371,2025-10-27T01:31:02.878Z,2025-10-16T23:10:39.987Z,lifecycle,True,TIME_SLICER_AVERAGE,23,6,10,1,-0.25881904510252157,0.9659258262890681
2025-10-20 00:00:00+00:00,US-MIDA-PJM,380,2025-10-27T01:30:23.712Z,2025-10-17T00:10:59.032Z,lifecycle,False,,0,0,10,0,0.0,1.0
2025-10-20 01:00:00+00:00,US-MIDA-PJM,378,2025-10-27T01:31:02.878Z,2025-10-17T01:10:02.503Z,lifecycle,False,,1,0,10,0,0.25881904510252074,0.9659258262890683
2025-10-20 02:00:00+00:00,US-MIDA-PJM,374,2025-10-27T01:30:23.712Z,2025-10-17T02:10:26.193Z,lifecycle,False,,2,0,10,0,0.49999999999999994,0.8660254037844387
2025-10-20 03:00:00+00:00,US-MIDA-PJM,371,2025-10-27T01:30:44.894Z,2025-10-17T03:10:49.884Z,lifecycle,False,,3,0,10,0,0.7071067811865476,0.7071067811865476
2025-10-20 04:00:00+00:00,US-MIDA-PJM,369,2025-10-27T01:30:23.712Z,2025-10-17T04:10:57.397Z,lifecycle,False,,4,0,10,0,0.8660254037844386,0.5000000000000001
2025-10-20 05:00:00+00:00,US-MIDA-PJM,364,2025-10-27T01:30:44.894Z,2025-10-17T05:10:31.116Z,lifecycle,False,,5,0,10,0,0.9659258262890683,0.25881904510252074
2025-10-20 06:00:00+00:00,US-MIDA-PJM,362,2025-10-27T01:30:44.894Z,2025-10-17T06:11:10.887Z,lifecycle,False,,6,0,10,0,1.0,6.123233995736766e-17
2025-10-20 07:00:00+00:00,US-MIDA-PJM,363,2025-10-27T01:30:44.894Z,2025-10-17T07:09:13.983Z,lifecycle,False,,7,0,10,0,0.9659258262890683,-0.25881904510252063
2025-10-20 08:00:00+00:00,US-MIDA-PJM,367,2025-10-27T01:30:23.712Z,2025-10-17T08:09:26.764Z,lifecycle,False,,8,0,10,0,0.8660254037844387,-0.4999999999999998
2025-10-20 09:00:00+00:00,US-MIDA-PJM,375,2025-10-27T01:30:23.712Z,2025-10-17T09:12:04.534Z,lifecycle,False,,9,0,10,0,0.7071067811865476,-0.7071067811865475
2025-10-20 10:00:00+00:00,US-MIDA-PJM,379,2025-10-27T01:30:48.854Z,2025-10-17T10:11:37.271Z,lifecycle,False,,10,0,10,0,0.49999999999999994,-0.8660254037844387
2025-10-20 11:00:00+00:00,US-MIDA-PJM,389,2025-10-27T01:30:48.854Z,2025-10-17T11:11:08.691Z,lifecycle,False,,11,0,10,0,0.258819045102521,-0.9659258262890682
2025-10-20 12:00:00+00:00,US-MIDA-PJM,388,2025-10-27T01:30:27.625Z,2025-10-17T12:12:07.710Z,lifecycle,False,,12,0,10,0,1.2246467991473532e-16,-1.0
2025-10-20 13:00:00+00:00,US-MIDA-PJM,361,2025-10-27T01:30:48.854Z,2025-10-17T13:12:05.826Z,lifecycle,False,,13,0,10,0,-0.2588190451025208,-0.9659258262890683
2025-10-20 14:00:00+00:00,US-MIDA-PJM,349,2025-10-27T01:31:06.363Z,2025-10-17T14:11:15.270Z,lifecycle,False,,14,0,10,0,-0.4999999999999997,-0.8660254037844388
2025-10-20 15:00:00+00:00,US-MIDA-PJM,348,2025-10-27T01:31:06.363Z,2025-10-17T15:10:41.566Z,lifecycle,False,,15,0,10,0,-0.7071067811865471,-0.7071067811865479
2025-10-20 16:00:00+00:00,US-MIDA-PJM,337,2025-10-27T01:30:48.854Z,2025-10-17T16:09:28.400Z,lifecycle,False,,16,0,10,0,-0.8660254037844385,-0.5000000000000004
2025-10-20 17:00:00+00:00,US-MIDA-PJM,338,2025-10-27T01:30:48.854Z,2025-10-17T17:13:32.347Z,lifecycle,False,,17,0,10,0,-0.9659258262890683,-0.25881904510252063
2025-10-20 18:00:00+00:00,US-MIDA-PJM,339,2025-10-27T01:30:27.625Z,2025-10-17T18:12:08.303Z,lifecycle,False,,18,0,10,0,-1.0,-1.8369701987210297e-16
2025-10-20 19:00:00+00:00,US-MIDA-PJM,331,2025-10-27T01:31:06.363Z,2025-10-17T19:11:16.604Z,lifecycle,False,,19,0,10,0,-0.9659258262890684,0.2588190451025203
2025-10-20 20:00:00+00:00,US-MIDA-PJM,331,2025-10-27T01:30:27.625Z,2025-10-17T20:11:48.050Z,lifecycle,False,,20,0,10,0,-0.8660254037844386,0.5000000000000001
2025-10-20 21:00:00+00:00,US-MIDA-PJM,359,2025-10-27T01:31:06.363Z,2025-10-17T21:11:49.225Z,lifecycle,False,,21,0,10,0,-0.7071067811865477,0.7071067811865474
2025-10-20 22:00:00+00:00,US-MIDA-PJM,389,2025-10-27T01:30:27.625Z,2025-10-17T22:10:26.636Z,lifecycle,False,,22,0,10,0,-0.5000000000000004,0.8660254037844384
2025-10-20 23:00:00+00:00,US-MIDA-PJM,396,2025-10-27T01:30:48.854Z,2025-10-17T23:10:10.561Z,lifecycle,True,TIME_SLICER_AVERAGE,23,0,10,0,-0.25881904510252157,0.9659258262890681
2025-10-21 00:00:00+00:00,US-MIDA-PJM,399,2025-10-27T01:30:27.625Z,2025-10-18T00:09:53.458Z,lifecycle,False,,0,1,10,0,0.0,1.0
2025-10-21 01:00:00+00:00,US-MIDA-PJM,393,2025-10-23T14:10:46.234Z,2025-10-18T01:10:00.000Z,lifecycle,False,,1,1,10,0,0.25881904510252074,0.9659258262890683
2025-10-21 02:00:00+00:00,US-MIDA-PJM,384,2025-10-23T14:11:00.376Z,2025-10-18T02:10:52.287Z,lifecycle,False,,2,1,10,0,0.49999999999999994,0.8660254037844387
2025-10-21 03:00:00+00:00,US-MIDA-PJM,379,2025-10-23T14:11:08.638Z,2025-10-18T03:10:15.286Z,lifecycle,False,,3,1,10,0,0.7071067811865476,0.7071067811865476
2025-10-21 04:00:00+00:00,US-MIDA-PJM,373,2025-10-23T12:11:34.393Z,2025-10-18T04:10:03.471Z,lifecycle,False,,4,1,10,0,0.8660254037844386,0.5000000000000001
2025-10-21 05:00:00+00:00,US-MIDA-PJM,369,2025-10-24T04:41:13.085Z,2025-10-18T05:10:24.333Z,lifecycle,False,,5,1,10,0,0.9659258262890683,0.25881904510252074
2025-10-21 06:00:00+00:00,US-MIDA-PJM,373,2025-10-24T04:41:13.085Z,2025-10-18T06:10:49.461Z,lifecycle,False,,6,1,10,0,1.0,6.123233995736766e-17
2025-10-21 07:00:00+00:00,US-MIDA-PJM,371,2025-10-24T04:40:40.204Z,2025-10-18T07:11:09.529Z,lifecycle,False,,7,1,10,0,0.9659258262890683,-0.25881904510252063
2025-10-21 08:00:00+00:00,US-MIDA-PJM,375,2025-10-24T04:40:59.177Z,2025-10-18T08:10:27.776Z,lifecycle,False,,8,1,10,0,0.8660254037844387,-0.4999999999999998
2025-10-21 09:00:00+00:00,US-MIDA-PJM,378,2025-10-24T04:40:59.177Z,2025-10-18T09:08:50.538Z,lifecycle,False,,9,1,10,0,0.7071067811865476,-0.7071067811865475
2025-10-21 10:00:00+00:00,US-MIDA-PJM,376,2025-10-24T10:26:30.678Z,2025-10-18T10:09:47.218Z,lifecycle,False,,10,1,10,0,0.49999999999999994,-0.8660254037844387
2025-10-21 11:00:00+00:00,US-MIDA-PJM,386,2025-10-24T11:09:03.539Z,2025-10-18T11:09:25.322Z,lifecycle,False,,11,1,10,0,0.258819045102521,-0.9659258262890682
2025-10-21 12:00:00+00:00,US-MIDA-PJM,380,2025-10-24T11:09:21.251Z,2025-10-18T12:10:03.024Z,lifecycle,False,,12,1,10,0,1.2246467991473532e-16,-1.0
2025-10-21 13:00:00+00:00,US-MIDA-PJM,352,2025-10-24T04:41:13.085Z,2025-10-18T13:10:47.399Z,lifecycle,False,,13,1,10,0,-0.2588190451025208,-0.9659258262890683
2025-10-21 14:00:00+00:00,US-MIDA-PJM,336,2025-10-24T04:40:59.177Z,2025-10-18T14:10:23.439Z,lifecycle,False,,14,1,10,0,-0.4999999999999997,-0.8660254037844388
2025-10-21 15:00:00+00:00,US-MIDA-PJM,331,2025-10-24T04:40:59.177Z,2025-10-18T15:10:21.430Z,lifecycle,False,,15,1,10,0,-0.7071067811865471,-0.7071067811865479
2025-10-21 16:00:00+00:00,US-MIDA-PJM,329,2025-10-24T04:40:40.204Z,2025-10-18T16:10:59.595Z,lifecycle,False,,16,1,10,0,-0.8660254037844385,-0.5000000000000004
2025-10-21 17:00:00+00:00,US-MIDA-PJM,331,2025-10-24T04:40:59.177Z,2025-10-18T17:11:10.879Z,lifecycle,False,,17,1,10,0,-0.9659258262890683,-0.25881904510252063
2025-10-21 18:00:00+00:00,US-MIDA-PJM,331,2025-10-24T04:41:16.752Z,2025-10-18T18:12:00.926Z,lifecycle,False,,18,1,10,0,-1.0,-1.8369701987210297e-16
2025-10-21 19:00:00+00:00,US-MIDA-PJM,332,2025-10-24T04:40:40.204Z,2025-10-18T19:10:38.419Z,lifecycle,False,,19,1,10,0,-0.9659258262890684,0.2588190451025203
2025-10-21 20:00:00+00:00,US-MIDA-PJM,345,2025-10-24T06:25:49.188Z,2025-10-18T20:11:15.515Z,lifecycle,False,,20,1,10,0,-0.8660254037844386,0.5000000000000001
2025-10-21 21:00:00+00:00,US-MIDA-PJM,370,2025-10-24T04:41:16.752Z,2025-10-18T21:10:13.537Z,lifecycle,False,,21,1,10,0,-0.7071067811865477,0.7071067811865474
2025-10-21 22:00:00+00:00,US-MIDA-PJM,391,2025-10-24T10:39:36.353Z,2025-10-18T22:12:06.899Z,lifecycle,False,,22,1,10,0,-0.5000000000000004,0.8660254037844384
2025-10-21 23:00:00+00:00,US-MIDA-PJM,394,2025-10-24T10:10:23.488Z,2025-10-18T23:10:13.422Z,lifecycle,True,TIME_SLICER_AVERAGE,23,1,10,0,-0.25881904510252157,0.9659258262890681
2025-10-22 00:00:00+00:00,US-MIDA-PJM,396,2025-10-24T10:10:36.470Z,2025-10-19T00:09:36.794Z,lifecycle,False,,0,2,10,0,0.0,1.0
2025-10-22 01:00:00+00:00,US-MIDA-PJM,397,2025-10-24T10:10:36.470Z,2025-10-19T01:09:46.658Z,lifecycle,False,,1,2,10,0,0.25881904510252074,0.9659258262890683
2025-10-22 02:00:00+00:00,US-MIDA-PJM,388,2025-10-24T15:24:09.253Z,2025-10-19T02:10:20.421Z,lifecycle,False,,2,2,10,0,0.49999999999999994,0.8660254037844387
2025-10-22 03:00:00+00:00,US-MIDA-PJM,381,2025-10-24T15:24:09.253Z,2025-10-19T03:10:10.098Z,lifecycle,False,,3,2,10,0,0.7071067811865476,0.7071067811865476
2025-10-22 04:00:00+00:00,US-MIDA-PJM,373,2025-10-24T15:24:16.832Z,2025-10-19T04:10:17.575Z,lifecycle,False,,4,2,10,0,0.8660254037844386,0.5000000000000001
2025-10-22 05:00:00+00:00,US-MIDA-PJM,369,2025-10-24T15:24:20.432Z,2025-10-19T05:10:23.135Z,lifecycle,False,,5,2,10,0,0.9659258262890683,0.25881904510252074
2025-10-22 06:00:00+00:00,US-MIDA-PJM,364,2025-10-24T15:24:09.253Z,2025-10-19T06:10:14.958Z,lifecycle,False,,6,2,10,0,1.0,6.123233995736766e-17
2025-10-22 07:00:00+00:00,US-MIDA-PJM,357,2025-10-24T15:23:56.601Z,2025-10-19T07:10:10.936Z,lifecycle,False,,7,2,10,0,0.9659258262890683,-0.25881904510252063
2025-10-22 08:00:00+00:00,US-MIDA-PJM,355,2025-10-24T12:25:28.569Z,2025-10-19T08:12:17.422Z,lifecycle,False,,8,2,10,0,0.8660254037844387,-0.4999999999999998
2025-10-22 09:00:00+00:00,US-MIDA-PJM,362,2025-10-24T12:25:38.712Z,2025-10-19T09:09:39.738Z,lifecycle,False,,9,2,10,0,0.7071067811865476,-0.7071067811865475
2025-10-22 10:00:00+00:00,US-MIDA-PJM,370,2025-10-24T12:25:16.736Z,2025-10-19T10:10:09.120Z,lifecycle,False,,10,2,10,0,0.49999999999999994,-0.8660254037844387
2025-10-22 11:00:00+00:00,US-MIDA-PJM,382,2025-10-24T12:25:16.736Z,2025-10-19T11:10:40.013Z,lifecycle,False,,11,2,10,0,0.258819045102521,-0.9659258262890682
2025-10-22 12:00:00+00:00,US-MIDA-PJM,380,2025-10-24T12:25:38.712Z,2025-10-19T12:10:41.700Z,lifecycle,False,,12,2,10,0,1.2246467991473532e-16,-1.0
2025-10-22 13:00:00+00:00,US-MIDA-PJM,365,2025-10-25T12:25:24.136Z,2025-10-19T13:10:43.380Z,lifecycle,False,,13,2,10,0,-0.2588190451025208,-0.9659258262890683
2025-10-22 14:00:00+00:00,US-MIDA-PJM,353,2025-10-25T12:25:24.136Z,2025-10-19T14:09:31.237Z,lifecycle,False,,14,2,10,0,-0.4999999999999997,-0.8660254037844388
2025-10-22 15:00:00+00:00,US-MIDA-PJM,355,2025-10-25T12:25:37.702Z,2025-10-19T15:11:07.501Z,lifecycle,False,,15,2,10,0,-0.7071067811865471,-0.7071067811865479
2025-10-22 16:00:00+00:00,US-MIDA-PJM,355,2025-10-25T12:25:37.702Z,2025-10-19T16:09:39.682Z,lifecycle,False,,16,2,10,0,-0.8660254037844385,-0.5000000000000004
2025-10-22 17:00:00+00:00,US-MIDA-PJM,359,2025-10-25T12:25:37.702Z,2025-10-19T17:10:50.238Z,lifecycle,False,,17,2,10,0,-0.9659258262890683,-0.25881904510252063
2025-10-22 18:00:00+00:00,US-MIDA-PJM,361,2025-10-25T12:25:45.116Z,2025-10-19T18:11:10.570Z,lifecycle,False,,18,2,10,0,-1.0,-1.8369701987210297e-16
2025-10-22 19:00:00+00:00,US-MIDA-PJM,358,2025-10-25T12:25:24.136Z,2025-10-19T19:11:45.392Z,lifecycle,False,,19,2,10,0,-0.9659258262890684,0.2588190451025203
2025-10-22 20:00:00+00:00,US-MIDA-PJM,362,2025-10-24T12:25:28.569Z,2025-10-19T20:10:35.982Z,lifecycle,False,,20,2,10,0,-0.8660254037844386,0.5000000000000001
2025-10-22 21:00:00+00:00,US-MIDA-PJM,382,2025-10-24T12:25:16.736Z,2025-10-19T21:09:53.362Z,lifecycle,False,,21,2,10,0,-0.7071067811865477,0.7071067811865474
2025-10-22 22:00:00+00:00,US-MIDA-PJM,404,2025-10-24T12:25:38.712Z,2025-10-19T22:10:26.787Z,lifecycle,False,,22,2,10,0,-0.5000000000000004,0.8660254037844384
2025-10-22 23:00:00+00:00,US-MIDA-PJM,414,2025-10-24T12:25:28.569Z,2025-10-19T23:09:46.058Z,lifecycle,True,TIME_SLICER_AVERAGE,23,2,10,0,-0.25881904510252157,0.9659258262890681
2025-10-23 00:00:00+00:00,US-MIDA-PJM,422,2025-10-24T12:25:28.569Z,2025-10-20T00:09:53.884Z,lifecycle,False,,0,3,10,0,0.0,1.0
2025-10-23 01:00:00+00:00,US-MIDA-PJM,422,2025-10-25T12:25:24.136Z,2025-10-20T01:09:31.043Z,lifecycle,False,,1,3,10,0,0.25881904510252074,0.9659258262890683
2025-10-23 02:00:00+00:00,US-MIDA-PJM,414,2025-10-25T12:25:24.136Z,2025-10-20T02:10:09.101Z,lifecycle,False,,2,3,10,0,0.49999999999999994,0.8660254037844387
2025-10-23 03:00:00+00:00,US-MIDA-PJM,411,2025-10-25T12:25:37.702Z,2025-10-20T03:10:08.097Z,lifecycle,False,,3,3,10,0,0.7071067811865476,0.7071067811865476
2025-10-23 04:00:00+00:00,US-MIDA-PJM,408,2025-10-25T12:25:24.136Z,2025-10-20T04:10:16.055Z,lifecycle,False,,4,3,10,0,0.8660254037844386,0.5000000000000001
2025-10-23 05:00:00+00:00,US-MIDA-PJM,403,2025-10-25T12:40:59.057Z,2025-10-20T05:10:02.605Z,lifecycle,False,,5,3,10,0,0.9659258262890683,0.25881904510252074
2025-10-23 06:00:00+00:00,US-MIDA-PJM,401,2025-10-25T12:40:59.057Z,2025-10-20T06:11:08.520Z,lifecycle,False,,6,3,10,0,1.0,6.123233995736766e-17
2025-10-23 07:00:00+00:00,US-MIDA-PJM,400,2025-10-25T12:25:24.136Z,2025-10-20T07:09:52.112Z,lifecycle,False,,7,3,10,0,0.9659258262890683,-0.25881904510252063
2025-10-23 08:00:00+00:00,US-MIDA-PJM,399,2025-10-25T12:40:36.586Z,2025-10-20T08:09:58.206Z,lifecycle,False,,8,3,10,0,0.8660254037844387,-0.4999999999999998
2025-10-23 09:00:00+00:00,US-MIDA-PJM,399,2025-10-25T12:40:36.586Z,2025-10-20T09:10:54.189Z,lifecycle,False,,9,3,10,0,0.7071067811865476,-0.7071067811865475
2025-10-23 10:00:00+00:00,US-MIDA-PJM,409,2025-10-25T12:40:59.057Z,2025-10-20T10:10:59.842Z,lifecycle,False,,10,3,10,0,0.49999999999999994,-0.8660254037844387
2025-10-23 11:00:00+00:00,US-MIDA-PJM,417,2025-10-25T12:40:59.057Z,2025-10-20T11:12:07.024Z,lifecycle,False,,11,3,10,0,0.258819045102521,-0.9659258262890682
2025-10-23 12:00:00+00:00,US-MIDA-PJM,416,2025-10-25T12:40:59.057Z,2025-10-20T12:11:21.672Z,lifecycle,False,,12,3,10,0,1.2246467991473532e-16,-1.0
2025-10-23 13:00:00+00:00,US-MIDA-PJM,395,2025-10-25T12:41:25.985Z,2025-10-20T13:12:25.058Z,lifecycle,False,,13,3,10,0,-0.2588190451025208,-0.9659258262890683
2025-10-23 14:00:00+00:00,US-MIDA-PJM,384,2025-10-25T12:40:36.586Z,2025-10-20T14:11:48.138Z,lifecycle,False,,14,3,10,0,-0.4999999999999997,-0.8660254037844388
2025-10-23 15:00:00+00:00,US-MIDA-PJM,379,2025-10-25T12:40:59.057Z,2025-10-20T15:10:20.267Z,lifecycle,False,,15,3,10,0,-0.7071067811865471,-0.7071067811865479
2025-10-23 16:00:00+00:00,US-MIDA-PJM,371,2025-10-25T12:41:25.985Z,2025-10-20T16:10:14.303Z,lifecycle,False,,16,3,10,0,-0.8660254037844385,-0.5000000000000004
2025-10-23 17:00:00+00:00,US-MIDA-PJM,370,2025-10-25T12:40:59.057Z,2025-10-20T17:10:26.097Z,lifecycle,False,,17,3,10,0,-0.9659258262890683,-0.25881904510252063
2025-10-23 18:00:00+00:00,US-MIDA-PJM,369,2025-10-25T12:41:25.985Z,2025-10-20T18:11:36.559Z,lifecycle,False,,18,3,10,0,-1.0,-1.8369701987210297e-16
2025-10-23 19:00:00+00:00,US-MIDA-PJM,366,2025-10-25T12:40:59.057Z,2025-10-20T19:11:28.056Z,lifecycle,False,,19,3,10,0,-0.9659258262890684,0.2588190451025203
2025-10-23 20:00:00+00:00,US-MIDA-PJM,362,2025-10-25T12:41:25.985Z,2025-10-20T20:10:37.363Z,lifecycle,False,,20,3,10,0,-0.8660254037844386,0.5000000000000001
2025-10-23 21:00:00+00:00,US-MIDA-PJM,378,2025-10-25T12:40:36.586Z,2025-10-20T21:11:53.480Z,lifecycle,False,,21,3,10,0,-0.7071067811865477,0.7071067811865474
2025-10-23 22:00:00+00:00,US-MIDA-PJM,406,2025-10-25T12:25:37.702Z,2025-10-20T22:11:41.330Z,lifecycle,False,,22,3,10,0,-0.5000000000000004,0.8660254037844384
2025-10-23 23:00:00+00:00,US-MIDA-PJM,418,2025-10-25T12:41:25.985Z,2025-10-20T23:11:49.427Z,lifecycle,True,TIME_SLICER_AVERAGE,23,3,10,0,-0.25881904510252157,0.9659258262890681
2025-10-24 00:00:00+00:00,US-MIDA-PJM,427,2025-10-25T12:40:59.057Z,2025-10-21T00:10:40.158Z,lifecycle,False,,0,4,10,0,0.0,1.0
2025-10-24 01:00:00+00:00,US-MIDA-PJM,428,2025-10-27T01:24:49.413Z,2025-10-21T01:10:47.482Z,lifecycle,False,,1,4,10,0,0.25881904510252074,0.9659258262890683
2025-10-24 02:00:00+00:00,US-MIDA-PJM,423,2025-10-27T01:24:56.815Z,2025-10-21T02:09:50.197Z,lifecycle,False,,2,4,10,0,0.49999999999999994,0.8660254037844387
2025-10-24 03:00:00+00:00,US-MIDA-PJM,424,2025-10-27T01:24:49.413Z,2025-10-21T03:11:15.000Z,lifecycle,False,,3,4,10,0,0.7071067811865476,0.7071067811865476
2025-10-24 04:00:00+00:00,US-MIDA-PJM,420,2025-10-26T12:25:28.981Z,2025-10-21T04:10:20.257Z,lifecycle,False,,4,4,10,0,0.8660254037844386,0.5000000000000001
2025-10-24 05:00:00+00:00,US-MIDA-PJM,417,2025-10-27T01:24:49.413Z,2025-10-21T05:11:17.213Z,lifecycle,False,,5,4,10,0,0.9659258262890683,0.25881904510252074
2025-10-24 06:00:00+00:00,US-MIDA-PJM,416,2025-10-27T01:24:56.815Z,2025-10-21T06:10:56.210Z,lifecycle,False,,6,4,10,0,1.0,6.123233995736766e-17
2025-10-24 07:00:00+00:00,US-MIDA-PJM,416,2025-10-27T01:24:56.815Z,2025-10-21T07:11:04.871Z,lifecycle,False,,7,4,10,0,0.9659258262890683,-0.25881904510252063
2025-10-24 08:00:00+00:00,US-MIDA-PJM,416,2025-10-27T01:24:56.815Z,2025-10-21T08:10:57.657Z,lifecycle,False,,8,4,10,0,0.8660254037844387,-0.4999999999999998
2025-10-24 09:00:00+00:00,US-MIDA-PJM,413,2025-10-27T01:24:56.815Z,2025-10-21T09:09:33.181Z,lifecycle,False,,9,4,10,0,0.7071067811865476,-0.7071067811865475
2025-10-24 10:00:00+00:00,US-MIDA-PJM,420,2025-10-27T01:24:56.815Z,2025-10-21T10:11:24.758Z,lifecycle,False,,10,4,10,0,0.49999999999999994,-0.8660254037844387
2025-10-24 11:00:00+00:00,US-MIDA-PJM,430,2025-10-27T01:24:49.413Z,2025-10-21T11:09:59.693Z,lifecycle,False,,11,4,10,0,0.258819045102521,-0.9659258262890682
2025-10-24 12:00:00+00:00,US-MIDA-PJM,427,2025-10-27T01:24:49.413Z,2025-10-21T12:10:40.000Z,lifecycle,False,,12,4,10,0,1.2246467991473532e-16,-1.0
2025-10-24 13:00:00+00:00,US-MIDA-PJM,402,2025-10-27T01:24:37.150Z,2025-10-21T13:10:12.209Z,lifecycle,False,,13,4,10,0,-0.2588190451025208,-0.9659258262890683
2025-10-24 14:00:00+00:00,US-MIDA-PJM,385,2025-10-27T01:24:59.992Z,2025-10-21T14:10:14.235Z,lifecycle,False,,14,4,10,0,-0.4999999999999997,-0.8660254037844388
2025-10-24 15:00:00+00:00,US-MIDA-PJM,378,2025-10-27T01:24:59.992Z,2025-10-21T15:11:15.422Z,lifecycle,False,,15,4,10,0,-0.7071067811865471,-0.7071067811865479
2025-10-24 16:00:00+00:00,US-MIDA-PJM,378,2025-10-27T01:24:37.150Z,2025-10-21T16:10:37.933Z,lifecycle,False,,16,4,10,0,-0.8660254037844385,-0.5000000000000004
2025-10-24 17:00:00+00:00,US-MIDA-PJM,379,2025-10-27T01:24:49.413Z,2025-10-21T17:09:22.742Z,lifecycle,False,,17,4,10,0,-0.9659258262890683,-0.25881904510252063
2025-10-24 18:00:00+00:00,US-MIDA-PJM,377,2025-10-27T01:24:37.150Z,2025-10-21T18:12:52.356Z,lifecycle,False,,18,4,10,0,-1.0,-1.8369701987210297e-16
2025-10-24 19:00:00+00:00,US-MIDA-PJM,380,2025-10-27T01:24:59.992Z,2025-10-21T19:11:10.901Z,lifecycle,False,,19,4,10,0,-0.9659258262890684,0.2588190451025203
2025-10-24 20:00:00+00:00,US-MIDA-PJM,383,2025-10-27T01:24:37.150Z,2025-10-21T20:11:27.076Z,lifecycle,False,,20,4,10,0,-0.8660254037844386,0.5000000000000001
2025-10-24 21:00:00+00:00,US-MIDA-PJM,403,2025-10-27T01:24:49.413Z,2025-10-21T21:10:35.500Z,lifecycle,False,,21,4,10,0,-0.7071067811865477,0.7071067811865474
2025-10-24 22:00:00+00:00,US-MIDA-PJM,425,2025-10-27T01:24:59.992Z,2025-10-21T22:11:07.657Z,lifecycle,False,,22,4,10,0,-0.5000000000000004,0.8660254037844384
2025-10-24 23:00:00+00:00,US-MIDA-PJM,431,2025-10-27T01:24:59.992Z,2025-10-21T23:10:29.696Z,lifecycle,True,TIME_SLICER_AVERAGE,23,4,10,0,-0.25881904510252157,0.9659258262890681
2025-10-25 00:00:00+00:00,US-MIDA-PJM,434,2025-10-27T01:24:37.150Z,2025-10-22T00:10:49.018Z,lifecycle,False,,0,5,10,1,0.0,1.0
2025-10-25 01:00:00+00:00,US-MIDA-PJM,434,2025-10-27T01:24:59.992Z,2025-10-22T01:10:45.756Z,lifecycle,False,,1,5,10,1,0.25881904510252074,0.9659258262890683
2025-10-25 02:00:00+00:00,US-MIDA-PJM,429,2025-10-27T01:24:49.413Z,2025-10-22T02:11:03.230Z,lifecycle,False,,2,5,10,1,0.49999999999999994,0.8660254037844387
2025-10-25 03:00:00+00:00,US-MIDA-PJM,428,2025-10-27T01:24:37.150Z,2025-10-22T03:10:08.326Z,lifecycle,False,,3,5,10,1,0.7071067811865476,0.7071067811865476
2025-10-25 04:00:00+00:00,US-MIDA-PJM,419,2025-10-27T01:24:37.150Z,2025-10-22T04:10:41.640Z,lifecycle,False,,4,5,10,1,0.8660254037844386,0.5000000000000001
2025-10-25 05:00:00+00:00,US-MIDA-PJM,411,2025-10-27T01:24:37.150Z,2025-10-22T05:10:21.665Z,lifecycle,False,,5,5,10,1,0.9659258262890683,0.25881904510252074
2025-10-25 06:00:00+00:00,US-MIDA-PJM,407,2025-10-27T01:24:49.413Z,2025-10-22T06:09:26.645Z,lifecycle,False,,6,5,10,1,1.0,6.123233995736766e-17
2025-10-25 07:00:00+00:00,US-MIDA-PJM,399,2025-10-27T01:24:49.413Z,2025-10-22T07:10:23.789Z,lifecycle,False,,7,5,10,1,0.9659258262890683,-0.25881904510252063
2025-10-25 08:00:00+00:00,US-MIDA-PJM,399,2025-10-27T01:24:37.150Z,2025-10-22T08:10:21.381Z,lifecycle,False,,8,5,10,1,0.8660254037844387,-0.4999999999999998
2025-10-25 09:00:00+00:00,US-MIDA-PJM,401,2025-10-27T01:24:59.992Z,2025-10-22T09:10:40.140Z,lifecycle,False,,9,5,10,1,0.7071067811865476,-0.7071067811865475
2025-10-25 10:00:00+00:00,US-MIDA-PJM,395,2025-10-27T01:24:37.150Z,2025-10-22T10:12:27.204Z,lifecycle,False,,10,5,10,1,0.49999999999999994,-0.8660254037844387
2025-10-25 11:00:00+00:00,US-MIDA-PJM,404,2025-10-27T01:24:49.413Z,2025-10-22T11:11:41.662Z,lifecycle,False,,11,5,10,1,0.258819045102521,-0.9659258262890682
2025-10-25 12:00:00+00:00,US-MIDA-PJM,405,2025-10-27T01:24:49.413Z,2025-10-22T12:11:57.307Z,lifecycle,False,,12,5,10,1,1.2246467991473532e-16,-1.0
2025-10-25 13:00:00+00:00,US-MIDA-PJM,397,2025-10-27T01:24:37.150Z,2025-10-22T13:09:33.791Z,lifecycle,False,,13,5,10,1,-0.2588190451025208,-0.9659258262890683
2025-10-25 14:00:00+00:00,US-MIDA-PJM,389,2025-10-27T01:24:37.150Z,2025-10-22T14:10:35.316Z,lifecycle,False,,14,5,10,1,-0.4999999999999997,-0.8660254037844388
2025-10-25 15:00:00+00:00,US-MIDA-PJM,380,2025-10-27T01:24:59.992Z,2025-10-22T15:10:25.133Z,lifecycle,False,,15,5,10,1,-0.7071067811865471,-0.7071067811865479
2025-10-25 16:00:00+00:00,US-MIDA-PJM,367,2025-10-27T01:24:49.413Z,2025-10-22T16:10:06.997Z,lifecycle,False,,16,5,10,1,-0.8660254037844385,-0.5000000000000004
2025-10-25 17:00:00+00:00,US-MIDA-PJM,367,2025-10-27T01:24:49.413Z,2025-10-22T17:10:37.352Z,lifecycle,False,,17,5,10,1,-0.9659258262890683,-0.25881904510252063
2025-10-25 18:00:00+00:00,US-MIDA-PJM,365,2025-10-27T01:24:53.182Z,2025-10-22T18:11:33.534Z,lifecycle,False,,18,5,10,1,-1.0,-1.8369701987210297e-16
2025-10-25 19:00:00+00:00,US-MIDA-PJM,370,2025-10-27T01:24:53.182Z,2025-10-22T19:10:24.542Z,lifecycle,False,,19,5,10,1,-0.9659258262890684,0.2588190451025203
2025-10-25 20:00:00+00:00,US-MIDA-PJM,382,2025-10-27T01:24:53.182Z,2025-10-22T20:10:11.475Z,lifecycle,False,,20,5,10,1,-0.8660254037844386,0.5000000000000001
2025-10-25 21:00:00+00:00,US-MIDA-PJM,400,2025-10-27T01:24:53.182Z,2025-10-22T21:10:53.786Z,lifecycle,False,,21,5,10,1,-0.7071067811865477,0.7071067811865474
2025-10-25 22:00:00+00:00,US-MIDA-PJM,409,2025-10-27T01:24:43.275Z,2025-10-22T22:11:12.507Z,lifecycle,False,,22,5,10,1,-0.5000000000000004,0.8660254037844384
2025-10-25 23:00:00+00:00,US-MIDA-PJM,408,2025-10-27T01:24:59.992Z,2025-10-22T23:10:50.524Z,lifecycle,True,TIME_SLICER_AVERAGE,23,5,10,1,-0.25881904510252157,0.9659258262890681
2025-10-26 00:00:00+00:00,US-MIDA-PJM,407,2025-10-27T01:24:59.992Z,2025-10-23T00:10:15.586Z,lifecycle,False,,0,6,10,1,0.0,1.0
2025-10-26 01:00:00+00:00,US-MIDA-PJM,408,2025-10-27T01:24:53.182Z,2025-10-23T01:11:21.309Z,lifecycle,False,,1,6,10,1,0.25881904510252074,0.9659258262890683
2025-10-26 02:00:00+00:00,US-MIDA-PJM,405,2025-10-27T01:24:43.275Z,2025-10-23T02:10:44.785Z,lifecycle,False,,2,6,10,1,0.49999999999999994,0.8660254037844387
2025-10-26 03:00:00+00:00,US-MIDA-PJM,401,2025-10-27T01:24:59.992Z,2025-10-23T03:11:12.733Z,lifecycle,False,,3,6,10,1,0.7071067811865476,0.7071067811865476
2025-10-26 04:00:00+00:00,US-MIDA-PJM,395,2025-10-27T01:24:53.182Z,2025-10-23T04:10:42.799Z,lifecycle,False,,4,6,10,1,0.8660254037844386,0.5000000000000001
2025-10-26 05:00:00+00:00,US-MIDA-PJM,386,2025-10-27T01:24:43.275Z,2025-10-23T05:11:02.347Z,lifecycle,False,,5,6,10,1,0.9659258262890683,0.25881904510252074
2025-10-26 06:00:00+00:00,US-MIDA-PJM,383,2025-10-27T01:25:03.601Z,2025-10-23T06:10:25.998Z,lifecycle,False,,6,6,10,1,1.0,6.123233995736766e-17
2025-10-26 07:00:00+00:00,US-MIDA-PJM,386,2025-10-27T01:24:43.275Z,2025-10-23T07:10:24.787Z,lifecycle,False,,7,6,10,1,0.9659258262890683,-0.25881904510252063
2025-10-26 08:00:00+00:00,US-MIDA-PJM,387,2025-10-27T01:25:03.601Z,2025-10-23T08:12:58.064Z,lifecycle,False,,8,6,10,1,0.8660254037844387,-0.4999999999999998
2025-10-26 09:00:00+00:00,US-MIDA-PJM,385,2025-10-27T01:25:03.601Z,2025-10-23T09:10:27.077Z,lifecycle,False,,9,6,10,1,0.7071067811865476,-0.7071067811865475
2025-10-26 10:00:00+00:00,US-MIDA-PJM,377,2025-10-27T01:24:53.182Z,2025-10-23T10:10:02.468Z,lifecycle,False,,10,6,10,1,0.49999999999999994,-0.8660254037844387
2025-10-26 11:00:00+00:00,US-MIDA-PJM,373,2025-10-27T01:24:43.275Z,2025-10-23T11:09:35.883Z,lifecycle,False,,11,6,10,1,0.258819045102521,-0.9659258262890682
2025-10-26 12:00:00+00:00,US-MIDA-PJM,378,2025-10-27T01:25:03.601Z,2025-10-23T12:11:59.610Z,lifecycle,False,,12,6,10,1,1.2246467991473532e-16,-1.0
2025-10-26 13:00:00+00:00,US-MIDA-PJM,377,2025-10-27T01:25:03.601Z,2025-10-23T13:09:58.476Z,lifecycle,False,,13,6,10,1,-0.2588190451025208,-0.9659258262890683
2025-10-26 14:00:00+00:00,US-MIDA-PJM,361,2025-10-27T01:24:53.182Z,2025-10-23T14:10:56.815Z,lifecycle,False,,14,6,10,1,-0.4999999999999997,-0.8660254037844388
2025-10-26 15:00:00+00:00,US-MIDA-PJM,334,2025-10-27T01:24:53.182Z,2025-10-23T15:12:21.765Z,lifecycle,False,,15,6,10,1,-0.7071067811865471,-0.7071067811865479
2025-10-26 16:00:00+00:00,US-MIDA-PJM,317,2025-10-27T01:25:03.601Z,2025-10-23T16:12:30.196Z,lifecycle,False,,16,6,10,1,-0.8660254037844385,-0.5000000000000004
2025-10-26 17:00:00+00:00,US-MIDA-PJM,313,2025-10-27T01:25:03.601Z,2025-10-23T17:10:02.876Z,lifecycle,False,,17,6,10,1,-0.9659258262890683,-0.25881904510252063
2025-10-26 18:00:00+00:00,US-MIDA-PJM,317,2025-10-27T01:24:43.275Z,2025-10-23T18:10:21.852Z,lifecycle,False,,18,6,10,1,-1.0,-1.8369701987210297e-16
2025-10-26 19:00:00+00:00,US-MIDA-PJM,322,2025-10-27T01:24:53.182Z,2025-10-23T19:10:30.614Z,lifecycle,False,,19,6,10,1,-0.9659258262890684,0.2588190451025203
2025-10-26 20:00:00+00:00,US-MIDA-PJM,335,2025-10-27T01:24:43.275Z,2025-10-23T20:12:07.288Z,lifecycle,False,,20,6,10,1,-0.8660254037844386,0.5000000000000001
2025-10-26 21:00:00+00:00,US-MIDA-PJM,363,2025-10-27T01:24:43.275Z,2025-10-23T21:12:14.774Z,lifecycle,False,,21,6,10,1,-0.7071067811865477,0.7071067811865474
2025-10-26 22:00:00+00:00,US-MIDA-PJM,383,2025-10-27T01:24:53.182Z,2025-10-23T22:11:41.155Z,lifecycle,False,,22,6,10,1,-0.5000000000000004,0.8660254037844384
2025-10-26 23:00:00+00:00,US-MIDA-PJM,386,2025-10-27T02:25:56.356Z,2025-10-23T23:11:39.813Z,lifecycle,True,TIME_SLICER_AVERAGE,23,6,10,1,-0.25881904510252157,0.9659258262890681
2025-10-27 00:00:00+00:00,US-MIDA-PJM,388,2025-10-27T02:10:18.928Z,2025-10-24T00:10:07.652Z,lifecycle,False,,0,0,10,0,0.0,1.0
2025-10-27 01:00:00+00:00,US-MIDA-PJM,393,2025-10-27T03:09:58.009Z,2025-10-24T01:10:33.074Z,lifecycle,False,,1,0,10,0,0.25881904510252074,0.9659258262890683
2025-10-27 02:00:00+00:00,US-MIDA-PJM,393,2025-10-27T03:26:00.476Z,2025-10-24T02:10:50.034Z,lifecycle,True,TIME_SLICER_AVERAGE,2,0,10,0,0.49999999999999994,0.8660254037844387
2025-10-27 03:00:00+00:00,US-MIDA-PJM,384,2025-10-27T03:39:33.269Z,2025-10-24T03:11:32.866Z,lifecycle,True,TIME_SLICER_AVERAGE,3,0,10,0,0.7071067811865476,0.7071067811865476
2025-10-27 04:00:00+00:00,US-MIDA-PJM,372,2025-10-27T03:26:28.721Z,2025-10-24T04:11:14.680Z,lifecycle,True,TIME_SLICER_AVERAGE,4,0,10,0,0.8660254037844386,0.5000000000000001
