datetime,zone,carbon,updatedAt,createdAt,emissionFactorType,isEstimated,estimationMethod,hour,dayofweek,month,is_weekend,hour_sin,hour_cos
2025-09-27 05:00:00+00:00,US-MIDW-MISO,0.682758620689655,2025-10-27T03:34:18.368Z,2025-09-24T05:10:45.605Z,lifecycle,False,,5,5,9,1,0.9659258262890683,0.25881904510252074
2025-09-27 06:00:00+00:00,US-MIDW-MISO,0.6689655172413791,2025-10-27T03:33:46.927Z,2025-09-24T06:11:29.962Z,lifecycle,False,,6,5,9,1,1.0,6.123233995736766e-17
2025-09-27 07:00:00+00:00,US-MIDW-MISO,0.6655172413793102,2025-10-27T03:34:18.368Z,2025-09-24T07:10:44.868Z,lifecycle,False,,7,5,9,1,0.9659258262890683,-0.25881904510252063
2025-09-27 08:00:00+00:00,US-MIDW-MISO,0.6517241379310343,2025-10-27T03:34:18.368Z,2025-09-24T08:10:52.813Z,lifecycle,False,,8,5,9,1,0.8660254037844387,-0.4999999999999998
2025-09-27 09:00:00+00:00,US-MIDW-MISO,0.6379310344827585,2025-10-27T03:33:46.927Z,2025-09-24T09:10:27.052Z,lifecycle,False,,9,5,9,1,0.7071067811865476,-0.7071067811865475
2025-09-27 10:00:00+00:00,US-MIDW-MISO,0.6620689655172414,2025-10-27T03:34:02.736Z,2025-09-24T10:12:42.542Z,lifecycle,False,,10,5,9,1,0.49999999999999994,-0.8660254037844387
2025-09-27 11:00:00+00:00,US-MIDW-MISO,0.693103448275862,2025-10-27T03:33:52.088Z,2025-09-24T11:12:46.418Z,lifecycle,False,,11,5,9,1,0.258819045102521,-0.9659258262890682
2025-09-27 12:00:00+00:00,US-MIDW-MISO,0.6448275862068964,2025-10-27T03:34:02.736Z,2025-09-24T12:10:43.353Z,lifecycle,False,,12,5,9,1,1.2246467991473532e-16,-1.0
2025-09-27 13:00:00+00:00,US-MIDW-MISO,0.482758620689655,2025-10-27T03:34:02.736Z,2025-09-24T13:13:05.999Z,lifecycle,False,,13,5,9,1,-0.2588190451025208,-0.9659258262890683
2025-09-27 14:00:00+00:00,US-MIDW-MISO,0.42068965517241375,2025-10-27T03:34:02.736Z,2025-09-24T14:11:53.100Z,lifecycle,False,,14,5,9,1,-0.4999999999999997,-0.8660254037844388
2025-09-27 15:00:00+00:00,US-MIDW-MISO,0.4482758620689653,2025-10-27T03:34:08.204Z,2025-09-24T15:10:50.891Z,lifecycle,False,,15,5,9,1,-0.7071067811865471,-0.7071067811865479
2025-09-27 16:00:00+00:00,US-MIDW-MISO,0.5344827586206895,2025-10-27T03:33:52.088Z,2025-09-24T16:12:11.916Z,lifecycle,False,,16,5,9,1,-0.8660254037844385,-0.5000000000000004
2025-09-27 17:00:00+00:00,US-MIDW-MISO,0.603448275862069,2025-10-27T03:34:08.204Z,2025-09-24T17:10:46.573Z,lifecycle,False,,17,5,9,1,-0.9659258262890683,-0.25881904510252063
2025-09-27 18:00:00+00:00,US-MIDW-MISO,0.6482758620689655,2025-10-27T03:34:08.204Z,2025-09-24T18:10:38.861Z,lifecycle,False,,18,5,9,1,-1.0,-1.8369701987210297e-16
2025-09-27 19:00:00+00:00,US-MIDW-MISO,0.6724137931034482,2025-10-27T03:34:08.204Z,2025-09-24T19:11:48.095Z,lifecycle,False,,19,5,9,1,-0.9659258262890684,0.2588190451025203
2025-09-27 20:00:00+00:00,US-MIDW-MISO,0.6793103448275861,2025-10-27T03:34:18.368Z,2025-09-24T20:11:15.256Z,lifecycle,False,,20,5,9,1,-0.8660254037844386,0.5000000000000001
2025-09-27 21:00:00+00:00,US-MIDW-MISO,0.7068965517241379,2025-10-27T03:34:18.368Z,2025-09-24T21:11:23.692Z,lifecycle,False,,21,5,9,1,-0.7071067811865477,0.7071067811865474
2025-09-27 22:00:00+00:00,US-MIDW-MISO,0.7862068965517239,2025-10-27T03:34:08.204Z,2025-09-24T22:11:33.771Z,lifecycle,False,,22,5,9,1,-0.5000000000000004,0.8660254037844384
2025-09-27 23:00:00+00:00,US-MIDW-MISO,0.9310344827586206,2025-10-27T03:34:18.368Z,2025-09-24T23:11:34.518Z,lifecycle,False,,23,5,9,1,-0.25881904510252157,0.9659258262890681
2025-09-28 00:00:00+00:00,US-MIDW-MISO,0.9379310344827585,2025-10-27T03:34:18.368Z,2025-09-25T00:10:22.323Z,lifecycle,False,,0,6,9,1,0.0,1.0
2025-09-28 01:00:00+00:00,US-MIDW-MISO,0.8999999999999999,2025-10-27T03:34:08.204Z,2025-09-25T01:11:05.101Z,lifecycle,False,,1,6,9,1,0.25881904510252074,0.9659258262890683
2025-09-28 02:00:00+00:00,US-MIDW-MISO,0.8655172413793102,2025-10-27T03:33:52.088Z,2025-09-25T02:10:53.406Z,lifecycle,False,,2,6,9,1,0.49999999999999994,0.8660254037844387
2025-09-28 03:00:00+00:00,US-MIDW-MISO,0.8379310344827584,2025-10-23T00:16:12.517Z,2025-09-25T03:25:57.169Z,lifecycle,False,,3,6,9,1,0.7071067811865476,0.7071067811865476
2025-09-28 04:00:00+00:00,US-MIDW-MISO,0.8206896551724137,2025-10-23T00:15:50.472Z,2025-09-25T04:26:10.671Z,lifecycle,False,,4,6,9,1,0.8660254037844386,0.5000000000000001
2025-09-28 05:00:00+00:00,US-MIDW-MISO,0.7999999999999998,2025-10-07T00:36:07.655Z,2025-09-25T05:12:50.951Z,lifecycle,False,,5,6,9,1,0.9659258262890683,0.25881904510252074
2025-09-28 06:00:00+00:00,US-MIDW-MISO,0.7448275862068965,2025-10-07T00:36:07.655Z,2025-09-25T06:10:39.506Z,lifecycle,False,,6,6,9,1,1.0,6.123233995736766e-17
2025-09-28 07:00:00+00:00,US-MIDW-MISO,0.7,2025-10-07T00:36:07.655Z,2025-09-25T07:12:15.398Z,lifecycle,False,,7,6,9,1,0.9659258262890683,-0.25881904510252063
2025-09-28 08:00:00+00:00,US-MIDW-MISO,0.6793103448275861,2025-10-07T00:35:33.963Z,2025-09-25T08:11:48.137Z,lifecycle,False,,8,6,9,1,0.8660254037844387,-0.4999999999999998
2025-09-28 09:00:00+00:00,US-MIDW-MISO,0.6724137931034482,2025-10-07T00:35:33.963Z,2025-09-25T09:12:02.123Z,lifecycle,False,,9,6,9,1,0.7071067811865476,-0.7071067811865475
2025-09-28 10:00:00+00:00,US-MIDW-MISO,0.693103448275862,2025-10-07T00:36:07.655Z,2025-09-25T10:10:26.773Z,lifecycle,False,,10,6,9,1,0.49999999999999994,-0.8660254037844387
2025-09-28 11:00:00+00:00,US-MIDW-MISO,0.7241379310344827,2025-10-23T00:16:12.517Z,2025-09-25T11:11:04.686Z,lifecycle,False,,11,6,9,1,0.258819045102521,-0.9659258262890682
2025-09-28 12:00:00+00:00,US-MIDW-MISO,0.6586206896551723,2025-10-07T00:36:07.655Z,2025-09-25T12:10:50.159Z,lifecycle,False,,12,6,9,1,1.2246467991473532e-16,-1.0
2025-09-28 13:00:00+00:00,US-MIDW-MISO,0.4517241379310344,2025-10-23T00:15:50.472Z,2025-09-25T13:11:14.475Z,lifecycle,False,,13,6,9,1,-0.2588190451025208,-0.9659258262890683
2025-09-28 14:00:00+00:00,US-MIDW-MISO,0.41724137931034466,2025-10-23T00:15:50.728Z,2025-09-25T14:11:12.000Z,lifecycle,False,,14,6,9,1,-0.4999999999999997,-0.8660254037844388
2025-09-28 15:00:00+00:00,US-MIDW-MISO,0.5172413793103448,2025-10-23T00:15:50.472Z,2025-09-25T15:10:57.204Z,lifecycle,False,,15,6,9,1,-0.7071067811865471,-0.7071067811865479
2025-09-28 16:00:00+00:00,US-MIDW-MISO,0.6241379310344826,2025-10-23T00:15:50.728Z,2025-09-25T16:11:10.366Z,lifecycle,False,,16,6,9,1,-0.8660254037844385,-0.5000000000000004
2025-09-28 17:00:00+00:00,US-MIDW-MISO,0.6896551724137929,2025-10-23T00:15:50.728Z,2025-09-25T17:10:45.407Z,lifecycle,False,,17,6,9,1,-0.9659258262890683,-0.25881904510252063
2025-09-28 18:00:00+00:00,US-MIDW-MISO,0.7241379310344827,2025-10-23T00:16:12.517Z,2025-09-25T18:10:45.133Z,lifecycle,False,,18,6,9,1,-1.0,-1.8369701987210297e-16
2025-09-28 19:00:00+00:00,US-MIDW-MISO,0.7448275862068965,2025-10-07T00:36:17.821Z,2025-09-25T19:13:12.020Z,lifecycle,False,,19,6,9,1,-0.9659258262890684,0.2588190451025203
2025-09-28 20:00:00+00:00,US-MIDW-MISO,0.7620689655172412,2025-10-07T00:36:17.821Z,2025-09-25T20:11:24.119Z,lifecycle,False,,20,6,9,1,-0.8660254037844386,0.5000000000000001
2025-09-28 21:00:00+00:00,US-MIDW-MISO,0.7724137931034483,2025-10-23T00:16:12.517Z,2025-09-25T21:11:03.499Z,lifecycle,False,,21,6,9,1,-0.7071067811865477,0.7071067811865474
2025-09-28 22:00:00+00:00,US-MIDW-MISO,0.8551724137931034,2025-10-12T00:18:07.793Z,2025-09-25T22:10:20.164Z,lifecycle,False,,22,6,9,1,-0.5000000000000004,0.8660254037844384
2025-09-28 23:00:00+00:00,US-MIDW-MISO,0.96551724137931,2025-10-12T00:18:07.793Z,2025-09-25T23:10:30.155Z,lifecycle,False,,23,6,9,1,-0.25881904510252157,0.9659258262890681
2025-09-29 00:00:00+00:00,US-MIDW-MISO,0.9758620689655171,2025-10-12T00:18:07.793Z,2025-09-26T00:11:19.822Z,lifecycle,False,,0,0,9,0,0.0,1.0
2025-09-29 01:00:00+00:00,US-MIDW-MISO,0.9413793103448276,2025-10-12T00:18:08.937Z,2025-09-26T01:10:37.971Z,lifecycle,False,,1,0,9,0,0.25881904510252074,0.9659258262890683
2025-09-29 02:00:00+00:00,US-MIDW-MISO,0.9137931034482758,2025-10-07T00:36:04.936Z,2025-09-26T02:09:18.367Z,lifecycle,False,,2,0,9,0,0.49999999999999994,0.8660254037844387
2025-09-29 03:00:00+00:00,US-MIDW-MISO,0.8724137931034481,2025-10-08T00:43:24.045Z,2025-09-26T03:10:41.645Z,lifecycle,False,,3,0,9,0,0.7071067811865476,0.7071067811865476
2025-09-29 04:00:00+00:00,US-MIDW-MISO,0.789655172413793,2025-10-07T00:35:45.563Z,2025-09-26T04:11:44.559Z,lifecycle,False,,4,0,9,0,0.8660254037844386,0.5000000000000001
2025-09-29 05:00:00+00:00,US-MIDW-MISO,0.7206896551724138,2025-10-09T00:34:56.982Z,2025-09-26T05:10:34.119Z,lifecycle,False,,5,0,9,0,0.9659258262890683,0.25881904510252074
2025-09-29 06:00:00+00:00,US-MIDW-MISO,0.6379310344827585,2025-10-09T00:34:56.982Z,2025-09-26T06:11:19.619Z,lifecycle,False,,6,0,9,0,1.0,6.123233995736766e-17
2025-09-29 07:00:00+00:00,US-MIDW-MISO,0.6275862068965516,2025-10-09T00:34:46.033Z,2025-09-26T07:12:13.509Z,lifecycle,False,,7,0,9,0,0.9659258262890683,-0.25881904510252063
2025-09-29 08:00:00+00:00,US-MIDW-MISO,0.6482758620689655,2025-10-09T00:34:46.033Z,2025-09-26T08:12:08.890Z,lifecycle,False,,8,0,9,0,0.8660254037844387,-0.4999999999999998
2025-09-29 09:00:00+00:00,US-MIDW-MISO,0.682758620689655,2025-10-09T00:33:51.689Z,2025-09-26T09:10:45.800Z,lifecycle,False,,9,0,9,0,0.7071067811865476,-0.7071067811865475
2025-09-29 10:00:00+00:00,US-MIDW-MISO,0.7620689655172412,2025-10-09T00:34:56.982Z,2025-09-26T10:10:45.955Z,lifecycle,False,,10,0,9,0,0.49999999999999994,-0.8660254037844387
2025-09-29 11:00:00+00:00,US-MIDW-MISO,0.8551724137931034,2025-10-09T00:34:56.982Z,2025-09-26T11:12:17.967Z,lifecycle,False,,11,0,9,0,0.258819045102521,-0.9659258262890682
2025-09-29 12:00:00+00:00,US-MIDW-MISO,0.8620689655172413,2025-10-09T00:34:56.982Z,2025-09-26T12:12:19.601Z,lifecycle,False,,12,0,9,0,1.2246467991473532e-16,-1.0
2025-09-29 13:00:00+00:00,US-MIDW-MISO,0.682758620689655,2025-10-09T00:34:46.033Z,2025-09-26T13:11:22.090Z,lifecycle,False,,13,0,9,0,-0.2588190451025208,-0.9659258262890683
2025-09-29 14:00:00+00:00,US-MIDW-MISO,0.6517241379310343,2025-10-09T00:33:51.689Z,2025-09-26T14:11:10.499Z,lifecycle,False,,14,0,9,0,-0.4999999999999997,-0.8660254037844388
2025-09-29 15:00:00+00:00,US-MIDW-MISO,0.7034482758620688,2025-10-09T00:34:56.982Z,2025-09-26T15:11:01.210Z,lifecycle,False,,15,0,9,0,-0.7071067811865471,-0.7071067811865479
2025-09-29 16:00:00+00:00,US-MIDW-MISO,0.7379310344827585,2025-10-12T00:18:27.921Z,2025-09-26T16:12:03.526Z,lifecycle,False,,16,0,9,0,-0.8660254037844385,-0.5000000000000004
2025-09-29 17:00:00+00:00,US-MIDW-MISO,0.7655172413793103,2025-10-12T00:18:27.185Z,2025-09-26T17:10:57.371Z,lifecycle,False,,17,0,9,0,-0.9659258262890683,-0.25881904510252063
2025-09-29 18:00:00+00:00,US-MIDW-MISO,0.7862068965517239,2025-10-23T00:16:09.005Z,2025-09-26T18:11:39.394Z,lifecycle,False,,18,0,9,0,-1.0,-1.8369701987210297e-16
2025-09-29 19:00:00+00:00,US-MIDW-MISO,0.7931034482758619,2025-10-23T00:16:28.335Z,2025-09-26T19:10:45.513Z,lifecycle,False,,19,0,9,0,-0.9659258262890684,0.2588190451025203
2025-09-29 20:00:00+00:00,US-MIDW-MISO,0.796551724137931,2025-10-23T00:16:09.136Z,2025-09-26T20:11:30.085Z,lifecycle,False,,20,0,9,0,-0.8660254037844386,0.5000000000000001
2025-09-29 21:00:00+00:00,US-MIDW-MISO,0.8172413793103448,2025-10-12T00:18:27.185Z,2025-09-26T21:11:00.643Z,lifecycle,False,,21,0,9,0,-0.7071067811865477,0.7071067811865474
2025-09-29 22:00:00+00:00,US-MIDW-MISO,0.8827586206896552,2025-10-12T00:18:27.185Z,2025-09-26T22:11:07.599Z,lifecycle,False,,22,0,9,0,-0.5000000000000004,0.8660254037844384
2025-09-29 23:00:00+00:00,US-MIDW-MISO,0.9827586206896552,2025-10-12T00:18:27.185Z,2025-09-26T23:11:13.893Z,lifecycle,False,,23,0,9,0,-0.25881904510252157,0.9659258262890681
2025-09-30 00:00:00+00:00,US-MIDW-MISO,0.9827586206896552,2025-10-23T00:16:09.136Z,2025-09-27T00:10:15.885Z,lifecycle,False,,0,1,9,0,0.0,1.0
2025-09-30 01:00:00+00:00,US-MIDW-MISO,0.9275862068965517,2025-10-12T00:18:27.185Z,2025-09-27T01:10:51.940Z,lifecycle,False,,1,1,9,0,0.25881904510252074,0.9659258262890683
2025-09-30 02:00:00+00:00,US-MIDW-MISO,0.8724137931034481,2025-10-10T00:33:49.359Z,2025-09-27T02:11:47.455Z,lifecycle,False,,2,1,9,0,0.49999999999999994,0.8660254037844387
2025-09-30 03:00:00+00:00,US-MIDW-MISO,0.8413793103448275,2025-10-10T00:33:49.359Z,2025-09-27T03:11:05.844Z,lifecycle,False,,3,1,9,0,0.7071067811865476,0.7071067811865476
2025-09-30 04:00:00+00:00,US-MIDW-MISO,0.8034482758620689,2025-10-23T00:16:28.335Z,2025-09-27T04:10:51.443Z,lifecycle,False,,4,1,9,0,0.8660254037844386,0.5000000000000001
2025-09-30 05:00:00+00:00,US-MIDW-MISO,0.7551724137931033,2025-10-23T00:16:28.335Z,2025-09-27T05:10:45.243Z,lifecycle,False,,5,1,9,0,0.9659258262890683,0.25881904510252074
2025-09-30 06:00:00+00:00,US-MIDW-MISO,0.7137931034482758,2025-10-09T00:33:51.689Z,2025-09-27T06:12:25.593Z,lifecycle,False,,6,1,9,0,1.0,6.123233995736766e-17
2025-09-30 07:00:00+00:00,US-MIDW-MISO,0.7,2025-10-09T00:33:51.689Z,2025-09-27T07:10:49.152Z,lifecycle,False,,7,1,9,0,0.9659258262890683,-0.25881904510252063
2025-09-30 08:00:00+00:00,US-MIDW-MISO,0.7275862068965515,2025-10-09T00:34:56.982Z,2025-09-27T08:10:26.768Z,lifecycle,False,,8,1,9,0,0.8660254037844387,-0.4999999999999998
2025-09-30 09:00:00+00:00,US-MIDW-MISO,0.8137931034482757,2025-10-09T00:34:46.033Z,2025-09-27T09:09:53.003Z,lifecycle,False,,9,1,9,0,0.7071067811865476,-0.7071067811865475
2025-09-30 10:00:00+00:00,US-MIDW-MISO,0.9241379310344826,2025-10-09T00:34:56.982Z,2025-09-27T10:09:53.768Z,lifecycle,False,,10,1,9,0,0.49999999999999994,-0.8660254037844387
2025-09-30 11:00:00+00:00,US-MIDW-MISO,1.0,2025-10-09T00:34:56.982Z,2025-09-27T11:10:26.777Z,lifecycle,False,,11,1,9,0,0.258819045102521,-0.9659258262890682
2025-09-30 12:00:00+00:00,US-MIDW-MISO,0.9793103448275859,2025-10-23T00:16:09.005Z,2025-09-27T12:10:03.734Z,lifecycle,False,,12,1,9,0,1.2246467991473532e-16,-1.0
2025-09-30 13:00:00+00:00,US-MIDW-MISO,0.7931034482758619,2025-10-09T00:34:56.982Z,2025-09-27T13:10:45.440Z,lifecycle,False,,13,1,9,0,-0.2588190451025208,-0.9659258262890683
2025-09-30 14:00:00+00:00,US-MIDW-MISO,0.7034482758620688,2025-10-09T00:33:51.689Z,2025-09-27T14:10:26.226Z,lifecycle,False,,14,1,9,0,-0.4999999999999997,-0.8660254037844388
2025-09-30 15:00:00+00:00,US-MIDW-MISO,0.7137931034482758,2025-10-09T00:33:51.689Z,2025-09-27T15:10:53.441Z,lifecycle,False,,15,1,9,0,-0.7071067811865471,-0.7071067811865479
2025-09-30 16:00:00+00:00,US-MIDW-MISO,0.6896551724137929,2025-10-09T00:33:51.689Z,2025-09-27T16:10:59.914Z,lifecycle,False,,16,1,9,0,-0.8660254037844385,-0.5000000000000004
2025-09-30 17:00:00+00:00,US-MIDW-MISO,0.6586206896551723,2025-10-09T00:34:05.012Z,2025-09-27T17:11:11.337Z,lifecycle,False,,17,1,9,0,-0.9659258262890683,-0.25881904510252063
2025-09-30 18:00:00+00:00,US-MIDW-MISO,0.6482758620689655,2025-10-09T00:35:04.678Z,2025-09-27T18:11:45.226Z,lifecycle,False,,18,1,9,0,-1.0,-1.8369701987210297e-16
2025-09-30 19:00:00+00:00,US-MIDW-MISO,0.6448275862068964,2025-10-12T00:18:27.921Z,2025-09-27T19:11:58.494Z,lifecycle,False,,19,1,9,0,-0.9659258262890684,0.2588190451025203
2025-09-30 20:00:00+00:00,US-MIDW-MISO,0.6172413793103446,2025-10-12T00:18:27.921Z,2025-09-27T20:10:30.896Z,lifecycle,False,,20,1,9,0,-0.8660254037844386,0.5000000000000001
2025-09-30 21:00:00+00:00,US-MIDW-MISO,0.6586206896551723,2025-10-12T00:18:27.921Z,2025-09-27T21:10:34.116Z,lifecycle,False,,21,1,9,0,-0.7071067811865477,0.7071067811865474
2025-09-30 22:00:00+00:00,US-MIDW-MISO,0.7827586206896551,2025-10-12T00:18:27.676Z,2025-09-27T22:12:18.882Z,lifecycle,False,,22,1,9,0,-0.5000000000000004,0.8660254037844384
2025-09-30 23:00:00+00:00,US-MIDW-MISO,0.893103448275862,2025-10-12T00:18:27.921Z,2025-09-27T23:13:46.685Z,lifecycle,False,,23,1,9,0,-0.25881904510252157,0.9659258262890681
2025-10-01 00:00:00+00:00,US-MIDW-MISO,0.9034482758620688,2025-10-09T00:34:57.554Z,2025-09-28T00:12:28.876Z,lifecycle,False,,0,2,10,0,0.0,1.0
2025-10-01 01:00:00+00:00,US-MIDW-MISO,0.893103448275862,2025-10-10T00:34:12.033Z,2025-09-28T01:11:01.016Z,lifecycle,False,,1,2,10,0,0.25881904510252074,0.9659258262890683
2025-10-01 02:00:00+00:00,US-MIDW-MISO,0.8448275862068964,2025-10-10T00:33:49.359Z,2025-09-28T02:09:58.605Z,lifecycle,False,,2,2,10,0,0.49999999999999994,0.8660254037844387
2025-10-01 03:00:00+00:00,US-MIDW-MISO,0.789655172413793,2025-10-10T00:34:17.842Z,2025-09-28T03:10:40.407Z,lifecycle,False,,3,2,10,0,0.7071067811865476,0.7071067811865476
2025-10-01 04:00:00+00:00,US-MIDW-MISO,0.7137931034482758,2025-10-10T00:34:17.842Z,2025-09-28T04:12:53.885Z,lifecycle,False,,4,2,10,0,0.8660254037844386,0.5000000000000001
2025-10-01 05:00:00+00:00,US-MIDW-MISO,0.6344827586206896,2025-10-09T00:35:04.678Z,2025-09-28T05:10:05.279Z,lifecycle,False,,5,2,10,0,0.9659258262890683,0.25881904510252074
2025-10-01 06:00:00+00:00,US-MIDW-MISO,0.5724137931034481,2025-10-11T00:34:13.859Z,2025-09-28T06:10:38.091Z,lifecycle,False,,6,2,10,0,1.0,6.123233995736766e-17
2025-10-01 07:00:00+00:00,US-MIDW-MISO,0.5379310344827586,2025-10-11T00:33:48.404Z,2025-09-28T07:11:50.437Z,lifecycle,False,,7,2,10,0,0.9659258262890683,-0.25881904510252063
2025-10-01 08:00:00+00:00,US-MIDW-MISO,0.5137931034482757,2025-10-11T00:34:31.371Z,2025-09-28T08:10:08.384Z,lifecycle,False,,8,2,10,0,0.8660254037844387,-0.4999999999999998
2025-10-01 09:00:00+00:00,US-MIDW-MISO,0.5482758620689654,2025-10-11T00:34:31.371Z,2025-09-28T09:12:21.752Z,lifecycle,False,,9,2,10,0,0.7071067811865476,-0.7071067811865475
2025-10-01 10:00:00+00:00,US-MIDW-MISO,0.6206896551724137,2025-10-11T00:34:13.859Z,2025-09-28T10:10:25.675Z,lifecycle,False,,10,2,10,0,0.49999999999999994,-0.8660254037844387
2025-10-01 11:00:00+00:00,US-MIDW-MISO,0.7,2025-10-11T00:34:31.371Z,2025-09-28T11:11:54.324Z,lifecycle,False,,11,2,10,0,0.258819045102521,-0.9659258262890682
2025-10-01 12:00:00+00:00,US-MIDW-MISO,0.7068965517241379,2025-10-11T00:33:48.404Z,2025-09-28T12:10:47.341Z,lifecycle,False,,12,2,10,0,1.2246467991473532e-16,-1.0
2025-10-01 13:00:00+00:00,US-MIDW-MISO,0.586206896551724,2025-10-11T00:34:31.371Z,2025-09-28T13:10:50.037Z,lifecycle,False,,13,2,10,0,-0.2588190451025208,-0.9659258262890683
2025-10-01 14:00:00+00:00,US-MIDW-MISO,0.586206896551724,2025-10-11T00:34:13.859Z,2025-09-28T14:09:24.847Z,lifecycle,False,,14,2,10,0,-0.4999999999999997,-0.8660254037844388
2025-10-01 15:00:00+00:00,US-MIDW-MISO,0.6137931034482758,2025-10-11T00:34:13.859Z,2025-09-28T15:10:49.785Z,lifecycle,False,,15,2,10,0,-0.7071067811865471,-0.7071067811865479
2025-10-01 16:00:00+00:00,US-MIDW-MISO,0.6068965517241378,2025-10-11T00:34:31.371Z,2025-09-28T16:08:52.924Z,lifecycle,False,,16,2,10,0,-0.8660254037844385,-0.5000000000000004
2025-10-01 17:00:00+00:00,US-MIDW-MISO,0.6103448275862069,2025-10-11T00:34:31.371Z,2025-09-28T17:10:43.162Z,lifecycle,False,,17,2,10,0,-0.9659258262890683,-0.25881904510252063
2025-10-01 18:00:00+00:00,US-MIDW-MISO,0.6241379310344826,2025-10-11T00:34:31.371Z,2025-09-28T18:11:00.353Z,lifecycle,False,,18,2,10,0,-1.0,-1.8369701987210297e-16
2025-10-01 19:00:00+00:00,US-MIDW-MISO,0.6379310344827585,2025-10-11T00:34:31.371Z,2025-09-28T19:10:37.481Z,lifecycle,False,,19,2,10,0,-0.9659258262890684,0.2588190451025203
2025-10-01 20:00:00+00:00,US-MIDW-MISO,0.6448275862068964,2025-10-11T00:33:48.404Z,2025-09-28T20:10:40.083Z,lifecycle,False,,20,2,10,0,-0.8660254037844386,0.5000000000000001
2025-10-01 21:00:00+00:00,US-MIDW-MISO,0.6344827586206896,2025-10-11T00:33:48.404Z,2025-09-28T21:10:22.264Z,lifecycle,False,,21,2,10,0,-0.7071067811865477,0.7071067811865474
2025-10-01 22:00:00+00:00,US-MIDW-MISO,0.7,2025-10-11T00:34:13.859Z,2025-09-28T22:11:11.647Z,lifecycle,False,,22,2,10,0,-0.5000000000000004,0.8660254037844384
2025-10-01 23:00:00+00:00,US-MIDW-MISO,0.8241379310344827,2025-10-12T00:38:07.896Z,2025-09-28T23:10:18.226Z,lifecycle,False,,23,2,10,0,-0.25881904510252157,0.9659258262890681
2025-10-02 00:00:00+00:00,US-MIDW-MISO,0.8413793103448275,2025-10-12T00:38:07.896Z,2025-09-29T00:10:45.433Z,lifecycle,False,,0,3,10,0,0.0,1.0
2025-10-02 01:00:00+00:00,US-MIDW-MISO,0.7999999999999998,2025-10-12T00:37:50.999Z,2025-09-29T01:11:20.544Z,lifecycle,False,,1,3,10,0,0.25881904510252074,0.9659258262890683
2025-10-02 02:00:00+00:00,US-MIDW-MISO,0.7482758620689653,2025-10-12T00:37:50.999Z,2025-09-29T02:10:27.924Z,lifecycle,False,,2,3,10,0,0.49999999999999994,0.8660254037844387
2025-10-02 03:00:00+00:00,US-MIDW-MISO,0.6965517241379309,2025-10-12T00:38:07.896Z,2025-09-29T03:11:44.332Z,lifecycle,False,,3,3,10,0,0.7071067811865476,0.7071067811865476
2025-10-02 04:00:00+00:00,US-MIDW-MISO,0.6413793103448275,2025-10-12T00:37:50.999Z,2025-09-29T04:12:30.963Z,lifecycle,False,,4,3,10,0,0.8660254037844386,0.5000000000000001
2025-10-02 05:00:00+00:00,US-MIDW-MISO,0.5620689655172413,2025-10-11T00:34:31.371Z,2025-09-29T05:10:45.037Z,lifecycle,False,,5,3,10,0,0.9659258262890683,0.25881904510252074
2025-10-02 06:00:00+00:00,US-MIDW-MISO,0.5103448275862068,2025-10-12T00:37:50.999Z,2025-09-29T06:10:39.840Z,lifecycle,False,,6,3,10,0,1.0,6.123233995736766e-17
2025-10-02 07:00:00+00:00,US-MIDW-MISO,0.482758620689655,2025-10-12T00:38:07.896Z,2025-09-29T07:10:57.584Z,lifecycle,False,,7,3,10,0,0.9659258262890683,-0.25881904510252063
2025-10-02 08:00:00+00:00,US-MIDW-MISO,0.5103448275862068,2025-10-12T00:37:50.999Z,2025-09-29T08:11:15.775Z,lifecycle,False,,8,3,10,0,0.8660254037844387,-0.4999999999999998
2025-10-02 09:00:00+00:00,US-MIDW-MISO,0.5655172413793101,2025-10-12T00:38:23.888Z,2025-09-29T09:10:51.197Z,lifecycle,False,,9,3,10,0,0.7071067811865476,-0.7071067811865475
2025-10-02 10:00:00+00:00,US-MIDW-MISO,0.6689655172413791,2025-10-12T00:37:50.999Z,2025-09-29T10:11:27.520Z,lifecycle,False,,10,3,10,0,0.49999999999999994,-0.8660254037844387
2025-10-02 11:00:00+00:00,US-MIDW-MISO,0.7482758620689653,2025-10-12T00:38:07.896Z,2025-09-29T11:11:35.191Z,lifecycle,False,,11,3,10,0,0.258819045102521,-0.9659258262890682
2025-10-02 12:00:00+00:00,US-MIDW-MISO,0.7551724137931033,2025-10-12T00:38:07.896Z,2025-09-29T12:10:58.016Z,lifecycle,False,,12,3,10,0,1.2246467991473532e-16,-1.0
2025-10-02 13:00:00+00:00,US-MIDW-MISO,0.603448275862069,2025-10-12T00:37:50.999Z,2025-09-29T13:10:35.153Z,lifecycle,False,,13,3,10,0,-0.2588190451025208,-0.9659258262890683
2025-10-02 14:00:00+00:00,US-MIDW-MISO,0.5896551724137931,2025-10-12T00:38:07.896Z,2025-09-29T14:10:38.481Z,lifecycle,False,,14,3,10,0,-0.4999999999999997,-0.8660254037844388
2025-10-02 15:00:00+00:00,US-MIDW-MISO,0.6241379310344826,2025-10-12T00:37:50.999Z,2025-09-29T15:11:28.636Z,lifecycle,False,,15,3,10,0,-0.7071067811865471,-0.7071067811865479
2025-10-02 16:00:00+00:00,US-MIDW-MISO,0.6379310344827585,2025-10-12T00:37:50.999Z,2025-09-29T16:10:49.656Z,lifecycle,False,,16,3,10,0,-0.8660254037844385,-0.5000000000000004
2025-10-02 17:00:00+00:00,US-MIDW-MISO,0.6448275862068964,2025-10-12T00:37:50.999Z,2025-09-29T17:10:58.390Z,lifecycle,False,,17,3,10,0,-0.9659258262890683,-0.25881904510252063
2025-10-02 18:00:00+00:00,US-MIDW-MISO,0.6551724137931034,2025-10-12T00:38:07.896Z,2025-09-29T18:10:12.026Z,lifecycle,False,,18,3,10,0,-1.0,-1.8369701987210297e-16
2025-10-02 19:00:00+00:00,US-MIDW-MISO,0.6862068965517241,2025-10-12T00:38:07.896Z,2025-09-29T19:11:02.325Z,lifecycle,False,,19,3,10,0,-0.9659258262890684,0.2588190451025203
2025-10-02 20:00:00+00:00,US-MIDW-MISO,0.7241379310344827,2025-10-12T00:38:23.888Z,2025-09-29T20:12:15.746Z,lifecycle,False,,20,3,10,0,-0.8660254037844386,0.5000000000000001
2025-10-02 21:00:00+00:00,US-MIDW-MISO,0.7448275862068965,2025-10-12T00:37:50.999Z,2025-09-29T21:10:44.172Z,lifecycle,False,,21,3,10,0,-0.7071067811865477,0.7071067811865474
2025-10-02 22:00:00+00:00,US-MIDW-MISO,0.8379310344827584,2025-10-12T00:38:07.896Z,2025-09-29T22:11:45.311Z,lifecycle,False,,22,3,10,0,-0.5000000000000004,0.8660254037844384
2025-10-02 23:00:00+00:00,US-MIDW-MISO,0.96551724137931,2025-10-13T00:30:13.167Z,2025-09-29T23:13:09.135Z,lifecycle,False,,23,3,10,0,-0.25881904510252157,0.9659258262890681
2025-10-03 00:00:00+00:00,US-MIDW-MISO,0.96551724137931,2025-10-13T00:30:36.092Z,2025-09-30T00:09:05.027Z,lifecycle,False,,0,4,10,0,0.0,1.0
2025-10-03 01:00:00+00:00,US-MIDW-MISO,0.8965517241379308,2025-10-13T00:30:36.092Z,2025-09-30T01:09:56.834Z,lifecycle,False,,1,4,10,0,0.25881904510252074,0.9659258262890683
2025-10-03 02:00:00+00:00,US-MIDW-MISO,0.8413793103448275,2025-10-13T00:30:13.167Z,2025-09-30T02:11:58.087Z,lifecycle,False,,2,4,10,0,0.49999999999999994,0.8660254037844387
2025-10-03 03:00:00+00:00,US-MIDW-MISO,0.7862068965517239,2025-10-13T00:30:13.167Z,2025-09-30T03:12:09.109Z,lifecycle,False,,3,4,10,0,0.7071067811865476,0.7071067811865476
2025-10-03 04:00:00+00:00,US-MIDW-MISO,0.7655172413793103,2025-10-10T00:34:00.145Z,2025-09-30T04:12:23.836Z,lifecycle,False,,4,4,10,0,0.8660254037844386,0.5000000000000001
2025-10-03 05:00:00+00:00,US-MIDW-MISO,0.7172413793103447,2025-10-10T00:34:22.075Z,2025-09-30T05:13:20.195Z,lifecycle,False,,5,4,10,0,0.9659258262890683,0.25881904510252074
2025-10-03 06:00:00+00:00,US-MIDW-MISO,0.6655172413793102,2025-10-10T00:34:28.080Z,2025-09-30T06:11:11.276Z,lifecycle,False,,6,4,10,0,1.0,6.123233995736766e-17
2025-10-03 07:00:00+00:00,US-MIDW-MISO,0.6448275862068964,2025-10-10T00:34:22.075Z,2025-09-30T07:10:23.596Z,lifecycle,False,,7,4,10,0,0.9659258262890683,-0.25881904510252063
2025-10-03 08:00:00+00:00,US-MIDW-MISO,0.6655172413793102,2025-10-10T00:34:00.145Z,2025-09-30T08:10:46.703Z,lifecycle,False,,8,4,10,0,0.8660254037844387,-0.4999999999999998
2025-10-03 09:00:00+00:00,US-MIDW-MISO,0.7206896551724138,2025-10-12T00:37:50.999Z,2025-09-30T09:11:24.381Z,lifecycle,False,,9,4,10,0,0.7071067811865476,-0.7071067811865475
2025-10-03 10:00:00+00:00,US-MIDW-MISO,0.7827586206896551,2025-10-12T00:38:30.714Z,2025-09-30T10:10:34.825Z,lifecycle,False,,10,4,10,0,0.49999999999999994,-0.8660254037844387
2025-10-03 11:00:00+00:00,US-MIDW-MISO,0.8758620689655172,2025-10-11T00:34:00.063Z,2025-09-30T11:11:03.453Z,lifecycle,False,,11,4,10,0,0.258819045102521,-0.9659258262890682
2025-10-03 12:00:00+00:00,US-MIDW-MISO,0.9034482758620688,2025-10-10T00:34:26.767Z,2025-09-30T12:10:24.158Z,lifecycle,False,,12,4,10,0,1.2246467991473532e-16,-1.0
2025-10-03 13:00:00+00:00,US-MIDW-MISO,0.7379310344827585,2025-10-12T00:38:30.714Z,2025-09-30T13:10:28.472Z,lifecycle,False,,13,4,10,0,-0.2588190451025208,-0.9659258262890683
2025-10-03 14:00:00+00:00,US-MIDW-MISO,0.675862068965517,2025-10-13T00:30:36.092Z,2025-09-30T14:09:33.682Z,lifecycle,False,,14,4,10,0,-0.4999999999999997,-0.8660254037844388
2025-10-03 15:00:00+00:00,US-MIDW-MISO,0.7172413793103447,2025-10-13T00:30:40.036Z,2025-09-30T15:11:44.563Z,lifecycle,False,,15,4,10,0,-0.7071067811865471,-0.7071067811865479
2025-10-03 16:00:00+00:00,US-MIDW-MISO,0.7310344827586206,2025-10-13T00:30:40.036Z,2025-09-30T16:10:26.844Z,lifecycle,False,,16,4,10,0,-0.8660254037844385,-0.5000000000000004
2025-10-03 17:00:00+00:00,US-MIDW-MISO,0.6862068965517241,2025-10-13T00:30:40.036Z,2025-09-30T17:09:40.845Z,lifecycle,False,,17,4,10,0,-0.9659258262890683,-0.25881904510252063
2025-10-03 18:00:00+00:00,US-MIDW-MISO,0.6655172413793102,2025-10-13T00:30:13.167Z,2025-09-30T18:10:41.568Z,lifecycle,False,,18,4,10,0,-1.0,-1.8369701987210297e-16
2025-10-03 19:00:00+00:00,US-MIDW-MISO,0.6275862068965516,2025-10-13T00:30:36.092Z,2025-09-30T19:09:53.388Z,lifecycle,False,,19,4,10,0,-0.9659258262890684,0.2588190451025203
2025-10-03 20:00:00+00:00,US-MIDW-MISO,0.6275862068965516,2025-10-13T00:30:40.036Z,2025-09-30T20:11:22.425Z,lifecycle,False,,20,4,10,0,-0.8660254037844386,0.5000000000000001
2025-10-03 21:00:00+00:00,US-MIDW-MISO,0.6413793103448275,2025-10-13T00:30:13.167Z,2025-09-30T21:09:43.348Z,lifecycle,False,,21,4,10,0,-0.7071067811865477,0.7071067811865474
2025-10-03 22:00:00+00:00,US-MIDW-MISO,0.7137931034482758,2025-10-13T00:30:36.092Z,2025-09-30T22:09:43.723Z,lifecycle,False,,22,4,10,0,-0.5000000000000004,0.8660254037844384
2025-10-03 23:00:00+00:00,US-MIDW-MISO,0.8448275862068964,2025-10-11T00:34:00.063Z,2025-09-30T23:09:23.939Z,lifecycle,False,,23,4,10,0,-0.25881904510252157,0.9659258262890681
2025-10-04 00:00:00+00:00,US-MIDW-MISO,0.8310344827586207,2025-10-11T00:34:23.928Z,2025-10-01T00:11:07.434Z,lifecycle,False,,0,5,10,1,0.0,1.0
2025-10-04 01:00:00+00:00,US-MIDW-MISO,0.7827586206896551,2025-10-11T00:34:41.020Z,2025-10-01T01:12:23.592Z,lifecycle,False,,1,5,10,1,0.25881904510252074,0.9659258262890683
2025-10-04 02:00:00+00:00,US-MIDW-MISO,0.7482758620689653,2025-10-12T00:38:17.488Z,2025-10-01T02:11:12.943Z,lifecycle,False,,2,5,10,1,0.49999999999999994,0.8660254037844387
2025-10-04 03:00:00+00:00,US-MIDW-MISO,0.6965517241379309,2025-10-12T00:38:30.714Z,2025-10-01T03:09:16.502Z,lifecycle,False,,3,5,10,1,0.7071067811865476,0.7071067811865476
2025-10-04 04:00:00+00:00,US-MIDW-MISO,0.6206896551724137,2025-10-14T00:32:18.744Z,2025-10-01T04:10:20.878Z,lifecycle,False,,4,5,10,1,0.8660254037844386,0.5000000000000001
2025-10-04 05:00:00+00:00,US-MIDW-MISO,0.5448275862068965,2025-10-11T00:34:23.928Z,2025-10-01T05:09:40.576Z,lifecycle,False,,5,5,10,1,0.9659258262890683,0.25881904510252074
2025-10-04 06:00:00+00:00,US-MIDW-MISO,0.5,2025-10-14T00:32:48.177Z,2025-10-01T06:10:45.196Z,lifecycle,False,,6,5,10,1,1.0,6.123233995736766e-17
2025-10-04 07:00:00+00:00,US-MIDW-MISO,0.4620689655172412,2025-10-14T00:32:48.177Z,2025-10-01T07:10:57.995Z,lifecycle,False,,7,5,10,1,0.9659258262890683,-0.25881904510252063
2025-10-04 08:00:00+00:00,US-MIDW-MISO,0.4413793103448276,2025-10-14T00:32:48.177Z,2025-10-01T08:09:44.409Z,lifecycle,False,,8,5,10,1,0.8660254037844387,-0.4999999999999998
2025-10-04 09:00:00+00:00,US-MIDW-MISO,0.44482758620689644,2025-10-14T00:32:40.208Z,2025-10-01T09:10:58.344Z,lifecycle,False,,9,5,10,1,0.7071067811865476,-0.7071067811865475
2025-10-04 10:00:00+00:00,US-MIDW-MISO,0.4517241379310344,2025-10-14T00:32:18.744Z,2025-10-01T10:11:05.535Z,lifecycle,False,,10,5,10,1,0.49999999999999994,-0.8660254037844387
2025-10-04 11:00:00+00:00,US-MIDW-MISO,0.482758620689655,2025-10-14T00:32:18.744Z,2025-10-01T11:10:11.160Z,lifecycle,False,,11,5,10,1,0.258819045102521,-0.9659258262890682
2025-10-04 12:00:00+00:00,US-MIDW-MISO,0.48965517241379297,2025-10-14T00:32:48.177Z,2025-10-01T12:11:20.262Z,lifecycle,False,,12,5,10,1,1.2246467991473532e-16,-1.0
2025-10-04 13:00:00+00:00,US-MIDW-MISO,0.33793103448275863,2025-10-14T00:32:18.744Z,2025-10-01T13:10:07.630Z,lifecycle,False,,13,5,10,1,-0.2588190451025208,-0.9659258262890683
2025-10-04 14:00:00+00:00,US-MIDW-MISO,0.28275862068965507,2025-10-14T00:32:40.208Z,2025-10-01T14:10:21.983Z,lifecycle,False,,14,5,10,1,-0.4999999999999997,-0.8660254037844388
2025-10-04 15:00:00+00:00,US-MIDW-MISO,0.3034482758620689,2025-10-14T00:32:18.744Z,2025-10-01T15:10:55.412Z,lifecycle,False,,15,5,10,1,-0.7071067811865471,-0.7071067811865479
2025-10-04 16:00:00+00:00,US-MIDW-MISO,0.35862068965517224,2025-10-14T00:32:40.208Z,2025-10-01T16:10:50.133Z,lifecycle,False,,16,5,10,1,-0.8660254037844385,-0.5000000000000004
2025-10-04 17:00:00+00:00,US-MIDW-MISO,0.3793103448275861,2025-10-14T00:32:40.208Z,2025-10-01T17:09:34.549Z,lifecycle,False,,17,5,10,1,-0.9659258262890683,-0.25881904510252063
2025-10-04 18:00:00+00:00,US-MIDW-MISO,0.4034482758620688,2025-10-14T00:32:18.744Z,2025-10-01T18:10:59.227Z,lifecycle,False,,18,5,10,1,-1.0,-1.8369701987210297e-16
2025-10-04 19:00:00+00:00,US-MIDW-MISO,0.41724137931034466,2025-10-14T00:32:40.208Z,2025-10-01T19:13:33.988Z,lifecycle,False,,19,5,10,1,-0.9659258262890684,0.2588190451025203
2025-10-04 20:00:00+00:00,US-MIDW-MISO,0.4241379310344826,2025-10-14T00:32:40.208Z,2025-10-01T20:12:15.858Z,lifecycle,False,,20,5,10,1,-0.8660254037844386,0.5000000000000001
2025-10-04 21:00:00+00:00,US-MIDW-MISO,0.45862068965517233,2025-10-14T00:32:48.177Z,2025-10-01T21:11:28.469Z,lifecycle,False,,21,5,10,1,-0.7071067811865477,0.7071067811865474
2025-10-04 22:00:00+00:00,US-MIDW-MISO,0.5241379310344827,2025-10-14T00:32:48.177Z,2025-10-01T22:10:22.595Z,lifecycle,False,,22,5,10,1,-0.5000000000000004,0.8660254037844384
2025-10-04 23:00:00+00:00,US-MIDW-MISO,0.6379310344827585,2025-10-15T00:31:50.874Z,2025-10-01T23:09:50.581Z,lifecycle,False,,23,5,10,1,-0.25881904510252157,0.9659258262890681
2025-10-05 00:00:00+00:00,US-MIDW-MISO,0.6413793103448275,2025-10-15T00:31:50.874Z,2025-10-02T00:09:49.381Z,lifecycle,False,,0,6,10,1,0.0,1.0
2025-10-05 01:00:00+00:00,US-MIDW-MISO,0.5999999999999999,2025-10-15T00:31:45.874Z,2025-10-02T01:09:42.836Z,lifecycle,False,,1,6,10,1,0.25881904510252074,0.9659258262890683
2025-10-05 02:00:00+00:00,US-MIDW-MISO,0.5310344827586206,2025-10-15T00:31:26.023Z,2025-10-02T02:09:44.241Z,lifecycle,False,,2,6,10,1,0.49999999999999994,0.8660254037844387
2025-10-05 03:00:00+00:00,US-MIDW-MISO,0.48965517241379297,2025-10-15T00:31:26.023Z,2025-10-02T03:10:34.666Z,lifecycle,False,,3,6,10,1,0.7071067811865476,0.7071067811865476
2025-10-05 04:00:00+00:00,US-MIDW-MISO,0.4655172413793103,2025-10-15T00:31:45.874Z,2025-10-02T04:11:12.812Z,lifecycle,False,,4,6,10,1,0.8660254037844386,0.5000000000000001
2025-10-05 05:00:00+00:00,US-MIDW-MISO,0.3999999999999999,2025-10-15T00:31:50.874Z,2025-10-02T05:10:23.959Z,lifecycle,False,,5,6,10,1,0.9659258262890683,0.25881904510252074
2025-10-05 06:00:00+00:00,US-MIDW-MISO,0.3551724137931034,2025-10-15T00:31:50.874Z,2025-10-02T06:10:17.547Z,lifecycle,False,,6,6,10,1,1.0,6.123233995736766e-17
2025-10-05 07:00:00+00:00,US-MIDW-MISO,0.32413793103448274,2025-10-15T00:31:45.874Z,2025-10-02T07:10:11.870Z,lifecycle,False,,7,6,10,1,0.9659258262890683,-0.25881904510252063
2025-10-05 08:00:00+00:00,US-MIDW-MISO,0.3172413793103448,2025-10-15T00:31:26.023Z,2025-10-02T08:10:37.106Z,lifecycle,False,,8,6,10,1,0.8660254037844387,-0.4999999999999998
2025-10-05 09:00:00+00:00,US-MIDW-MISO,0.32068965517241366,2025-10-15T00:31:45.874Z,2025-10-02T09:10:47.250Z,lifecycle,False,,9,6,10,1,0.7071067811865476,-0.7071067811865475
2025-10-05 10:00:00+00:00,US-MIDW-MISO,0.3517241379310343,2025-10-15T00:31:45.874Z,2025-10-02T10:10:27.395Z,lifecycle,False,,10,6,10,1,0.49999999999999994,-0.8660254037844387
2025-10-05 11:00:00+00:00,US-MIDW-MISO,0.36896551724137927,2025-10-15T00:31:26.023Z,2025-10-02T11:10:44.438Z,lifecycle,False,,11,6,10,1,0.258819045102521,-0.9659258262890682
2025-10-05 12:00:00+00:00,US-MIDW-MISO,0.36896551724137927,2025-10-15T00:31:50.874Z,2025-10-02T12:11:05.752Z,lifecycle,False,,12,6,10,1,1.2246467991473532e-16,-1.0
2025-10-05 13:00:00+00:00,US-MIDW-MISO,0.23793103448275854,2025-10-15T00:31:50.874Z,2025-10-02T13:12:57.594Z,lifecycle,False,,13,6,10,1,-0.2588190451025208,-0.9659258262890683
2025-10-05 14:00:00+00:00,US-MIDW-MISO,0.16206896551724137,2025-10-15T00:31:45.874Z,2025-10-02T14:12:47.965Z,lifecycle,False,,14,6,10,1,-0.4999999999999997,-0.8660254037844388
2025-10-05 15:00:00+00:00,US-MIDW-MISO,0.14827586206896548,2025-10-15T00:31:50.874Z,2025-10-02T15:11:49.612Z,lifecycle,False,,15,6,10,1,-0.7071067811865471,-0.7071067811865479
2025-10-05 16:00:00+00:00,US-MIDW-MISO,0.14827586206896548,2025-10-15T00:31:26.023Z,2025-10-02T16:11:38.607Z,lifecycle,False,,16,6,10,1,-0.8660254037844385,-0.5000000000000004
2025-10-05 17:00:00+00:00,US-MIDW-MISO,0.19999999999999996,2025-10-15T00:31:26.023Z,2025-10-02T17:11:18.846Z,lifecycle,False,,17,6,10,1,-0.9659258262890683,-0.25881904510252063
2025-10-05 18:00:00+00:00,US-MIDW-MISO,0.26206896551724124,2025-10-15T00:31:26.023Z,2025-10-02T18:12:59.821Z,lifecycle,False,,18,6,10,1,-1.0,-1.8369701987210297e-16
2025-10-05 19:00:00+00:00,US-MIDW-MISO,0.3034482758620689,2025-10-15T00:31:50.874Z,2025-10-02T19:11:44.836Z,lifecycle,False,,19,6,10,1,-0.9659258262890684,0.2588190451025203
2025-10-05 20:00:00+00:00,US-MIDW-MISO,0.3793103448275861,2025-10-15T00:31:45.874Z,2025-10-02T20:12:45.099Z,lifecycle,False,,20,6,10,1,-0.8660254037844386,0.5000000000000001
2025-10-05 21:00:00+00:00,US-MIDW-MISO,0.45862068965517233,2025-10-15T00:31:45.874Z,2025-10-02T21:11:55.226Z,lifecycle,False,,21,6,10,1,-0.7071067811865477,0.7071067811865474
2025-10-05 22:00:00+00:00,US-MIDW-MISO,0.5931034482758619,2025-10-15T00:31:26.023Z,2025-10-02T22:10:56.846Z,lifecycle,False,,22,6,10,1,-0.5000000000000004,0.8660254037844384
2025-10-05 23:00:00+00:00,US-MIDW-MISO,0.7517241379310344,2025-10-16T00:33:34.795Z,2025-10-02T23:12:37.674Z,lifecycle,False,,23,6,10,1,-0.25881904510252157,0.9659258262890681
2025-10-06 00:00:00+00:00,US-MIDW-MISO,0.7827586206896551,2025-10-16T00:33:09.017Z,2025-10-03T00:12:34.052Z,lifecycle,False,,0,0,10,0,0.0,1.0
2025-10-06 01:00:00+00:00,US-MIDW-MISO,0.7482758620689653,2025-10-16T00:33:34.795Z,2025-10-03T01:12:39.739Z,lifecycle,False,,1,0,10,0,0.25881904510252074,0.9659258262890683
2025-10-06 02:00:00+00:00,US-MIDW-MISO,0.693103448275862,2025-10-16T00:33:31.809Z,2025-10-03T02:10:45.581Z,lifecycle,False,,2,0,10,0,0.49999999999999994,0.8660254037844387
2025-10-06 03:00:00+00:00,US-MIDW-MISO,0.6689655172413791,2025-10-16T00:33:09.017Z,2025-10-03T03:10:50.786Z,lifecycle,False,,3,0,10,0,0.7071067811865476,0.7071067811865476
2025-10-06 04:00:00+00:00,US-MIDW-MISO,0.6103448275862069,2025-10-15T00:31:50.874Z,2025-10-03T04:11:27.553Z,lifecycle,False,,4,0,10,0,0.8660254037844386,0.5000000000000001
2025-10-06 05:00:00+00:00,US-MIDW-MISO,0.5999999999999999,2025-10-16T00:33:34.795Z,2025-10-03T05:14:03.250Z,lifecycle,False,,5,0,10,0,0.9659258262890683,0.25881904510252074
2025-10-06 06:00:00+00:00,US-MIDW-MISO,0.5758620689655172,2025-10-16T00:33:31.809Z,2025-10-03T06:11:19.008Z,lifecycle,False,,6,0,10,0,1.0,6.123233995736766e-17
2025-10-06 07:00:00+00:00,US-MIDW-MISO,0.5724137931034481,2025-10-16T00:33:09.017Z,2025-10-03T07:13:05.988Z,lifecycle,False,,7,0,10,0,0.9659258262890683,-0.25881904510252063
2025-10-06 08:00:00+00:00,US-MIDW-MISO,0.6172413793103446,2025-10-16T00:33:34.795Z,2025-10-03T08:10:35.433Z,lifecycle,False,,8,0,10,0,0.8660254037844387,-0.4999999999999998
2025-10-06 09:00:00+00:00,US-MIDW-MISO,0.6379310344827585,2025-10-16T00:33:31.809Z,2025-10-03T09:11:26.232Z,lifecycle,False,,9,0,10,0,0.7071067811865476,-0.7071067811865475
2025-10-06 10:00:00+00:00,US-MIDW-MISO,0.7172413793103447,2025-10-16T00:33:31.809Z,2025-10-03T10:11:10.966Z,lifecycle,False,,10,0,10,0,0.49999999999999994,-0.8660254037844387
2025-10-06 11:00:00+00:00,US-MIDW-MISO,0.8068965517241378,2025-10-16T00:33:09.017Z,2025-10-03T11:12:57.597Z,lifecycle,False,,11,0,10,0,0.258819045102521,-0.9659258262890682
2025-10-06 12:00:00+00:00,US-MIDW-MISO,0.8655172413793102,2025-10-16T00:33:31.809Z,2025-10-03T12:11:12.276Z,lifecycle,False,,12,0,10,0,1.2246467991473532e-16,-1.0
2025-10-06 13:00:00+00:00,US-MIDW-MISO,0.8241379310344827,2025-10-16T00:33:34.795Z,2025-10-03T13:11:24.367Z,lifecycle,False,,13,0,10,0,-0.2588190451025208,-0.9659258262890683
2025-10-06 14:00:00+00:00,US-MIDW-MISO,0.7827586206896551,2025-10-16T00:33:31.809Z,2025-10-03T14:11:25.827Z,lifecycle,False,,14,0,10,0,-0.4999999999999997,-0.8660254037844388
2025-10-06 15:00:00+00:00,US-MIDW-MISO,0.7793103448275862,2025-10-16T00:33:09.017Z,2025-10-03T15:13:51.954Z,lifecycle,False,,15,0,10,0,-0.7071067811865471,-0.7071067811865479
2025-10-06 16:00:00+00:00,US-MIDW-MISO,0.8034482758620689,2025-10-16T00:33:34.795Z,2025-10-03T16:11:07.810Z,lifecycle,False,,16,0,10,0,-0.8660254037844385,-0.5000000000000004
2025-10-06 17:00:00+00:00,US-MIDW-MISO,0.8379310344827584,2025-10-16T00:33:34.795Z,2025-10-03T17:11:26.610Z,lifecycle,False,,17,0,10,0,-0.9659258262890683,-0.25881904510252063
2025-10-06 18:00:00+00:00,US-MIDW-MISO,0.8655172413793102,2025-10-16T00:33:34.795Z,2025-10-03T18:12:36.047Z,lifecycle,False,,18,0,10,0,-1.0,-1.8369701987210297e-16
2025-10-06 19:00:00+00:00,US-MIDW-MISO,0.8758620689655172,2025-10-16T00:33:09.017Z,2025-10-03T19:10:21.528Z,lifecycle,False,,19,0,10,0,-0.9659258262890684,0.2588190451025203
2025-10-06 20:00:00+00:00,US-MIDW-MISO,0.8724137931034481,2025-10-16T00:33:09.017Z,2025-10-03T20:10:21.597Z,lifecycle,False,,20,0,10,0,-0.8660254037844386,0.5000000000000001
2025-10-06 21:00:00+00:00,US-MIDW-MISO,0.8793103448275861,2025-10-16T00:33:34.795Z,2025-10-03T21:11:07.634Z,lifecycle,False,,21,0,10,0,-0.7071067811865477,0.7071067811865474
2025-10-06 22:00:00+00:00,US-MIDW-MISO,0.9068965517241379,2025-10-16T00:33:31.809Z,2025-10-03T22:10:51.054Z,lifecycle,False,,22,0,10,0,-0.5000000000000004,0.8660254037844384
2025-10-06 23:00:00+00:00,US-MIDW-MISO,0.9551724137931032,2025-10-17T00:31:47.146Z,2025-10-03T23:10:46.039Z,lifecycle,False,,23,0,10,0,-0.25881904510252157,0.9659258262890681
2025-10-07 00:00:00+00:00,US-MIDW-MISO,0.9724137931034482,2025-10-15T00:31:35.530Z,2025-10-04T00:11:17.368Z,lifecycle,False,,0,1,10,0,0.0,1.0
2025-10-07 01:00:00+00:00,US-MIDW-MISO,0.96551724137931,2025-10-15T00:31:54.444Z,2025-10-04T01:11:12.485Z,lifecycle,False,,1,1,10,0,0.25881904510252074,0.9659258262890683
2025-10-07 02:00:00+00:00,US-MIDW-MISO,0.9551724137931032,2025-10-15T00:31:54.444Z,2025-10-04T02:10:40.007Z,lifecycle,False,,2,1,10,0,0.49999999999999994,0.8660254037844387
2025-10-07 03:00:00+00:00,US-MIDW-MISO,0.9620689655172412,2025-10-15T00:31:54.444Z,2025-10-04T03:10:45.678Z,lifecycle,False,,3,1,10,0,0.7071067811865476,0.7071067811865476
2025-10-07 04:00:00+00:00,US-MIDW-MISO,0.9413793103448276,2025-10-17T00:31:22.696Z,2025-10-04T04:11:10.933Z,lifecycle,False,,4,1,10,0,0.8660254037844386,0.5000000000000001
2025-10-07 05:00:00+00:00,US-MIDW-MISO,0.9137931034482758,2025-10-17T00:31:42.444Z,2025-10-04T05:11:28.827Z,lifecycle,False,,5,1,10,0,0.9659258262890683,0.25881904510252074
2025-10-07 06:00:00+00:00,US-MIDW-MISO,0.8655172413793102,2025-10-17T00:31:42.444Z,2025-10-04T06:12:55.485Z,lifecycle,False,,6,1,10,0,1.0,6.123233995736766e-17
2025-10-07 07:00:00+00:00,US-MIDW-MISO,0.8758620689655172,2025-10-14T00:32:50.177Z,2025-10-04T07:11:15.577Z,lifecycle,False,,7,1,10,0,0.9659258262890683,-0.25881904510252063
2025-10-07 08:00:00+00:00,US-MIDW-MISO,0.9034482758620688,2025-10-14T00:32:50.177Z,2025-10-04T08:11:47.634Z,lifecycle,False,,8,1,10,0,0.8660254037844387,-0.4999999999999998
2025-10-07 09:00:00+00:00,US-MIDW-MISO,0.9241379310344826,2025-10-14T00:32:29.614Z,2025-10-04T09:10:58.047Z,lifecycle,False,,9,1,10,0,0.7071067811865476,-0.7071067811865475
2025-10-07 10:00:00+00:00,US-MIDW-MISO,0.9241379310344826,2025-10-14T00:32:29.614Z,2025-10-04T10:11:37.310Z,lifecycle,False,,10,1,10,0,0.49999999999999994,-0.8660254037844387
2025-10-07 11:00:00+00:00,US-MIDW-MISO,0.9137931034482758,2025-10-15T00:31:35.530Z,2025-10-04T11:11:57.410Z,lifecycle,False,,11,1,10,0,0.258819045102521,-0.9659258262890682
2025-10-07 12:00:00+00:00,US-MIDW-MISO,0.9379310344827585,2025-10-14T00:33:03.303Z,2025-10-04T12:11:01.574Z,lifecycle,False,,12,1,10,0,1.2246467991473532e-16,-1.0
2025-10-07 13:00:00+00:00,US-MIDW-MISO,0.9379310344827585,2025-10-10T12:10:38.054Z,2025-10-04T13:10:27.674Z,lifecycle,False,,13,1,10,0,-0.2588190451025208,-0.9659258262890683
2025-10-07 14:00:00+00:00,US-MIDW-MISO,0.9206896551724137,2025-10-15T00:31:59.273Z,2025-10-04T14:12:09.574Z,lifecycle,False,,14,1,10,0,-0.4999999999999997,-0.8660254037844388
2025-10-07 15:00:00+00:00,US-MIDW-MISO,0.893103448275862,2025-10-16T00:33:31.809Z,2025-10-04T15:11:24.528Z,lifecycle,False,,15,1,10,0,-0.7071067811865471,-0.7071067811865479
2025-10-07 16:00:00+00:00,US-MIDW-MISO,0.8379310344827584,2025-10-16T00:33:31.809Z,2025-10-04T16:10:30.749Z,lifecycle,False,,16,1,10,0,-0.8660254037844385,-0.5000000000000004
2025-10-07 17:00:00+00:00,US-MIDW-MISO,0.7931034482758619,2025-10-16T00:33:40.294Z,2025-10-04T17:11:09.208Z,lifecycle,False,,17,1,10,0,-0.9659258262890683,-0.25881904510252063
2025-10-07 18:00:00+00:00,US-MIDW-MISO,0.7999999999999998,2025-10-16T00:33:40.294Z,2025-10-04T18:12:42.685Z,lifecycle,False,,18,1,10,0,-1.0,-1.8369701987210297e-16
2025-10-07 19:00:00+00:00,US-MIDW-MISO,0.8172413793103448,2025-10-16T00:33:40.294Z,2025-10-04T19:11:27.855Z,lifecycle,False,,19,1,10,0,-0.9659258262890684,0.2588190451025203
2025-10-07 20:00:00+00:00,US-MIDW-MISO,0.8137931034482757,2025-10-16T00:33:17.975Z,2025-10-04T20:11:22.806Z,lifecycle,False,,20,1,10,0,-0.8660254037844386,0.5000000000000001
2025-10-07 21:00:00+00:00,US-MIDW-MISO,0.796551724137931,2025-10-16T00:33:40.294Z,2025-10-04T21:10:42.071Z,lifecycle,False,,21,1,10,0,-0.7071067811865477,0.7071067811865474
2025-10-07 22:00:00+00:00,US-MIDW-MISO,0.8793103448275861,2025-10-16T00:33:40.294Z,2025-10-04T22:11:09.241Z,lifecycle,False,,22,1,10,0,-0.5000000000000004,0.8660254037844384
2025-10-07 23:00:00+00:00,US-MIDW-MISO,0.989655172413793,2025-10-18T00:29:34.439Z,2025-10-04T23:10:01.785Z,lifecycle,False,,23,1,10,0,-0.25881904510252157,0.9659258262890681
2025-10-08 00:00:00+00:00,US-MIDW-MISO,1.0,2025-10-18T00:29:14.611Z,2025-10-05T00:11:01.215Z,lifecycle,False,,0,2,10,0,0.0,1.0
2025-10-08 01:00:00+00:00,US-MIDW-MISO,0.9758620689655171,2025-10-18T00:29:34.439Z,2025-10-05T01:11:02.190Z,lifecycle,False,,1,2,10,0,0.25881904510252074,0.9659258262890683
2025-10-08 02:00:00+00:00,US-MIDW-MISO,0.9517241379310344,2025-10-10T10:11:02.901Z,2025-10-05T02:11:54.823Z,lifecycle,False,,2,2,10,0,0.49999999999999994,0.8660254037844387
2025-10-08 03:00:00+00:00,US-MIDW-MISO,0.9344827586206896,2025-10-10T10:11:02.901Z,2025-10-05T03:09:44.971Z,lifecycle,False,,3,2,10,0,0.7071067811865476,0.7071067811865476
2025-10-08 04:00:00+00:00,US-MIDW-MISO,0.8793103448275861,2025-10-10T12:10:21.920Z,2025-10-05T04:11:14.678Z,lifecycle,False,,4,2,10,0,0.8660254037844386,0.5000000000000001
2025-10-08 05:00:00+00:00,US-MIDW-MISO,0.8620689655172413,2025-10-15T00:31:59.273Z,2025-10-05T05:10:44.657Z,lifecycle,False,,5,2,10,0,0.9659258262890683,0.25881904510252074
2025-10-08 06:00:00+00:00,US-MIDW-MISO,0.8620689655172413,2025-10-15T00:31:54.444Z,2025-10-05T06:11:40.379Z,lifecycle,False,,6,2,10,0,1.0,6.123233995736766e-17
2025-10-08 07:00:00+00:00,US-MIDW-MISO,0.8517241379310343,2025-10-15T00:31:35.530Z,2025-10-05T07:11:08.780Z,lifecycle,False,,7,2,10,0,0.9659258262890683,-0.25881904510252063
2025-10-08 08:00:00+00:00,US-MIDW-MISO,0.8379310344827584,2025-10-18T00:29:14.611Z,2025-10-05T08:10:40.782Z,lifecycle,False,,8,2,10,0,0.8660254037844387,-0.4999999999999998
2025-10-08 09:00:00+00:00,US-MIDW-MISO,0.8448275862068964,2025-10-18T00:29:39.789Z,2025-10-05T09:11:19.480Z,lifecycle,False,,9,2,10,0,0.7071067811865476,-0.7071067811865475
2025-10-08 10:00:00+00:00,US-MIDW-MISO,0.8586206896551722,2025-10-18T00:29:39.789Z,2025-10-05T10:11:20.665Z,lifecycle,False,,10,2,10,0,0.49999999999999994,-0.8660254037844387
2025-10-08 11:00:00+00:00,US-MIDW-MISO,0.8620689655172413,2025-10-18T00:29:34.439Z,2025-10-05T11:11:33.640Z,lifecycle,False,,11,2,10,0,0.258819045102521,-0.9659258262890682
2025-10-08 12:00:00+00:00,US-MIDW-MISO,0.8620689655172413,2025-10-18T00:29:14.611Z,2025-10-05T12:11:08.623Z,lifecycle,False,,12,2,10,0,1.2246467991473532e-16,-1.0
2025-10-08 13:00:00+00:00,US-MIDW-MISO,0.6862068965517241,2025-10-18T00:29:39.789Z,2025-10-05T13:11:20.971Z,lifecycle,False,,13,2,10,0,-0.2588190451025208,-0.9659258262890683
2025-10-08 14:00:00+00:00,US-MIDW-MISO,0.6103448275862069,2025-10-11T11:11:01.495Z,2025-10-05T14:10:48.651Z,lifecycle,False,,14,2,10,0,-0.4999999999999997,-0.8660254037844388
2025-10-08 15:00:00+00:00,US-MIDW-MISO,0.6068965517241378,2025-10-15T00:31:58.308Z,2025-10-05T15:11:36.050Z,lifecycle,False,,15,2,10,0,-0.7071067811865471,-0.7071067811865479
2025-10-08 16:00:00+00:00,US-MIDW-MISO,0.6172413793103446,2025-10-18T00:29:14.611Z,2025-10-05T16:10:42.541Z,lifecycle,False,,16,2,10,0,-0.8660254037844385,-0.5000000000000004
2025-10-08 17:00:00+00:00,US-MIDW-MISO,0.6310344827586205,2025-10-18T00:29:34.439Z,2025-10-05T17:12:10.255Z,lifecycle,False,,17,2,10,0,-0.9659258262890683,-0.25881904510252063
2025-10-08 18:00:00+00:00,US-MIDW-MISO,0.6103448275862069,2025-10-11T11:11:01.495Z,2025-10-05T18:10:48.965Z,lifecycle,False,,18,2,10,0,-1.0,-1.8369701987210297e-16
2025-10-08 19:00:00+00:00,US-MIDW-MISO,0.5999999999999999,2025-10-11T11:10:29.006Z,2025-10-05T19:13:11.546Z,lifecycle,False,,19,2,10,0,-0.9659258262890684,0.2588190451025203
2025-10-08 20:00:00+00:00,US-MIDW-MISO,0.596551724137931,2025-10-11T11:10:48.177Z,2025-10-05T20:10:42.332Z,lifecycle,False,,20,2,10,0,-0.8660254037844386,0.5000000000000001
2025-10-08 21:00:00+00:00,US-MIDW-MISO,0.6172413793103446,2025-10-11T11:11:01.495Z,2025-10-05T21:11:12.188Z,lifecycle,False,,21,2,10,0,-0.7071067811865477,0.7071067811865474
2025-10-08 22:00:00+00:00,US-MIDW-MISO,0.7275862068965515,2025-10-11T11:10:29.006Z,2025-10-05T22:10:52.396Z,lifecycle,False,,22,2,10,0,-0.5000000000000004,0.8660254037844384
2025-10-08 23:00:00+00:00,US-MIDW-MISO,0.8482758620689654,2025-10-11T10:10:38.139Z,2025-10-05T23:10:48.545Z,lifecycle,False,,23,2,10,0,-0.25881904510252157,0.9659258262890681
2025-10-09 00:00:00+00:00,US-MIDW-MISO,0.7862068965517239,2025-10-11T10:10:39.368Z,2025-10-06T00:13:03.246Z,lifecycle,False,,0,3,10,0,0.0,1.0
2025-10-09 01:00:00+00:00,US-MIDW-MISO,0.6896551724137929,2025-10-11T10:10:39.368Z,2025-10-06T01:10:26.239Z,lifecycle,False,,1,3,10,0,0.25881904510252074,0.9659258262890683
2025-10-09 02:00:00+00:00,US-MIDW-MISO,0.603448275862069,2025-10-11T10:10:38.139Z,2025-10-06T02:09:44.715Z,lifecycle,False,,2,3,10,0,0.49999999999999994,0.8660254037844387
2025-10-09 03:00:00+00:00,US-MIDW-MISO,0.5448275862068965,2025-10-11T10:10:21.619Z,2025-10-06T03:10:54.398Z,lifecycle,False,,3,3,10,0,0.7071067811865476,0.7071067811865476
2025-10-09 04:00:00+00:00,US-MIDW-MISO,0.4965517241379309,2025-10-18T00:29:14.611Z,2025-10-06T04:13:11.475Z,lifecycle,False,,4,3,10,0,0.8660254037844386,0.5000000000000001
2025-10-09 05:00:00+00:00,US-MIDW-MISO,0.45517241379310325,2025-10-18T00:29:39.789Z,2025-10-06T05:11:18.191Z,lifecycle,False,,5,3,10,0,0.9659258262890683,0.25881904510252074
2025-10-09 06:00:00+00:00,US-MIDW-MISO,0.4413793103448276,2025-10-18T00:29:14.611Z,2025-10-06T06:11:20.814Z,lifecycle,False,,6,3,10,0,1.0,6.123233995736766e-17
2025-10-09 07:00:00+00:00,US-MIDW-MISO,0.4137931034482758,2025-10-16T00:33:43.163Z,2025-10-06T07:10:38.691Z,lifecycle,False,,7,3,10,0,0.9659258262890683,-0.25881904510252063
2025-10-09 08:00:00+00:00,US-MIDW-MISO,0.4103448275862067,2025-10-16T00:33:43.163Z,2025-10-06T08:11:04.028Z,lifecycle,False,,8,3,10,0,0.8660254037844387,-0.4999999999999998
2025-10-09 09:00:00+00:00,US-MIDW-MISO,0.4379310344827585,2025-10-11T12:25:25.812Z,2025-10-06T09:10:03.014Z,lifecycle,False,,9,3,10,0,0.7071067811865476,-0.7071067811865475
2025-10-09 10:00:00+00:00,US-MIDW-MISO,0.4862068965517241,2025-10-11T12:24:51.064Z,2025-10-06T10:10:44.749Z,lifecycle,False,,10,3,10,0,0.49999999999999994,-0.8660254037844387
2025-10-09 11:00:00+00:00,US-MIDW-MISO,0.5482758620689654,2025-10-11T12:25:25.812Z,2025-10-06T11:10:40.649Z,lifecycle,False,,11,3,10,0,0.258819045102521,-0.9659258262890682
2025-10-09 12:00:00+00:00,US-MIDW-MISO,0.5758620689655172,2025-10-11T12:24:51.064Z,2025-10-06T12:11:19.495Z,lifecycle,False,,12,3,10,0,1.2246467991473532e-16,-1.0
2025-10-09 13:00:00+00:00,US-MIDW-MISO,0.34482758620689635,2025-10-11T12:25:05.592Z,2025-10-06T13:10:11.815Z,lifecycle,False,,13,3,10,0,-0.2588190451025208,-0.9659258262890683
2025-10-09 14:00:00+00:00,US-MIDW-MISO,0.2551724137931033,2025-10-11T12:25:05.592Z,2025-10-06T14:11:14.172Z,lifecycle,False,,14,3,10,0,-0.4999999999999997,-0.8660254037844388
2025-10-09 15:00:00+00:00,US-MIDW-MISO,0.26206896551724124,2025-10-11T12:25:05.592Z,2025-10-06T15:12:00.088Z,lifecycle,False,,15,3,10,0,-0.7071067811865471,-0.7071067811865479
2025-10-09 16:00:00+00:00,US-MIDW-MISO,0.2793103448275862,2025-10-18T00:29:48.061Z,2025-10-06T16:10:14.494Z,lifecycle,False,,16,3,10,0,-0.8660254037844385,-0.5000000000000004
2025-10-09 17:00:00+00:00,US-MIDW-MISO,0.4241379310344826,2025-10-17T00:31:31.467Z,2025-10-06T17:10:22.089Z,lifecycle,False,,17,3,10,0,-0.9659258262890683,-0.25881904510252063
2025-10-09 18:00:00+00:00,US-MIDW-MISO,0.3896551724137931,2025-10-18T00:29:42.323Z,2025-10-06T18:10:04.128Z,lifecycle,False,,18,3,10,0,-1.0,-1.8369701987210297e-16
2025-10-09 19:00:00+00:00,US-MIDW-MISO,0.289655172413793,2025-10-16T00:33:44.353Z,2025-10-06T19:09:54.560Z,lifecycle,False,,19,3,10,0,-0.9659258262890684,0.2588190451025203
2025-10-09 20:00:00+00:00,US-MIDW-MISO,0.2999999999999998,2025-10-11T12:24:51.064Z,2025-10-06T20:10:18.103Z,lifecycle,False,,20,3,10,0,-0.8660254037844386,0.5000000000000001
2025-10-09 21:00:00+00:00,US-MIDW-MISO,0.3620689655172413,2025-10-11T12:25:05.592Z,2025-10-06T21:11:09.743Z,lifecycle,False,,21,3,10,0,-0.7071067811865477,0.7071067811865474
2025-10-09 22:00:00+00:00,US-MIDW-MISO,0.5344827586206895,2025-10-11T12:24:51.064Z,2025-10-06T22:11:19.422Z,lifecycle,False,,22,3,10,0,-0.5000000000000004,0.8660254037844384
2025-10-09 23:00:00+00:00,US-MIDW-MISO,0.7241379310344827,2025-10-11T12:25:25.812Z,2025-10-06T23:09:46.840Z,lifecycle,False,,23,3,10,0,-0.25881904510252157,0.9659258262890681
2025-10-10 00:00:00+00:00,US-MIDW-MISO,0.7517241379310344,2025-10-11T12:24:51.064Z,2025-10-07T00:11:25.833Z,lifecycle,False,,0,4,10,0,0.0,1.0
2025-10-10 01:00:00+00:00,US-MIDW-MISO,0.7206896551724138,2025-10-11T12:24:51.064Z,2025-10-07T01:09:56.626Z,lifecycle,False,,1,4,10,0,0.25881904510252074,0.9659258262890683
2025-10-10 02:00:00+00:00,US-MIDW-MISO,0.693103448275862,2025-10-11T12:25:25.812Z,2025-10-07T02:09:18.749Z,lifecycle,False,,2,4,10,0,0.49999999999999994,0.8660254037844387
2025-10-10 03:00:00+00:00,US-MIDW-MISO,0.6551724137931034,2025-10-11T12:24:51.064Z,2025-10-07T03:11:32.759Z,lifecycle,False,,3,4,10,0,0.7071067811865476,0.7071067811865476
2025-10-10 04:00:00+00:00,US-MIDW-MISO,0.5344827586206895,2025-10-18T00:29:48.061Z,2025-10-07T04:10:40.312Z,lifecycle,False,,4,4,10,0,0.8660254037844386,0.5000000000000001
2025-10-10 05:00:00+00:00,US-MIDW-MISO,0.45862068965517233,2025-10-19T00:30:33.156Z,2025-10-07T05:22:05.645Z,lifecycle,False,,5,4,10,0,0.9659258262890683,0.25881904510252074
2025-10-10 06:00:00+00:00,US-MIDW-MISO,0.4241379310344826,2025-10-19T00:30:57.145Z,2025-10-07T06:11:01.313Z,lifecycle,False,,6,4,10,0,1.0,6.123233995736766e-17
2025-10-10 07:00:00+00:00,US-MIDW-MISO,0.43448275862068964,2025-10-19T00:30:33.156Z,2025-10-07T07:12:23.141Z,lifecycle,False,,7,4,10,0,0.9659258262890683,-0.25881904510252063
2025-10-10 08:00:00+00:00,US-MIDW-MISO,0.45517241379310325,2025-10-18T00:29:22.966Z,2025-10-07T08:10:16.780Z,lifecycle,False,,8,4,10,0,0.8660254037844387,-0.4999999999999998
2025-10-10 09:00:00+00:00,US-MIDW-MISO,0.5,2025-10-19T00:30:33.156Z,2025-10-07T09:10:48.711Z,lifecycle,False,,9,4,10,0,0.7071067811865476,-0.7071067811865475
2025-10-10 10:00:00+00:00,US-MIDW-MISO,0.5655172413793101,2025-10-18T00:29:22.966Z,2025-10-07T10:11:30.116Z,lifecycle,False,,10,4,10,0,0.49999999999999994,-0.8660254037844387
2025-10-10 11:00:00+00:00,US-MIDW-MISO,0.6137931034482758,2025-10-19T00:30:33.156Z,2025-10-07T11:10:31.710Z,lifecycle,False,,11,4,10,0,0.258819045102521,-0.9659258262890682
2025-10-10 12:00:00+00:00,US-MIDW-MISO,0.7068965517241379,2025-10-19T00:30:49.655Z,2025-10-07T12:10:23.487Z,lifecycle,False,,12,4,10,0,1.2246467991473532e-16,-1.0
2025-10-10 13:00:00+00:00,US-MIDW-MISO,0.5999999999999999,2025-10-19T00:30:33.156Z,2025-10-07T13:10:27.311Z,lifecycle,False,,13,4,10,0,-0.2588190451025208,-0.9659258262890683
2025-10-10 14:00:00+00:00,US-MIDW-MISO,0.5689655172413792,2025-10-19T00:30:57.145Z,2025-10-07T14:21:18.006Z,lifecycle,False,,14,4,10,0,-0.4999999999999997,-0.8660254037844388
2025-10-10 15:00:00+00:00,US-MIDW-MISO,0.5413793103448274,2025-10-19T00:30:57.145Z,2025-10-07T15:11:19.198Z,lifecycle,False,,15,4,10,0,-0.7071067811865471,-0.7071067811865479
2025-10-10 16:00:00+00:00,US-MIDW-MISO,0.47931034482758617,2025-10-19T00:31:05.551Z,2025-10-07T16:10:51.258Z,lifecycle,False,,16,4,10,0,-0.8660254037844385,-0.5000000000000004
2025-10-10 17:00:00+00:00,US-MIDW-MISO,0.4965517241379309,2025-10-19T00:30:41.246Z,2025-10-07T17:10:14.599Z,lifecycle,False,,17,4,10,0,-0.9659258262890683,-0.25881904510252063
2025-10-10 18:00:00+00:00,US-MIDW-MISO,0.5551724137931033,2025-10-19T00:31:05.551Z,2025-10-07T18:10:24.831Z,lifecycle,False,,18,4,10,0,-1.0,-1.8369701987210297e-16
2025-10-10 19:00:00+00:00,US-MIDW-MISO,0.596551724137931,2025-10-19T00:30:41.246Z,2025-10-07T19:10:01.434Z,lifecycle,False,,19,4,10,0,-0.9659258262890684,0.2588190451025203
2025-10-10 20:00:00+00:00,US-MIDW-MISO,0.6482758620689655,2025-10-18T00:29:42.323Z,2025-10-07T20:10:45.983Z,lifecycle,False,,20,4,10,0,-0.8660254037844386,0.5000000000000001
2025-10-10 21:00:00+00:00,US-MIDW-MISO,0.6896551724137929,2025-10-19T00:30:54.847Z,2025-10-07T21:10:55.232Z,lifecycle,False,,21,4,10,0,-0.7071067811865477,0.7071067811865474
2025-10-10 22:00:00+00:00,US-MIDW-MISO,0.7999999999999998,2025-10-19T00:31:05.551Z,2025-10-07T22:10:38.993Z,lifecycle,False,,22,4,10,0,-0.5000000000000004,0.8660254037844384
2025-10-10 23:00:00+00:00,US-MIDW-MISO,0.9137931034482758,2025-10-21T00:28:37.203Z,2025-10-07T23:11:12.438Z,lifecycle,False,,23,4,10,0,-0.25881904510252157,0.9659258262890681
2025-10-11 00:00:00+00:00,US-MIDW-MISO,0.9206896551724137,2025-10-21T00:28:30.542Z,2025-10-08T00:09:56.084Z,lifecycle,False,,0,5,10,1,0.0,1.0
2025-10-11 01:00:00+00:00,US-MIDW-MISO,0.9172413793103447,2025-10-21T00:28:14.045Z,2025-10-08T01:10:38.380Z,lifecycle,False,,1,5,10,1,0.25881904510252074,0.9659258262890683
2025-10-11 02:00:00+00:00,US-MIDW-MISO,0.9517241379310344,2025-10-21T00:28:30.542Z,2025-10-08T02:09:24.781Z,lifecycle,False,,2,5,10,1,0.49999999999999994,0.8660254037844387
2025-10-11 03:00:00+00:00,US-MIDW-MISO,0.9172413793103447,2025-10-21T00:28:14.045Z,2025-10-08T03:09:57.902Z,lifecycle,False,,3,5,10,1,0.7071067811865476,0.7071067811865476
2025-10-11 04:00:00+00:00,US-MIDW-MISO,0.886206896551724,2025-10-18T00:29:42.323Z,2025-10-08T04:10:44.128Z,lifecycle,False,,4,5,10,1,0.8660254037844386,0.5000000000000001
2025-10-11 05:00:00+00:00,US-MIDW-MISO,0.8379310344827584,2025-10-20T00:29:15.499Z,2025-10-08T05:12:24.952Z,lifecycle,False,,5,5,10,1,0.9659258262890683,0.25881904510252074
2025-10-11 06:00:00+00:00,US-MIDW-MISO,0.7931034482758619,2025-10-20T00:28:55.218Z,2025-10-08T06:09:59.215Z,lifecycle,False,,6,5,10,1,1.0,6.123233995736766e-17
2025-10-11 07:00:00+00:00,US-MIDW-MISO,0.7103448275862068,2025-10-20T00:29:19.449Z,2025-10-08T07:10:22.322Z,lifecycle,False,,7,5,10,1,0.9659258262890683,-0.25881904510252063
2025-10-11 08:00:00+00:00,US-MIDW-MISO,0.6517241379310343,2025-10-20T00:29:19.449Z,2025-10-08T08:10:50.681Z,lifecycle,False,,8,5,10,1,0.8660254037844387,-0.4999999999999998
2025-10-11 09:00:00+00:00,US-MIDW-MISO,0.586206896551724,2025-10-20T00:29:19.449Z,2025-10-08T09:11:54.030Z,lifecycle,False,,9,5,10,1,0.7071067811865476,-0.7071067811865475
2025-10-11 10:00:00+00:00,US-MIDW-MISO,0.5137931034482757,2025-10-20T00:28:55.218Z,2025-10-08T10:10:36.130Z,lifecycle,False,,10,5,10,1,0.49999999999999994,-0.8660254037844387
2025-10-11 11:00:00+00:00,US-MIDW-MISO,0.4862068965517241,2025-10-20T00:29:15.499Z,2025-10-08T11:11:11.753Z,lifecycle,False,,11,5,10,1,0.258819045102521,-0.9659258262890682
2025-10-11 12:00:00+00:00,US-MIDW-MISO,0.4724137931034482,2025-10-20T00:29:15.499Z,2025-10-08T12:10:28.328Z,lifecycle,False,,12,5,10,1,1.2246467991473532e-16,-1.0
2025-10-11 13:00:00+00:00,US-MIDW-MISO,0.32068965517241366,2025-10-20T00:29:19.449Z,2025-10-08T13:10:44.962Z,lifecycle,False,,13,5,10,1,-0.2588190451025208,-0.9659258262890683
2025-10-11 14:00:00+00:00,US-MIDW-MISO,0.26206896551724124,2025-10-20T00:29:19.449Z,2025-10-08T14:11:10.354Z,lifecycle,False,,14,5,10,1,-0.4999999999999997,-0.8660254037844388
2025-10-11 15:00:00+00:00,US-MIDW-MISO,0.33793103448275863,2025-10-21T00:28:37.203Z,2025-10-08T15:10:45.062Z,lifecycle,False,,15,5,10,1,-0.7071067811865471,-0.7071067811865479
2025-10-11 16:00:00+00:00,US-MIDW-MISO,0.3758620689655172,2025-10-21T00:28:37.203Z,2025-10-08T16:11:48.800Z,lifecycle,False,,16,5,10,1,-0.8660254037844385,-0.5000000000000004
2025-10-11 17:00:00+00:00,US-MIDW-MISO,0.4034482758620688,2025-10-21T00:28:30.542Z,2025-10-08T17:10:54.888Z,lifecycle,False,,17,5,10,1,-0.9659258262890683,-0.25881904510252063
2025-10-11 18:00:00+00:00,US-MIDW-MISO,0.4034482758620688,2025-10-21T00:28:37.203Z,2025-10-08T18:10:54.046Z,lifecycle,False,,18,5,10,1,-1.0,-1.8369701987210297e-16
2025-10-11 19:00:00+00:00,US-MIDW-MISO,0.3758620689655172,2025-10-21T00:28:14.045Z,2025-10-08T19:10:06.302Z,lifecycle,False,,19,5,10,1,-0.9659258262890684,0.2588190451025203
2025-10-11 20:00:00+00:00,US-MIDW-MISO,0.3793103448275861,2025-10-21T00:28:30.542Z,2025-10-08T20:10:03.048Z,lifecycle,False,,20,5,10,1,-0.8660254037844386,0.5000000000000001
2025-10-11 21:00:00+00:00,US-MIDW-MISO,0.43103448275862055,2025-10-21T00:28:37.203Z,2025-10-08T21:10:21.488Z,lifecycle,False,,21,5,10,1,-0.7071067811865477,0.7071067811865474
2025-10-11 22:00:00+00:00,US-MIDW-MISO,0.5448275862068965,2025-10-21T00:28:30.542Z,2025-10-08T22:10:31.121Z,lifecycle,False,,22,5,10,1,-0.5000000000000004,0.8660254037844384
2025-10-11 23:00:00+00:00,US-MIDW-MISO,0.6689655172413791,2025-10-21T00:28:14.045Z,2025-10-08T23:10:01.575Z,lifecycle,False,,23,5,10,1,-0.25881904510252157,0.9659258262890681
2025-10-12 00:00:00+00:00,US-MIDW-MISO,0.5931034482758619,2025-10-21T00:28:30.542Z,2025-10-09T00:12:13.263Z,lifecycle,False,,0,6,10,1,0.0,1.0
2025-10-12 01:00:00+00:00,US-MIDW-MISO,0.5206896551724136,2025-10-21T00:28:14.045Z,2025-10-09T01:10:21.271Z,lifecycle,False,,1,6,10,1,0.25881904510252074,0.9659258262890683
2025-10-12 02:00:00+00:00,US-MIDW-MISO,0.45862068965517233,2025-10-20T00:29:03.476Z,2025-10-09T02:10:20.458Z,lifecycle,False,,2,6,10,1,0.49999999999999994,0.8660254037844387
2025-10-12 03:00:00+00:00,US-MIDW-MISO,0.4241379310344826,2025-10-21T00:28:14.045Z,2025-10-09T03:10:44.437Z,lifecycle,False,,3,6,10,1,0.7071067811865476,0.7071067811865476
2025-10-12 04:00:00+00:00,US-MIDW-MISO,0.38275862068965516,2025-10-21T00:28:14.045Z,2025-10-09T04:10:29.530Z,lifecycle,False,,4,6,10,1,0.8660254037844386,0.5000000000000001
2025-10-12 05:00:00+00:00,US-MIDW-MISO,0.34827586206896544,2025-10-21T00:28:30.542Z,2025-10-09T05:11:09.323Z,lifecycle,False,,5,6,10,1,0.9659258262890683,0.25881904510252074
2025-10-12 06:00:00+00:00,US-MIDW-MISO,0.3034482758620689,2025-10-21T00:28:14.045Z,2025-10-09T06:10:24.707Z,lifecycle,False,,6,6,10,1,1.0,6.123233995736766e-17
2025-10-12 07:00:00+00:00,US-MIDW-MISO,0.2551724137931033,2025-10-21T00:28:14.045Z,2025-10-09T07:10:39.325Z,lifecycle,False,,7,6,10,1,0.9659258262890683,-0.25881904510252063
2025-10-12 08:00:00+00:00,US-MIDW-MISO,0.2413793103448274,2025-10-22T00:44:18.909Z,2025-10-09T08:10:42.538Z,lifecycle,False,,8,6,10,1,0.8660254037844387,-0.4999999999999998
2025-10-12 09:00:00+00:00,US-MIDW-MISO,0.2413793103448274,2025-10-21T00:28:37.203Z,2025-10-09T09:10:46.571Z,lifecycle,False,,9,6,10,1,0.7071067811865476,-0.7071067811865475
2025-10-12 10:00:00+00:00,US-MIDW-MISO,0.2413793103448274,2025-10-22T00:44:24.399Z,2025-10-09T10:10:22.449Z,lifecycle,False,,10,6,10,1,0.49999999999999994,-0.8660254037844387
2025-10-12 11:00:00+00:00,US-MIDW-MISO,0.2551724137931033,2025-10-20T00:29:27.668Z,2025-10-09T11:10:31.233Z,lifecycle,False,,11,6,10,1,0.258819045102521,-0.9659258262890682
2025-10-12 12:00:00+00:00,US-MIDW-MISO,0.2689655172413792,2025-10-22T00:44:24.399Z,2025-10-09T12:10:05.721Z,lifecycle,False,,12,6,10,1,1.2246467991473532e-16,-1.0
2025-10-12 13:00:00+00:00,US-MIDW-MISO,0.14137931034482754,2025-10-21T00:28:30.542Z,2025-10-09T13:10:51.002Z,lifecycle,False,,13,6,10,1,-0.2588190451025208,-0.9659258262890683
2025-10-12 14:00:00+00:00,US-MIDW-MISO,0.055172413793103336,2025-10-21T00:28:37.203Z,2025-10-09T14:11:30.479Z,lifecycle,False,,14,6,10,1,-0.4999999999999997,-0.8660254037844388
2025-10-12 15:00:00+00:00,US-MIDW-MISO,0.05862068965517242,2025-10-21T00:28:30.542Z,2025-10-09T15:09:34.176Z,lifecycle,False,,15,6,10,1,-0.7071067811865471,-0.7071067811865479
2025-10-12 16:00:00+00:00,US-MIDW-MISO,0.09310344827586192,2025-10-21T00:28:44.876Z,2025-10-09T16:09:24.989Z,lifecycle,False,,16,6,10,1,-0.8660254037844385,-0.5000000000000004
2025-10-12 17:00:00+00:00,US-MIDW-MISO,0.1206896551724137,2025-10-21T00:28:22.208Z,2025-10-09T17:10:22.076Z,lifecycle,False,,17,6,10,1,-0.9659258262890683,-0.25881904510252063
2025-10-12 18:00:00+00:00,US-MIDW-MISO,0.1344827586206896,2025-10-21T00:28:44.876Z,2025-10-09T18:10:09.035Z,lifecycle,False,,18,6,10,1,-1.0,-1.8369701987210297e-16
2025-10-12 19:00:00+00:00,US-MIDW-MISO,0.15172413793103434,2025-10-21T00:28:22.208Z,2025-10-09T19:10:44.500Z,lifecycle,False,,19,6,10,1,-0.9659258262890684,0.2588190451025203
2025-10-12 20:00:00+00:00,US-MIDW-MISO,0.18620689655172407,2025-10-19T00:30:58.389Z,2025-10-09T20:10:12.514Z,lifecycle,False,,20,6,10,1,-0.8660254037844386,0.5000000000000001
2025-10-12 21:00:00+00:00,US-MIDW-MISO,0.2551724137931033,2025-10-19T00:30:45.457Z,2025-10-09T21:10:18.219Z,lifecycle,False,,21,6,10,1,-0.7071067811865477,0.7071067811865474
2025-10-12 22:00:00+00:00,US-MIDW-MISO,0.43103448275862055,2025-10-21T00:28:35.455Z,2025-10-09T22:10:12.323Z,lifecycle,False,,22,6,10,1,-0.5000000000000004,0.8660254037844384
2025-10-12 23:00:00+00:00,US-MIDW-MISO,0.5655172413793101,2025-10-23T00:32:21.977Z,2025-10-09T23:10:28.699Z,lifecycle,False,,23,6,10,1,-0.25881904510252157,0.9659258262890681
2025-10-13 00:00:00+00:00,US-MIDW-MISO,0.5620689655172413,2025-10-23T00:32:21.977Z,2025-10-10T00:10:21.258Z,lifecycle,False,,0,0,10,0,0.0,1.0
2025-10-13 01:00:00+00:00,US-MIDW-MISO,0.5103448275862068,2025-10-23T00:32:44.880Z,2025-10-10T01:09:52.879Z,lifecycle,False,,1,0,10,0,0.25881904510252074,0.9659258262890683
2025-10-13 02:00:00+00:00,US-MIDW-MISO,0.4655172413793103,2025-10-23T00:32:43.007Z,2025-10-10T02:09:05.403Z,lifecycle,False,,2,0,10,0,0.49999999999999994,0.8660254037844387
2025-10-13 03:00:00+00:00,US-MIDW-MISO,0.4275862068965517,2025-10-23T00:32:21.977Z,2025-10-10T03:10:13.849Z,lifecycle,False,,3,0,10,0,0.7071067811865476,0.7071067811865476
2025-10-13 04:00:00+00:00,US-MIDW-MISO,0.3999999999999999,2025-10-23T00:32:43.007Z,2025-10-10T04:09:39.298Z,lifecycle,False,,4,0,10,0,0.8660254037844386,0.5000000000000001
2025-10-13 05:00:00+00:00,US-MIDW-MISO,0.3620689655172413,2025-10-23T00:32:21.977Z,2025-10-10T05:10:34.891Z,lifecycle,False,,5,0,10,0,0.9659258262890683,0.25881904510252074
2025-10-13 06:00:00+00:00,US-MIDW-MISO,0.3551724137931034,2025-10-23T00:32:43.007Z,2025-10-10T06:11:23.564Z,lifecycle,False,,6,0,10,0,1.0,6.123233995736766e-17
2025-10-13 07:00:00+00:00,US-MIDW-MISO,0.35862068965517224,2025-10-23T00:32:21.977Z,2025-10-10T07:10:41.926Z,lifecycle,False,,7,0,10,0,0.9659258262890683,-0.25881904510252063
2025-10-13 08:00:00+00:00,US-MIDW-MISO,0.37241379310344813,2025-10-23T00:32:44.880Z,2025-10-10T08:11:29.558Z,lifecycle,False,,8,0,10,0,0.8660254037844387,-0.4999999999999998
2025-10-13 09:00:00+00:00,US-MIDW-MISO,0.4103448275862067,2025-10-23T00:32:43.007Z,2025-10-10T09:11:20.176Z,lifecycle,False,,9,0,10,0,0.7071067811865476,-0.7071067811865475
2025-10-13 10:00:00+00:00,US-MIDW-MISO,0.482758620689655,2025-10-23T00:32:44.880Z,2025-10-10T10:10:57.886Z,lifecycle,False,,10,0,10,0,0.49999999999999994,-0.8660254037844387
2025-10-13 11:00:00+00:00,US-MIDW-MISO,0.596551724137931,2025-10-23T00:32:44.880Z,2025-10-10T11:12:10.049Z,lifecycle,False,,11,0,10,0,0.258819045102521,-0.9659258262890682
2025-10-13 12:00:00+00:00,US-MIDW-MISO,0.6724137931034482,2025-10-23T00:32:43.007Z,2025-10-10T12:11:03.910Z,lifecycle,False,,12,0,10,0,1.2246467991473532e-16,-1.0
2025-10-13 13:00:00+00:00,US-MIDW-MISO,0.596551724137931,2025-10-23T00:32:21.977Z,2025-10-10T13:10:05.505Z,lifecycle,False,,13,0,10,0,-0.2588190451025208,-0.9659258262890683
2025-10-13 14:00:00+00:00,US-MIDW-MISO,0.5448275862068965,2025-10-23T00:32:43.007Z,2025-10-10T14:10:24.946Z,lifecycle,False,,14,0,10,0,-0.4999999999999997,-0.8660254037844388
2025-10-13 15:00:00+00:00,US-MIDW-MISO,0.5482758620689654,2025-10-23T00:32:44.880Z,2025-10-10T15:11:37.932Z,lifecycle,False,,15,0,10,0,-0.7071067811865471,-0.7071067811865479
2025-10-13 16:00:00+00:00,US-MIDW-MISO,0.6482758620689655,2025-10-23T00:32:44.880Z,2025-10-10T16:10:50.380Z,lifecycle,False,,16,0,10,0,-0.8660254037844385,-0.5000000000000004
2025-10-13 17:00:00+00:00,US-MIDW-MISO,0.675862068965517,2025-10-23T00:32:21.977Z,2025-10-10T17:10:53.999Z,lifecycle,False,,17,0,10,0,-0.9659258262890683,-0.25881904510252063
2025-10-13 18:00:00+00:00,US-MIDW-MISO,0.7,2025-10-23T00:32:21.977Z,2025-10-10T18:10:02.435Z,lifecycle,False,,18,0,10,0,-1.0,-1.8369701987210297e-16
2025-10-13 19:00:00+00:00,US-MIDW-MISO,0.7103448275862068,2025-10-23T00:32:44.880Z,2025-10-10T19:10:55.584Z,lifecycle,False,,19,0,10,0,-0.9659258262890684,0.2588190451025203
2025-10-13 20:00:00+00:00,US-MIDW-MISO,0.7344827586206895,2025-10-23T00:32:44.880Z,2025-10-10T20:10:37.107Z,lifecycle,False,,20,0,10,0,-0.8660254037844386,0.5000000000000001
2025-10-13 21:00:00+00:00,US-MIDW-MISO,0.7517241379310344,2025-10-23T00:32:44.880Z,2025-10-10T21:10:11.877Z,lifecycle,False,,21,0,10,0,-0.7071067811865477,0.7071067811865474
2025-10-13 22:00:00+00:00,US-MIDW-MISO,0.8551724137931034,2025-10-23T00:32:44.880Z,2025-10-10T22:10:34.042Z,lifecycle,False,,22,0,10,0,-0.5000000000000004,0.8660254037844384
2025-10-13 23:00:00+00:00,US-MIDW-MISO,0.9206896551724137,2025-10-24T00:32:52.121Z,2025-10-10T23:10:33.238Z,lifecycle,False,,23,0,10,0,-0.25881904510252157,0.9659258262890681
2025-10-14 00:00:00+00:00,US-MIDW-MISO,0.886206896551724,2025-10-23T00:32:21.977Z,2025-10-11T00:10:24.734Z,lifecycle,False,,0,1,10,0,0.0,1.0
2025-10-14 01:00:00+00:00,US-MIDW-MISO,0.8586206896551722,2025-10-24T00:32:16.935Z,2025-10-11T01:10:57.615Z,lifecycle,False,,1,1,10,0,0.25881904510252074,0.9659258262890683
2025-10-14 02:00:00+00:00,US-MIDW-MISO,0.8172413793103448,2025-10-24T00:32:52.121Z,2025-10-11T02:11:00.999Z,lifecycle,False,,2,1,10,0,0.49999999999999994,0.8660254037844387
2025-10-14 03:00:00+00:00,US-MIDW-MISO,0.7931034482758619,2025-10-23T00:32:44.880Z,2025-10-11T03:11:13.114Z,lifecycle,False,,3,1,10,0,0.7071067811865476,0.7071067811865476
2025-10-14 04:00:00+00:00,US-MIDW-MISO,0.7448275862068965,2025-10-24T00:32:39.282Z,2025-10-11T04:10:03.373Z,lifecycle,False,,4,1,10,0,0.8660254037844386,0.5000000000000001
2025-10-14 05:00:00+00:00,US-MIDW-MISO,0.7068965517241379,2025-10-23T00:32:21.977Z,2025-10-11T05:10:40.585Z,lifecycle,False,,5,1,10,0,0.9659258262890683,0.25881904510252074
2025-10-14 06:00:00+00:00,US-MIDW-MISO,0.6793103448275861,2025-10-24T00:32:39.282Z,2025-10-11T06:10:57.369Z,lifecycle,False,,6,1,10,0,1.0,6.123233995736766e-17
2025-10-14 07:00:00+00:00,US-MIDW-MISO,0.6551724137931034,2025-10-24T00:32:39.282Z,2025-10-11T07:09:33.872Z,lifecycle,False,,7,1,10,0,0.9659258262890683,-0.25881904510252063
2025-10-14 08:00:00+00:00,US-MIDW-MISO,0.6724137931034482,2025-10-24T00:32:52.121Z,2025-10-11T08:09:47.604Z,lifecycle,False,,8,1,10,0,0.8660254037844387,-0.4999999999999998
2025-10-14 09:00:00+00:00,US-MIDW-MISO,0.682758620689655,2025-10-24T00:32:52.121Z,2025-10-11T09:15:24.004Z,lifecycle,False,,9,1,10,0,0.7071067811865476,-0.7071067811865475
2025-10-14 10:00:00+00:00,US-MIDW-MISO,0.7068965517241379,2025-10-24T00:32:39.282Z,2025-10-11T10:10:34.731Z,lifecycle,False,,10,1,10,0,0.49999999999999994,-0.8660254037844387
2025-10-14 11:00:00+00:00,US-MIDW-MISO,0.7448275862068965,2025-10-24T00:32:52.121Z,2025-10-11T11:11:01.495Z,lifecycle,False,,11,1,10,0,0.258819045102521,-0.9659258262890682
2025-10-14 12:00:00+00:00,US-MIDW-MISO,0.7689655172413792,2025-10-24T00:32:39.282Z,2025-10-11T12:10:40.882Z,lifecycle,False,,12,1,10,0,1.2246467991473532e-16,-1.0
2025-10-14 13:00:00+00:00,US-MIDW-MISO,0.6482758620689655,2025-10-24T00:32:39.282Z,2025-10-11T13:11:55.263Z,lifecycle,False,,13,1,10,0,-0.2588190451025208,-0.9659258262890683
2025-10-14 14:00:00+00:00,US-MIDW-MISO,0.579310344827586,2025-10-24T00:32:52.121Z,2025-10-11T14:10:28.224Z,lifecycle,False,,14,1,10,0,-0.4999999999999997,-0.8660254037844388
2025-10-14 15:00:00+00:00,US-MIDW-MISO,0.5931034482758619,2025-10-24T00:32:39.282Z,2025-10-11T15:10:50.337Z,lifecycle,False,,15,1,10,0,-0.7071067811865471,-0.7071067811865479
2025-10-14 16:00:00+00:00,US-MIDW-MISO,0.6068965517241378,2025-10-24T00:32:39.282Z,2025-10-11T16:12:42.733Z,lifecycle,False,,16,1,10,0,-0.8660254037844385,-0.5000000000000004
2025-10-14 17:00:00+00:00,US-MIDW-MISO,0.596551724137931,2025-10-24T00:32:16.935Z,2025-10-11T17:10:22.574Z,lifecycle,False,,17,1,10,0,-0.9659258262890683,-0.25881904510252063
2025-10-14 18:00:00+00:00,US-MIDW-MISO,0.6172413793103446,2025-10-24T00:32:16.935Z,2025-10-11T18:09:55.027Z,lifecycle,False,,18,1,10,0,-1.0,-1.8369701987210297e-16
2025-10-14 19:00:00+00:00,US-MIDW-MISO,0.5999999999999999,2025-10-24T00:32:39.282Z,2025-10-11T19:10:34.070Z,lifecycle,False,,19,1,10,0,-0.9659258262890684,0.2588190451025203
2025-10-14 20:00:00+00:00,US-MIDW-MISO,0.603448275862069,2025-10-24T00:32:39.282Z,2025-10-11T20:10:23.606Z,lifecycle,False,,20,1,10,0,-0.8660254037844386,0.5000000000000001
2025-10-14 21:00:00+00:00,US-MIDW-MISO,0.6241379310344826,2025-10-24T00:32:16.935Z,2025-10-11T21:10:49.172Z,lifecycle,False,,21,1,10,0,-0.7071067811865477,0.7071067811865474
2025-10-14 22:00:00+00:00,US-MIDW-MISO,0.7310344827586206,2025-10-24T00:32:16.935Z,2025-10-11T22:10:33.266Z,lifecycle,False,,22,1,10,0,-0.5000000000000004,0.8660254037844384
2025-10-14 23:00:00+00:00,US-MIDW-MISO,0.8172413793103448,2025-10-25T00:32:12.322Z,2025-10-11T23:09:54.229Z,lifecycle,False,,23,1,10,0,-0.25881904510252157,0.9659258262890681
2025-10-15 00:00:00+00:00,US-MIDW-MISO,0.8551724137931034,2025-10-25T00:32:05.147Z,2025-10-12T00:10:39.641Z,lifecycle,False,,0,2,10,0,0.0,1.0
2025-10-15 01:00:00+00:00,US-MIDW-MISO,0.8448275862068964,2025-10-25T00:32:12.322Z,2025-10-12T01:11:39.381Z,lifecycle,False,,1,2,10,0,0.25881904510252074,0.9659258262890683
2025-10-15 02:00:00+00:00,US-MIDW-MISO,0.8379310344827584,2025-10-25T00:32:05.147Z,2025-10-12T02:10:19.284Z,lifecycle,False,,2,2,10,0,0.49999999999999994,0.8660254037844387
2025-10-15 03:00:00+00:00,US-MIDW-MISO,0.8310344827586207,2025-10-25T00:31:49.842Z,2025-10-12T03:09:08.231Z,lifecycle,False,,3,2,10,0,0.7071067811865476,0.7071067811865476
2025-10-15 04:00:00+00:00,US-MIDW-MISO,0.8413793103448275,2025-10-25T00:32:12.322Z,2025-10-12T04:10:01.690Z,lifecycle,False,,4,2,10,0,0.8660254037844386,0.5000000000000001
2025-10-15 05:00:00+00:00,US-MIDW-MISO,0.8517241379310343,2025-10-25T00:32:05.147Z,2025-10-12T05:10:01.317Z,lifecycle,False,,5,2,10,0,0.9659258262890683,0.25881904510252074
2025-10-15 06:00:00+00:00,US-MIDW-MISO,0.8413793103448275,2025-10-25T00:32:12.322Z,2025-10-12T06:10:29.583Z,lifecycle,False,,6,2,10,0,1.0,6.123233995736766e-17
2025-10-15 07:00:00+00:00,US-MIDW-MISO,0.8517241379310343,2025-10-25T00:32:12.322Z,2025-10-12T07:09:57.414Z,lifecycle,False,,7,2,10,0,0.9659258262890683,-0.25881904510252063
2025-10-15 08:00:00+00:00,US-MIDW-MISO,0.8689655172413793,2025-10-25T00:32:12.322Z,2025-10-12T08:10:04.155Z,lifecycle,False,,8,2,10,0,0.8660254037844387,-0.4999999999999998
2025-10-15 09:00:00+00:00,US-MIDW-MISO,0.8965517241379308,2025-10-25T00:31:49.842Z,2025-10-12T09:10:28.531Z,lifecycle,False,,9,2,10,0,0.7071067811865476,-0.7071067811865475
2025-10-15 10:00:00+00:00,US-MIDW-MISO,0.9344827586206896,2025-10-25T00:31:49.842Z,2025-10-12T10:10:42.059Z,lifecycle,False,,10,2,10,0,0.49999999999999994,-0.8660254037844387
2025-10-15 11:00:00+00:00,US-MIDW-MISO,0.9448275862068964,2025-10-25T00:32:12.322Z,2025-10-12T11:11:29.309Z,lifecycle,False,,11,2,10,0,0.258819045102521,-0.9659258262890682
2025-10-15 12:00:00+00:00,US-MIDW-MISO,0.9448275862068964,2025-10-25T00:32:12.322Z,2025-10-12T12:12:00.798Z,lifecycle,False,,12,2,10,0,1.2246467991473532e-16,-1.0
2025-10-15 13:00:00+00:00,US-MIDW-MISO,0.8896551724137929,2025-10-25T00:31:49.842Z,2025-10-12T13:10:40.882Z,lifecycle,False,,13,2,10,0,-0.2588190451025208,-0.9659258262890683
2025-10-15 14:00:00+00:00,US-MIDW-MISO,0.8241379310344827,2025-10-25T00:31:49.842Z,2025-10-12T14:10:42.799Z,lifecycle,False,,14,2,10,0,-0.4999999999999997,-0.8660254037844388
2025-10-15 15:00:00+00:00,US-MIDW-MISO,0.789655172413793,2025-10-25T00:32:05.147Z,2025-10-12T15:11:52.511Z,lifecycle,False,,15,2,10,0,-0.7071067811865471,-0.7071067811865479
2025-10-15 16:00:00+00:00,US-MIDW-MISO,0.7758620689655171,2025-10-25T00:32:12.322Z,2025-10-12T16:10:45.677Z,lifecycle,False,,16,2,10,0,-0.8660254037844385,-0.5000000000000004
2025-10-15 17:00:00+00:00,US-MIDW-MISO,0.7862068965517239,2025-10-25T00:32:05.147Z,2025-10-12T17:11:01.928Z,lifecycle,False,,17,2,10,0,-0.9659258262890683,-0.25881904510252063
2025-10-15 18:00:00+00:00,US-MIDW-MISO,0.7862068965517239,2025-10-25T00:32:05.147Z,2025-10-12T18:09:45.048Z,lifecycle,False,,18,2,10,0,-1.0,-1.8369701987210297e-16
2025-10-15 19:00:00+00:00,US-MIDW-MISO,0.7793103448275862,2025-10-25T00:31:49.842Z,2025-10-12T19:11:08.720Z,lifecycle,False,,19,2,10,0,-0.9659258262890684,0.2588190451025203
2025-10-15 20:00:00+00:00,US-MIDW-MISO,0.796551724137931,2025-10-25T00:31:49.842Z,2025-10-12T20:11:23.953Z,lifecycle,False,,20,2,10,0,-0.8660254037844386,0.5000000000000001
2025-10-15 21:00:00+00:00,US-MIDW-MISO,0.7931034482758619,2025-10-25T00:31:49.842Z,2025-10-12T21:09:28.603Z,lifecycle,False,,21,2,10,0,-0.7071067811865477,0.7071067811865474
2025-10-15 22:00:00+00:00,US-MIDW-MISO,0.8689655172413793,2025-10-25T00:32:05.147Z,2025-10-12T22:10:43.214Z,lifecycle,False,,22,2,10,0,-0.5000000000000004,0.8660254037844384
2025-10-15 23:00:00+00:00,US-MIDW-MISO,0.9034482758620688,2025-10-25T00:32:12.322Z,2025-10-12T23:10:00.085Z,lifecycle,False,,23,2,10,0,-0.25881904510252157,0.9659258262890681
2025-10-16 00:00:00+00:00,US-MIDW-MISO,0.8655172413793102,2025-10-25T00:32:05.147Z,2025-10-13T00:10:09.730Z,lifecycle,False,,0,3,10,0,0.0,1.0
2025-10-16 01:00:00+00:00,US-MIDW-MISO,0.8241379310344827,2025-10-25T00:31:49.842Z,2025-10-13T01:10:24.199Z,lifecycle,False,,1,3,10,0,0.25881904510252074,0.9659258262890683
2025-10-16 02:00:00+00:00,US-MIDW-MISO,0.7724137931034483,2025-10-25T00:32:05.147Z,2025-10-13T02:10:13.594Z,lifecycle,False,,2,3,10,0,0.49999999999999994,0.8660254037844387
2025-10-16 03:00:00+00:00,US-MIDW-MISO,0.7344827586206895,2025-10-25T00:32:05.147Z,2025-10-13T03:09:26.263Z,lifecycle,False,,3,3,10,0,0.7071067811865476,0.7071067811865476
2025-10-16 04:00:00+00:00,US-MIDW-MISO,0.6724137931034482,2025-10-25T00:32:12.322Z,2025-10-13T04:10:17.608Z,lifecycle,False,,4,3,10,0,0.8660254037844386,0.5000000000000001
2025-10-16 05:00:00+00:00,US-MIDW-MISO,0.6586206896551723,2025-10-25T00:32:12.322Z,2025-10-13T05:10:34.271Z,lifecycle,False,,5,3,10,0,0.9659258262890683,0.25881904510252074
2025-10-16 06:00:00+00:00,US-MIDW-MISO,0.6137931034482758,2025-10-25T00:32:12.322Z,2025-10-13T06:11:20.035Z,lifecycle,False,,6,3,10,0,1.0,6.123233995736766e-17
2025-10-16 07:00:00+00:00,US-MIDW-MISO,0.5758620689655172,2025-10-25T00:32:12.322Z,2025-10-13T07:10:46.321Z,lifecycle,False,,7,3,10,0,0.9659258262890683,-0.25881904510252063
2025-10-16 08:00:00+00:00,US-MIDW-MISO,0.5482758620689654,2025-10-25T00:31:49.842Z,2025-10-13T08:11:03.952Z,lifecycle,False,,8,3,10,0,0.8660254037844387,-0.4999999999999998
2025-10-16 09:00:00+00:00,US-MIDW-MISO,0.5275862068965516,2025-10-26T00:34:25.941Z,2025-10-13T09:12:23.749Z,lifecycle,False,,9,3,10,0,0.7071067811865476,-0.7071067811865475
2025-10-16 10:00:00+00:00,US-MIDW-MISO,0.579310344827586,2025-10-26T00:34:06.029Z,2025-10-13T10:10:33.581Z,lifecycle,False,,10,3,10,0,0.49999999999999994,-0.8660254037844387
2025-10-16 11:00:00+00:00,US-MIDW-MISO,0.6413793103448275,2025-10-26T00:34:25.413Z,2025-10-13T11:10:35.904Z,lifecycle,False,,11,3,10,0,0.258819045102521,-0.9659258262890682
2025-10-16 12:00:00+00:00,US-MIDW-MISO,0.675862068965517,2025-10-26T00:34:25.941Z,2025-10-13T12:11:10.261Z,lifecycle,False,,12,3,10,0,1.2246467991473532e-16,-1.0
2025-10-16 13:00:00+00:00,US-MIDW-MISO,0.5482758620689654,2025-10-26T00:34:25.941Z,2025-10-13T13:10:22.581Z,lifecycle,False,,13,3,10,0,-0.2588190451025208,-0.9659258262890683
2025-10-16 14:00:00+00:00,US-MIDW-MISO,0.4275862068965517,2025-10-26T00:34:25.413Z,2025-10-13T14:10:40.523Z,lifecycle,False,,14,3,10,0,-0.4999999999999997,-0.8660254037844388
2025-10-16 15:00:00+00:00,US-MIDW-MISO,0.40689655172413786,2025-10-26T00:34:25.413Z,2025-10-13T15:11:51.333Z,lifecycle,False,,15,3,10,0,-0.7071067811865471,-0.7071067811865479
2025-10-16 16:00:00+00:00,US-MIDW-MISO,0.40689655172413786,2025-10-26T00:34:25.413Z,2025-10-13T16:12:28.653Z,lifecycle,False,,16,3,10,0,-0.8660254037844385,-0.5000000000000004
2025-10-16 17:00:00+00:00,US-MIDW-MISO,0.3965517241379308,2025-10-26T00:34:25.413Z,2025-10-13T17:10:12.490Z,lifecycle,False,,17,3,10,0,-0.9659258262890683,-0.25881904510252063
2025-10-16 18:00:00+00:00,US-MIDW-MISO,0.3965517241379308,2025-10-26T00:34:25.413Z,2025-10-13T18:10:06.550Z,lifecycle,False,,18,3,10,0,-1.0,-1.8369701987210297e-16
2025-10-16 19:00:00+00:00,US-MIDW-MISO,0.39310344827586197,2025-10-26T00:34:25.941Z,2025-10-13T19:11:01.871Z,lifecycle,False,,19,3,10,0,-0.9659258262890684,0.2588190451025203
2025-10-16 20:00:00+00:00,US-MIDW-MISO,0.39310344827586197,2025-10-25T00:32:10.042Z,2025-10-13T20:11:04.589Z,lifecycle,False,,20,3,10,0,-0.8660254037844386,0.5000000000000001
2025-10-16 21:00:00+00:00,US-MIDW-MISO,0.4413793103448276,2025-10-25T00:32:10.042Z,2025-10-13T21:09:57.467Z,lifecycle,False,,21,3,10,0,-0.7071067811865477,0.7071067811865474
2025-10-16 22:00:00+00:00,US-MIDW-MISO,0.596551724137931,2025-10-25T00:32:19.776Z,2025-10-13T22:10:24.400Z,lifecycle,False,,22,3,10,0,-0.5000000000000004,0.8660254037844384
2025-10-16 23:00:00+00:00,US-MIDW-MISO,0.693103448275862,2025-10-25T00:31:57.543Z,2025-10-13T23:09:32.123Z,lifecycle,False,,23,3,10,0,-0.25881904510252157,0.9659258262890681
2025-10-17 00:00:00+00:00,US-MIDW-MISO,0.6793103448275861,2025-10-27T01:30:15.979Z,2025-10-14T00:10:24.333Z,lifecycle,False,,0,4,10,0,0.0,1.0
2025-10-17 01:00:00+00:00,US-MIDW-MISO,0.6172413793103446,2025-10-27T01:30:45.990Z,2025-10-14T01:10:47.684Z,lifecycle,False,,1,4,10,0,0.25881904510252074,0.9659258262890683
2025-10-17 02:00:00+00:00,US-MIDW-MISO,0.5724137931034481,2025-10-27T01:30:15.979Z,2025-10-14T02:09:58.029Z,lifecycle,False,,2,4,10,0,0.49999999999999994,0.8660254037844387
2025-10-17 03:00:00+00:00,US-MIDW-MISO,0.5310344827586206,2025-10-27T01:30:15.979Z,2025-10-14T03:11:45.466Z,lifecycle,False,,3,4,10,0,0.7071067811865476,0.7071067811865476
2025-10-17 04:00:00+00:00,US-MIDW-MISO,0.4620689655172412,2025-10-27T01:30:37.120Z,2025-10-14T04:11:14.042Z,lifecycle,False,,4,4,10,0,0.8660254037844386,0.5000000000000001
2025-10-17 05:00:00+00:00,US-MIDW-MISO,0.3896551724137931,2025-10-27T01:30:15.979Z,2025-10-14T05:10:38.526Z,lifecycle,False,,5,4,10,0,0.9659258262890683,0.25881904510252074
2025-10-17 06:00:00+00:00,US-MIDW-MISO,0.34827586206896544,2025-10-27T01:30:37.120Z,2025-10-14T06:11:01.208Z,lifecycle,False,,6,4,10,0,1.0,6.123233995736766e-17
2025-10-17 07:00:00+00:00,US-MIDW-MISO,0.33448275862068955,2025-10-27T01:30:37.120Z,2025-10-14T07:10:23.754Z,lifecycle,False,,7,4,10,0,0.9659258262890683,-0.25881904510252063
2025-10-17 08:00:00+00:00,US-MIDW-MISO,0.3310344827586207,2025-10-27T01:30:15.979Z,2025-10-14T08:11:04.499Z,lifecycle,False,,8,4,10,0,0.8660254037844387,-0.4999999999999998
2025-10-17 09:00:00+00:00,US-MIDW-MISO,0.3172413793103448,2025-10-27T01:30:37.120Z,2025-10-14T09:10:35.254Z,lifecycle,False,,9,4,10,0,0.7071067811865476,-0.7071067811865475
2025-10-17 10:00:00+00:00,US-MIDW-MISO,0.32068965517241366,2025-10-27T01:30:45.990Z,2025-10-14T10:11:22.553Z,lifecycle,False,,10,4,10,0,0.49999999999999994,-0.8660254037844387
2025-10-17 11:00:00+00:00,US-MIDW-MISO,0.3999999999999999,2025-10-27T01:30:15.979Z,2025-10-14T11:11:39.349Z,lifecycle,False,,11,4,10,0,0.258819045102521,-0.9659258262890682
2025-10-17 12:00:00+00:00,US-MIDW-MISO,0.4103448275862067,2025-10-27T01:30:45.990Z,2025-10-14T12:10:43.546Z,lifecycle,False,,12,4,10,0,1.2246467991473532e-16,-1.0
2025-10-17 13:00:00+00:00,US-MIDW-MISO,0.3413793103448275,2025-10-27T01:30:37.120Z,2025-10-14T13:11:13.321Z,lifecycle,False,,13,4,10,0,-0.2588190451025208,-0.9659258262890683
2025-10-17 14:00:00+00:00,US-MIDW-MISO,0.2586206896551724,2025-10-27T01:30:37.120Z,2025-10-14T14:10:49.613Z,lifecycle,False,,14,4,10,0,-0.4999999999999997,-0.8660254037844388
2025-10-17 15:00:00+00:00,US-MIDW-MISO,0.2310344827586206,2025-10-27T01:30:37.120Z,2025-10-14T15:11:37.821Z,lifecycle,False,,15,4,10,0,-0.7071067811865471,-0.7071067811865479
2025-10-17 16:00:00+00:00,US-MIDW-MISO,0.24827586206896535,2025-10-27T01:30:37.120Z,2025-10-14T16:10:54.063Z,lifecycle,False,,16,4,10,0,-0.8660254037844385,-0.5000000000000004
2025-10-17 17:00:00+00:00,US-MIDW-MISO,0.2758620689655171,2025-10-27T01:30:15.979Z,2025-10-14T17:10:24.125Z,lifecycle,False,,17,4,10,0,-0.9659258262890683,-0.25881904510252063
2025-10-17 18:00:00+00:00,US-MIDW-MISO,0.3310344827586207,2025-10-27T01:30:37.120Z,2025-10-14T18:09:44.869Z,lifecycle,False,,18,4,10,0,-1.0,-1.8369701987210297e-16
2025-10-17 19:00:00+00:00,US-MIDW-MISO,0.39310344827586197,2025-10-27T01:30:45.990Z,2025-10-14T19:11:13.877Z,lifecycle,False,,19,4,10,0,-0.9659258262890684,0.2588190451025203
2025-10-17 20:00:00+00:00,US-MIDW-MISO,0.4724137931034482,2025-10-27T01:30:45.990Z,2025-10-14T20:11:30.596Z,lifecycle,False,,20,4,10,0,-0.8660254037844386,0.5000000000000001
2025-10-17 21:00:00+00:00,US-MIDW-MISO,0.5482758620689654,2025-10-27T01:30:45.990Z,2025-10-14T21:10:19.527Z,lifecycle,False,,21,4,10,0,-0.7071067811865477,0.7071067811865474
2025-10-17 22:00:00+00:00,US-MIDW-MISO,0.6896551724137929,2025-10-27T01:30:15.979Z,2025-10-14T22:11:20.786Z,lifecycle,False,,22,4,10,0,-0.5000000000000004,0.8660254037844384
2025-10-17 23:00:00+00:00,US-MIDW-MISO,0.7758620689655171,2025-10-27T01:30:45.990Z,2025-10-14T23:09:55.840Z,lifecycle,False,,23,4,10,0,-0.25881904510252157,0.9659258262890681
2025-10-18 00:00:00+00:00,US-MIDW-MISO,0.7344827586206895,2025-10-27T01:30:45.990Z,2025-10-15T00:10:38.508Z,lifecycle,False,,0,5,10,1,0.0,1.0
2025-10-18 01:00:00+00:00,US-MIDW-MISO,0.682758620689655,2025-10-27T01:30:15.979Z,2025-10-15T01:10:27.010Z,lifecycle,False,,1,5,10,1,0.25881904510252074,0.9659258262890683
2025-10-18 02:00:00+00:00,US-MIDW-MISO,0.6517241379310343,2025-10-27T01:30:15.979Z,2025-10-15T02:10:34.284Z,lifecycle,False,,2,5,10,1,0.49999999999999994,0.8660254037844387
2025-10-18 03:00:00+00:00,US-MIDW-MISO,0.6206896551724137,2025-10-27T01:30:45.990Z,2025-10-15T03:12:06.890Z,lifecycle,False,,3,5,10,1,0.7071067811865476,0.7071067811865476
2025-10-18 04:00:00+00:00,US-MIDW-MISO,0.5758620689655172,2025-10-27T01:30:45.990Z,2025-10-15T04:13:28.030Z,lifecycle,False,,4,5,10,1,0.8660254037844386,0.5000000000000001
2025-10-18 05:00:00+00:00,US-MIDW-MISO,0.5586206896551724,2025-10-27T01:30:15.979Z,2025-10-15T05:10:22.740Z,lifecycle,False,,5,5,10,1,0.9659258262890683,0.25881904510252074
2025-10-18 06:00:00+00:00,US-MIDW-MISO,0.5482758620689654,2025-10-27T01:30:37.120Z,2025-10-15T06:12:13.514Z,lifecycle,False,,6,5,10,1,1.0,6.123233995736766e-17
2025-10-18 07:00:00+00:00,US-MIDW-MISO,0.5517241379310345,2025-10-27T01:30:45.990Z,2025-10-15T07:10:21.830Z,lifecycle,False,,7,5,10,1,0.9659258262890683,-0.25881904510252063
2025-10-18 08:00:00+00:00,US-MIDW-MISO,0.5448275862068965,2025-10-27T01:30:45.990Z,2025-10-15T08:10:38.656Z,lifecycle,False,,8,5,10,1,0.8660254037844387,-0.4999999999999998
2025-10-18 09:00:00+00:00,US-MIDW-MISO,0.5172413793103448,2025-10-27T01:30:15.979Z,2025-10-15T09:10:21.422Z,lifecycle,False,,9,5,10,1,0.7071067811865476,-0.7071067811865475
2025-10-18 10:00:00+00:00,US-MIDW-MISO,0.5241379310344827,2025-10-27T01:30:37.120Z,2025-10-15T10:10:43.178Z,lifecycle,False,,10,5,10,1,0.49999999999999994,-0.8660254037844387
2025-10-18 11:00:00+00:00,US-MIDW-MISO,0.5517241379310345,2025-10-27T01:30:45.990Z,2025-10-15T11:11:07.112Z,lifecycle,False,,11,5,10,1,0.258819045102521,-0.9659258262890682
2025-10-18 12:00:00+00:00,US-MIDW-MISO,0.603448275862069,2025-10-27T01:30:37.120Z,2025-10-15T12:10:37.480Z,lifecycle,False,,12,5,10,1,1.2246467991473532e-16,-1.0
2025-10-18 13:00:00+00:00,US-MIDW-MISO,0.5275862068965516,2025-10-27T01:30:37.120Z,2025-10-15T13:10:48.861Z,lifecycle,False,,13,5,10,1,-0.2588190451025208,-0.9659258262890683
2025-10-18 14:00:00+00:00,US-MIDW-MISO,0.4724137931034482,2025-10-27T01:30:45.990Z,2025-10-15T14:10:58.924Z,lifecycle,False,,14,5,10,1,-0.4999999999999997,-0.8660254037844388
2025-10-18 15:00:00+00:00,US-MIDW-MISO,0.5137931034482757,2025-10-27T01:30:45.990Z,2025-10-15T15:10:07.689Z,lifecycle,False,,15,5,10,1,-0.7071067811865471,-0.7071067811865479
2025-10-18 16:00:00+00:00,US-MIDW-MISO,0.4758620689655171,2025-10-27T01:30:44.894Z,2025-10-15T16:10:58.186Z,lifecycle,False,,16,5,10,1,-0.8660254037844385,-0.5000000000000004
2025-10-18 17:00:00+00:00,US-MIDW-MISO,0.41724137931034466,2025-10-27T01:30:15.979Z,2025-10-15T17:11:50.806Z,lifecycle,False,,17,5,10,1,-0.9659258262890683,-0.25881904510252063
2025-10-18 18:00:00+00:00,US-MIDW-MISO,0.3793103448275861,2025-10-27T01:31:02.878Z,2025-10-15T18:10:27.038Z,lifecycle,False,,18,5,10,1,-1.0,-1.8369701987210297e-16
2025-10-18 19:00:00+00:00,US-MIDW-MISO,0.3896551724137931,2025-10-27T01:30:44.894Z,2025-10-15T19:11:05.227Z,lifecycle,False,,19,5,10,1,-0.9659258262890684,0.2588190451025203
2025-10-18 20:00:00+00:00,US-MIDW-MISO,0.4413793103448276,2025-10-27T01:30:23.712Z,2025-10-15T20:10:18.190Z,lifecycle,False,,20,5,10,1,-0.8660254037844386,0.5000000000000001
2025-10-18 21:00:00+00:00,US-MIDW-MISO,0.5379310344827586,2025-10-27T01:30:44.894Z,2025-10-15T21:11:10.804Z,lifecycle,False,,21,5,10,1,-0.7071067811865477,0.7071067811865474
2025-10-18 22:00:00+00:00,US-MIDW-MISO,0.5896551724137931,2025-10-27T01:31:02.878Z,2025-10-15T22:10:58.793Z,lifecycle,False,,22,5,10,1,-0.5000000000000004,0.8660254037844384
2025-10-18 23:00:00+00:00,US-MIDW-MISO,0.6068965517241378,2025-10-27T01:30:23.712Z,2025-10-15T23:10:07.735Z,lifecycle,False,,23,5,10,1,-0.25881904510252157,0.9659258262890681
2025-10-19 00:00:00+00:00,US-MIDW-MISO,0.603448275862069,2025-10-27T01:30:23.712Z,2025-10-16T00:12:17.245Z,lifecycle,False,,0,6,10,1,0.0,1.0
2025-10-19 01:00:00+00:00,US-MIDW-MISO,0.5551724137931033,2025-10-27T01:30:44.894Z,2025-10-16T01:10:22.095Z,lifecycle,False,,1,6,10,1,0.25881904510252074,0.9659258262890683
2025-10-19 02:00:00+00:00,US-MIDW-MISO,0.5206896551724136,2025-10-27T01:31:02.878Z,2025-10-16T02:10:00.286Z,lifecycle,False,,2,6,10,1,0.49999999999999994,0.8660254037844387
2025-10-19 03:00:00+00:00,US-MIDW-MISO,0.5,2025-10-27T01:31:02.878Z,2025-10-16T03:10:44.785Z,lifecycle,False,,3,6,10,1,0.7071067811865476,0.7071067811865476
2025-10-19 04:00:00+00:00,US-MIDW-MISO,0.4241379310344826,2025-10-27T01:31:02.878Z,2025-10-16T04:10:16.078Z,lifecycle,False,,4,6,10,1,0.8660254037844386,0.5000000000000001
2025-10-19 05:00:00+00:00,US-MIDW-MISO,0.34827586206896544,2025-10-27T01:30:44.894Z,2025-10-16T05:10:41.071Z,lifecycle,False,,5,6,10,1,0.9659258262890683,0.25881904510252074
2025-10-19 06:00:00+00:00,US-MIDW-MISO,0.2931034482758619,2025-10-27T01:31:02.878Z,2025-10-16T06:10:21.943Z,lifecycle,False,,6,6,10,1,1.0,6.123233995736766e-17
2025-10-19 07:00:00+00:00,US-MIDW-MISO,0.2172413793103447,2025-10-27T01:30:23.712Z,2025-10-16T07:10:40.069Z,lifecycle,False,,7,6,10,1,0.9659258262890683,-0.25881904510252063
2025-10-19 08:00:00+00:00,US-MIDW-MISO,0.18620689655172407,2025-10-27T01:31:02.878Z,2025-10-16T08:10:53.838Z,lifecycle,False,,8,6,10,1,0.8660254037844387,-0.4999999999999998
2025-10-19 09:00:00+00:00,US-MIDW-MISO,0.21379310344827585,2025-10-27T01:30:44.894Z,2025-10-16T09:10:51.494Z,lifecycle,False,,9,6,10,1,0.7071067811865476,-0.7071067811865475
2025-10-19 10:00:00+00:00,US-MIDW-MISO,0.23793103448275854,2025-10-27T01:30:23.712Z,2025-10-16T10:11:11.406Z,lifecycle,False,,10,6,10,1,0.49999999999999994,-0.8660254037844387
2025-10-19 11:00:00+00:00,US-MIDW-MISO,0.24482758620689649,2025-10-27T01:31:02.878Z,2025-10-16T11:10:38.740Z,lifecycle,False,,11,6,10,1,0.258819045102521,-0.9659258262890682
2025-10-19 12:00:00+00:00,US-MIDW-MISO,0.28620689655172393,2025-10-27T01:31:02.878Z,2025-10-16T12:10:55.544Z,lifecycle,False,,12,6,10,1,1.2246467991473532e-16,-1.0
2025-10-19 13:00:00+00:00,US-MIDW-MISO,0.24827586206896535,2025-10-27T01:30:23.712Z,2025-10-16T13:10:52.885Z,lifecycle,False,,13,6,10,1,-0.2588190451025208,-0.9659258262890683
2025-10-19 14:00:00+00:00,US-MIDW-MISO,0.21034482758620676,2025-10-27T01:30:23.712Z,2025-10-16T14:11:28.393Z,lifecycle,False,,14,6,10,1,-0.4999999999999997,-0.8660254037844388
2025-10-19 15:00:00+00:00,US-MIDW-MISO,0.21034482758620676,2025-10-27T01:30:23.712Z,2025-10-16T15:10:47.166Z,lifecycle,False,,15,6,10,1,-0.7071067811865471,-0.7071067811865479
2025-10-19 16:00:00+00:00,US-MIDW-MISO,0.19999999999999996,2025-10-27T01:30:23.712Z,2025-10-16T16:10:34.304Z,lifecycle,False,,16,6,10,1,-0.8660254037844385,-0.5000000000000004
2025-10-19 17:00:00+00:00,US-MIDW-MISO,0.1448275862068964,2025-10-27T01:31:02.878Z,2025-10-16T17:11:02.859Z,lifecycle,False,,17,6,10,1,-0.9659258262890683,-0.25881904510252063
2025-10-19 18:00:00+00:00,US-MIDW-MISO,0.096551724137931,2025-10-27T01:30:23.712Z,2025-10-16T18:10:06.547Z,lifecycle,False,,18,6,10,1,-1.0,-1.8369701987210297e-16
2025-10-19 19:00:00+00:00,US-MIDW-MISO,0.09310344827586192,2025-10-27T01:31:02.878Z,2025-10-16T19:10:48.415Z,lifecycle,False,,19,6,10,1,-0.9659258262890684,0.2588190451025203
2025-10-19 20:00:00+00:00,US-MIDW-MISO,0.1206896551724137,2025-10-27T01:30:23.712Z,2025-10-16T20:10:30.820Z,lifecycle,False,,20,6,10,1,-0.8660254037844386,0.5000000000000001
2025-10-19 21:00:00+00:00,US-MIDW-MISO,0.16551724137931023,2025-10-27T01:30:44.894Z,2025-10-16T21:10:35.136Z,lifecycle,False,,21,6,10,1,-0.7071067811865477,0.7071067811865474
2025-10-19 22:00:00+00:00,US-MIDW-MISO,0.3655172413793102,2025-10-27T01:31:02.878Z,2025-10-16T22:10:44.670Z,lifecycle,False,,22,6,10,1,-0.5000000000000004,0.8660254037844384
2025-10-19 23:00:00+00:00,US-MIDW-MISO,0.6379310344827585,2025-10-27T01:31:02.878Z,2025-10-16T23:10:30.206Z,lifecycle,False,,23,6,10,1,-0.25881904510252157,0.9659258262890681
2025-10-20 00:00:00+00:00,US-MIDW-MISO,0.7,2025-10-27T01:30:44.894Z,2025-10-17T00:11:08.165Z,lifecycle,False,,0,0,10,0,0.0,1.0
2025-10-20 01:00:00+00:00,US-MIDW-MISO,0.6517241379310343,2025-10-27T01:31:02.878Z,2025-10-17T01:09:38.979Z,lifecycle,False,,1,0,10,0,0.25881904510252074,0.9659258262890683
2025-10-20 02:00:00+00:00,US-MIDW-MISO,0.5137931034482757,2025-10-27T01:30:44.894Z,2025-10-17T02:10:50.696Z,lifecycle,False,,2,0,10,0,0.49999999999999994,0.8660254037844387
2025-10-20 03:00:00+00:00,US-MIDW-MISO,0.3999999999999999,2025-10-27T01:30:44.894Z,2025-10-17T03:11:08.894Z,lifecycle,False,,3,0,10,0,0.7071067811865476,0.7071067811865476
2025-10-20 04:00:00+00:00,US-MIDW-MISO,0.3034482758620689,2025-10-27T01:31:02.878Z,2025-10-17T04:10:57.397Z,lifecycle,False,,4,0,10,0,0.8660254037844386,0.5000000000000001
2025-10-20 05:00:00+00:00,US-MIDW-MISO,0.2206896551724138,2025-10-27T01:31:02.878Z,2025-10-17T05:10:54.000Z,lifecycle,False,,5,0,10,0,0.9659258262890683,0.25881904510252074
2025-10-20 06:00:00+00:00,US-MIDW-MISO,0.17931034482758612,2025-10-27T01:30:44.894Z,2025-10-17T06:11:02.328Z,lifecycle,False,,6,0,10,0,1.0,6.123233995736766e-17
2025-10-20 07:00:00+00:00,US-MIDW-MISO,0.16206896551724137,2025-10-27T01:31:02.878Z,2025-10-17T07:09:35.988Z,lifecycle,False,,7,0,10,0,0.9659258262890683,-0.25881904510252063
2025-10-20 08:00:00+00:00,US-MIDW-MISO,0.18620689655172407,2025-10-27T01:30:23.712Z,2025-10-17T08:09:26.764Z,lifecycle,False,,8,0,10,0,0.8660254037844387,-0.4999999999999998
2025-10-20 09:00:00+00:00,US-MIDW-MISO,0.2068965517241379,2025-10-27T01:30:48.854Z,2025-10-17T09:12:14.779Z,lifecycle,False,,9,0,10,0,0.7071067811865476,-0.7071067811865475
2025-10-20 10:00:00+00:00,US-MIDW-MISO,0.24482758620689649,2025-10-27T01:31:06.363Z,2025-10-17T10:11:26.974Z,lifecycle,False,,10,0,10,0,0.49999999999999994,-0.8660254037844387
2025-10-20 11:00:00+00:00,US-MIDW-MISO,0.33448275862068955,2025-10-27T01:30:48.854Z,2025-10-17T11:10:56.795Z,lifecycle,False,,11,0,10,0,0.258819045102521,-0.9659258262890682
2025-10-20 12:00:00+00:00,US-MIDW-MISO,0.3758620689655172,2025-10-27T01:30:27.625Z,2025-10-17T12:12:07.710Z,lifecycle,False,,12,0,10,0,1.2246467991473532e-16,-1.0
2025-10-20 13:00:00+00:00,US-MIDW-MISO,0.18965517241379293,2025-10-27T01:30:27.625Z,2025-10-17T13:12:05.826Z,lifecycle,False,,13,0,10,0,-0.2588190451025208,-0.9659258262890683
2025-10-20 14:00:00+00:00,US-MIDW-MISO,0.0344827586206895,2025-10-27T01:30:48.854Z,2025-10-17T14:10:49.699Z,lifecycle,False,,14,0,10,0,-0.4999999999999997,-0.8660254037844388
2025-10-20 15:00:00+00:00,US-MIDW-MISO,0.027586206896551557,2025-10-27T01:30:48.854Z,2025-10-17T15:11:03.259Z,lifecycle,False,,15,0,10,0,-0.7071067811865471,-0.7071067811865479
2025-10-20 16:00:00+00:00,US-MIDW-MISO,0.051724137931034475,2025-10-27T01:30:48.854Z,2025-10-17T16:09:18.648Z,lifecycle,False,,16,0,10,0,-0.8660254037844385,-0.5000000000000004
2025-10-20 17:00:00+00:00,US-MIDW-MISO,0.01724137931034475,2025-10-27T01:30:27.625Z,2025-10-17T17:13:32.347Z,lifecycle,False,,17,0,10,0,-0.9659258262890683,-0.25881904510252063
2025-10-20 18:00:00+00:00,US-MIDW-MISO,0.0,2025-10-27T01:30:48.854Z,2025-10-17T18:11:54.670Z,lifecycle,False,,18,0,10,0,-1.0,-1.8369701987210297e-16
2025-10-20 19:00:00+00:00,US-MIDW-MISO,0.01724137931034475,2025-10-27T01:30:48.854Z,2025-10-17T19:11:04.280Z,lifecycle,False,,19,0,10,0,-0.9659258262890684,0.2588190451025203
2025-10-20 20:00:00+00:00,US-MIDW-MISO,0.037931034482758585,2025-10-27T01:30:48.854Z,2025-10-17T20:12:01.878Z,lifecycle,False,,20,0,10,0,-0.8660254037844386,0.5000000000000001
2025-10-20 21:00:00+00:00,US-MIDW-MISO,0.1448275862068964,2025-10-27T01:30:27.625Z,2025-10-17T21:11:41.996Z,lifecycle,False,,21,0,10,0,-0.7071067811865477,0.7071067811865474
2025-10-20 22:00:00+00:00,US-MIDW-MISO,0.33793103448275863,2025-10-27T01:30:27.625Z,2025-10-17T22:10:06.092Z,lifecycle,False,,22,0,10,0,-0.5000000000000004,0.8660254037844384
2025-10-20 23:00:00+00:00,US-MIDW-MISO,0.45862068965517233,2025-10-27T01:31:06.363Z,2025-10-17T23:10:02.323Z,lifecycle,False,,23,0,10,0,-0.25881904510252157,0.9659258262890681
2025-10-21 00:00:00+00:00,US-MIDW-MISO,0.45862068965517233,2025-10-27T01:30:27.625Z,2025-10-18T00:09:52.393Z,lifecycle,False,,0,1,10,0,0.0,1.0
2025-10-21 01:00:00+00:00,US-MIDW-MISO,0.42068965517241375,2025-10-23T14:11:08.638Z,2025-10-18T01:10:10.508Z,lifecycle,False,,1,1,10,0,0.25881904510252074,0.9659258262890683
2025-10-21 02:00:00+00:00,US-MIDW-MISO,0.34482758620689635,2025-10-23T14:11:08.638Z,2025-10-18T02:10:52.287Z,lifecycle,False,,2,1,10,0,0.49999999999999994,0.8660254037844387
2025-10-21 03:00:00+00:00,US-MIDW-MISO,0.2793103448275862,2025-10-23T14:11:08.638Z,2025-10-18T03:10:02.428Z,lifecycle,False,,3,1,10,0,0.7071067811865476,0.7071067811865476
2025-10-21 04:00:00+00:00,US-MIDW-MISO,0.23793103448275854,2025-10-24T00:25:18.208Z,2025-10-18T04:09:39.562Z,lifecycle,False,,4,1,10,0,0.8660254037844386,0.5000000000000001
2025-10-21 05:00:00+00:00,US-MIDW-MISO,0.2172413793103447,2025-10-24T04:40:40.204Z,2025-10-18T05:10:12.212Z,lifecycle,False,,5,1,10,0,0.9659258262890683,0.25881904510252074
2025-10-21 06:00:00+00:00,US-MIDW-MISO,0.18275862068965498,2025-10-24T04:40:40.204Z,2025-10-18T06:10:49.461Z,lifecycle,False,,6,1,10,0,1.0,6.123233995736766e-17
2025-10-21 07:00:00+00:00,US-MIDW-MISO,0.16206896551724137,2025-10-24T04:40:40.204Z,2025-10-18T07:11:09.529Z,lifecycle,False,,7,1,10,0,0.9659258262890683,-0.25881904510252063
2025-10-21 08:00:00+00:00,US-MIDW-MISO,0.17931034482758612,2025-10-24T04:41:13.085Z,2025-10-18T08:10:27.776Z,lifecycle,False,,8,1,10,0,0.8660254037844387,-0.4999999999999998
2025-10-21 09:00:00+00:00,US-MIDW-MISO,0.19999999999999996,2025-10-24T04:41:13.085Z,2025-10-18T09:08:32.663Z,lifecycle,False,,9,1,10,0,0.7071067811865476,-0.7071067811865475
2025-10-21 10:00:00+00:00,US-MIDW-MISO,0.2551724137931033,2025-10-24T10:26:49.995Z,2025-10-18T10:09:47.218Z,lifecycle,False,,10,1,10,0,0.49999999999999994,-0.8660254037844387
2025-10-21 11:00:00+00:00,US-MIDW-MISO,0.3413793103448275,2025-10-24T11:09:03.539Z,2025-10-18T11:09:15.119Z,lifecycle,False,,11,1,10,0,0.258819045102521,-0.9659258262890682
2025-10-21 12:00:00+00:00,US-MIDW-MISO,0.34827586206896544,2025-10-24T12:25:35.691Z,2025-10-18T12:10:11.208Z,lifecycle,False,,12,1,10,0,1.2246467991473532e-16,-1.0
2025-10-21 13:00:00+00:00,US-MIDW-MISO,0.19655172413793087,2025-10-24T12:25:16.736Z,2025-10-18T13:10:55.207Z,lifecycle,False,,13,1,10,0,-0.2588190451025208,-0.9659258262890683
2025-10-21 14:00:00+00:00,US-MIDW-MISO,0.04482758620689653,2025-10-24T12:25:35.691Z,2025-10-18T14:10:32.708Z,lifecycle,False,,14,1,10,0,-0.4999999999999997,-0.8660254037844388
2025-10-21 15:00:00+00:00,US-MIDW-MISO,0.06551724137931014,2025-10-24T12:25:28.569Z,2025-10-18T15:10:29.411Z,lifecycle,False,,15,1,10,0,-0.7071067811865471,-0.7071067811865479
2025-10-21 16:00:00+00:00,US-MIDW-MISO,0.09999999999999987,2025-10-24T12:25:28.569Z,2025-10-18T16:10:12.468Z,lifecycle,False,,16,1,10,0,-0.8660254037844385,-0.5000000000000004
2025-10-21 17:00:00+00:00,US-MIDW-MISO,0.1206896551724137,2025-10-24T12:25:28.569Z,2025-10-18T17:11:10.879Z,lifecycle,False,,17,1,10,0,-0.9659258262890683,-0.25881904510252063
2025-10-21 18:00:00+00:00,US-MIDW-MISO,0.14827586206896548,2025-10-24T18:26:36.345Z,2025-10-18T18:11:53.784Z,lifecycle,False,,18,1,10,0,-1.0,-1.8369701987210297e-16
2025-10-21 19:00:00+00:00,US-MIDW-MISO,0.1344827586206896,2025-10-24T18:26:36.345Z,2025-10-18T19:10:57.419Z,lifecycle,False,,19,1,10,0,-0.9659258262890684,0.2588190451025203
2025-10-21 20:00:00+00:00,US-MIDW-MISO,0.15517241379310343,2025-10-24T18:26:08.745Z,2025-10-18T20:11:15.515Z,lifecycle,False,,20,1,10,0,-0.8660254037844386,0.5000000000000001
2025-10-21 21:00:00+00:00,US-MIDW-MISO,0.21379310344827585,2025-10-24T18:26:27.205Z,2025-10-18T21:10:13.537Z,lifecycle,False,,21,1,10,0,-0.7071067811865477,0.7071067811865474
2025-10-21 22:00:00+00:00,US-MIDW-MISO,0.34482758620689635,2025-10-24T18:26:08.745Z,2025-10-18T22:11:47.972Z,lifecycle,False,,22,1,10,0,-0.5000000000000004,0.8660254037844384
2025-10-21 23:00:00+00:00,US-MIDW-MISO,0.43448275862068964,2025-10-24T18:26:08.745Z,2025-10-18T23:10:04.480Z,lifecycle,False,,23,1,10,0,-0.25881904510252157,0.9659258262890681
2025-10-22 00:00:00+00:00,US-MIDW-MISO,0.4413793103448276,2025-10-25T00:25:48.259Z,2025-10-19T00:09:44.195Z,lifecycle,False,,0,2,10,0,0.0,1.0
2025-10-22 01:00:00+00:00,US-MIDW-MISO,0.45862068965517233,2025-10-25T00:26:02.107Z,2025-10-19T01:09:57.436Z,lifecycle,False,,1,2,10,0,0.25881904510252074,0.9659258262890683
2025-10-22 02:00:00+00:00,US-MIDW-MISO,0.43448275862068964,2025-10-25T00:26:02.107Z,2025-10-19T02:10:20.421Z,lifecycle,False,,2,2,10,0,0.49999999999999994,0.8660254037844387
2025-10-22 03:00:00+00:00,US-MIDW-MISO,0.42068965517241375,2025-10-24T10:10:23.488Z,2025-10-19T03:10:21.922Z,lifecycle,False,,3,2,10,0,0.7071067811865476,0.7071067811865476
2025-10-22 04:00:00+00:00,US-MIDW-MISO,0.3793103448275861,2025-10-24T12:09:43.712Z,2025-10-19T04:10:17.575Z,lifecycle,False,,4,2,10,0,0.8660254037844386,0.5000000000000001
2025-10-22 05:00:00+00:00,US-MIDW-MISO,0.33448275862068955,2025-10-24T15:24:09.253Z,2025-10-19T05:10:23.135Z,lifecycle,False,,5,2,10,0,0.9659258262890683,0.25881904510252074
2025-10-22 06:00:00+00:00,US-MIDW-MISO,0.33793103448275863,2025-10-24T15:24:09.253Z,2025-10-19T06:10:04.218Z,lifecycle,False,,6,2,10,0,1.0,6.123233995736766e-17
2025-10-22 07:00:00+00:00,US-MIDW-MISO,0.34827586206896544,2025-10-24T15:24:09.253Z,2025-10-19T07:10:01.427Z,lifecycle,False,,7,2,10,0,0.9659258262890683,-0.25881904510252063
2025-10-22 08:00:00+00:00,US-MIDW-MISO,0.3517241379310343,2025-10-24T12:25:16.736Z,2025-10-19T08:12:17.422Z,lifecycle,False,,8,2,10,0,0.8660254037844387,-0.4999999999999998
2025-10-22 09:00:00+00:00,US-MIDW-MISO,0.3758620689655172,2025-10-24T12:25:16.736Z,2025-10-19T09:09:39.738Z,lifecycle,False,,9,2,10,0,0.7071067811865476,-0.7071067811865475
2025-10-22 10:00:00+00:00,US-MIDW-MISO,0.47931034482758617,2025-10-24T12:25:38.712Z,2025-10-19T10:09:48.069Z,lifecycle,False,,10,2,10,0,0.49999999999999994,-0.8660254037844387
2025-10-22 11:00:00+00:00,US-MIDW-MISO,0.5758620689655172,2025-10-24T12:25:38.712Z,2025-10-19T11:10:40.013Z,lifecycle,False,,11,2,10,0,0.258819045102521,-0.9659258262890682
2025-10-22 12:00:00+00:00,US-MIDW-MISO,0.6310344827586205,2025-10-24T12:25:16.736Z,2025-10-19T12:11:09.882Z,lifecycle,False,,12,2,10,0,1.2246467991473532e-16,-1.0
2025-10-22 13:00:00+00:00,US-MIDW-MISO,0.5448275862068965,2025-10-24T15:23:56.601Z,2025-10-19T13:10:24.327Z,lifecycle,False,,13,2,10,0,-0.2588190451025208,-0.9659258262890683
2025-10-22 14:00:00+00:00,US-MIDW-MISO,0.4655172413793103,2025-10-24T12:25:28.569Z,2025-10-19T14:09:40.724Z,lifecycle,False,,14,2,10,0,-0.4999999999999997,-0.8660254037844388
2025-10-22 15:00:00+00:00,US-MIDW-MISO,0.4517241379310344,2025-10-25T12:25:37.702Z,2025-10-19T15:11:39.675Z,lifecycle,False,,15,2,10,0,-0.7071067811865471,-0.7071067811865479
2025-10-22 16:00:00+00:00,US-MIDW-MISO,0.45517241379310325,2025-10-25T12:25:45.116Z,2025-10-19T16:09:59.966Z,lifecycle,False,,16,2,10,0,-0.8660254037844385,-0.5000000000000004
2025-10-22 17:00:00+00:00,US-MIDW-MISO,0.41724137931034466,2025-10-24T12:25:16.736Z,2025-10-19T17:10:39.976Z,lifecycle,False,,17,2,10,0,-0.9659258262890683,-0.25881904510252063
2025-10-22 18:00:00+00:00,US-MIDW-MISO,0.3517241379310343,2025-10-24T12:25:38.712Z,2025-10-19T18:10:58.586Z,lifecycle,False,,18,2,10,0,-1.0,-1.8369701987210297e-16
2025-10-22 19:00:00+00:00,US-MIDW-MISO,0.3034482758620689,2025-10-24T12:25:16.736Z,2025-10-19T19:11:53.431Z,lifecycle,False,,19,2,10,0,-0.9659258262890684,0.2588190451025203
2025-10-22 20:00:00+00:00,US-MIDW-MISO,0.2758620689655171,2025-10-24T12:25:28.569Z,2025-10-19T20:10:47.692Z,lifecycle,False,,20,2,10,0,-0.8660254037844386,0.5000000000000001
2025-10-22 21:00:00+00:00,US-MIDW-MISO,0.3413793103448275,2025-10-24T12:25:38.712Z,2025-10-19T21:10:01.910Z,lifecycle,False,,21,2,10,0,-0.7071067811865477,0.7071067811865474
2025-10-22 22:00:00+00:00,US-MIDW-MISO,0.5275862068965516,2025-10-24T12:25:16.736Z,2025-10-19T22:10:55.096Z,lifecycle,False,,22,2,10,0,-0.5000000000000004,0.8660254037844384
2025-10-22 23:00:00+00:00,US-MIDW-MISO,0.7241379310344827,2025-10-24T12:25:38.712Z,2025-10-19T23:09:35.226Z,lifecycle,False,,23,2,10,0,-0.25881904510252157,0.9659258262890681
2025-10-23 00:00:00+00:00,US-MIDW-MISO,0.8034482758620689,2025-10-24T12:25:16.736Z,2025-10-20T00:10:18.367Z,lifecycle,False,,0,3,10,0,0.0,1.0
2025-10-23 01:00:00+00:00,US-MIDW-MISO,0.8206896551724137,2025-10-24T12:25:16.736Z,2025-10-20T01:09:46.486Z,lifecycle,False,,1,3,10,0,0.25881904510252074,0.9659258262890683
2025-10-23 02:00:00+00:00,US-MIDW-MISO,0.8413793103448275,2025-10-24T12:25:16.736Z,2025-10-20T02:10:20.849Z,lifecycle,False,,2,3,10,0,0.49999999999999994,0.8660254037844387
2025-10-23 03:00:00+00:00,US-MIDW-MISO,0.8551724137931034,2025-10-25T12:25:48.338Z,2025-10-20T03:10:08.097Z,lifecycle,False,,3,3,10,0,0.7071067811865476,0.7071067811865476
2025-10-23 04:00:00+00:00,US-MIDW-MISO,0.8620689655172413,2025-10-25T12:25:37.702Z,2025-10-20T04:10:26.893Z,lifecycle,False,,4,3,10,0,0.8660254037844386,0.5000000000000001
2025-10-23 05:00:00+00:00,US-MIDW-MISO,0.8586206896551722,2025-10-25T12:40:59.057Z,2025-10-20T05:10:13.479Z,lifecycle,False,,5,3,10,0,0.9659258262890683,0.25881904510252074
2025-10-23 06:00:00+00:00,US-MIDW-MISO,0.8620689655172413,2025-10-25T12:40:59.057Z,2025-10-20T06:11:28.573Z,lifecycle,False,,6,3,10,0,1.0,6.123233995736766e-17
2025-10-23 07:00:00+00:00,US-MIDW-MISO,0.8586206896551722,2025-10-25T12:40:59.057Z,2025-10-20T07:10:07.733Z,lifecycle,False,,7,3,10,0,0.9659258262890683,-0.25881904510252063
2025-10-23 08:00:00+00:00,US-MIDW-MISO,0.8827586206896552,2025-10-25T12:40:36.586Z,2025-10-20T08:09:49.339Z,lifecycle,False,,8,3,10,0,0.8660254037844387,-0.4999999999999998
2025-10-23 09:00:00+00:00,US-MIDW-MISO,0.8999999999999999,2025-10-25T12:40:36.586Z,2025-10-20T09:10:44.446Z,lifecycle,False,,9,3,10,0,0.7071067811865476,-0.7071067811865475
2025-10-23 10:00:00+00:00,US-MIDW-MISO,0.9275862068965517,2025-10-26T00:25:16.451Z,2025-10-20T10:11:10.800Z,lifecycle,False,,10,3,10,0,0.49999999999999994,-0.8660254037844387
2025-10-23 11:00:00+00:00,US-MIDW-MISO,0.9413793103448276,2025-10-25T12:40:59.057Z,2025-10-20T11:11:58.712Z,lifecycle,False,,11,3,10,0,0.258819045102521,-0.9659258262890682
2025-10-23 12:00:00+00:00,US-MIDW-MISO,0.9448275862068964,2025-10-25T12:41:25.985Z,2025-10-20T12:11:21.672Z,lifecycle,False,,12,3,10,0,1.2246467991473532e-16,-1.0
2025-10-23 13:00:00+00:00,US-MIDW-MISO,0.8137931034482757,2025-10-25T12:41:25.985Z,2025-10-20T13:12:10.833Z,lifecycle,False,,13,3,10,0,-0.2588190451025208,-0.9659258262890683
2025-10-23 14:00:00+00:00,US-MIDW-MISO,0.6620689655172414,2025-10-25T12:40:36.586Z,2025-10-20T14:12:05.995Z,lifecycle,False,,14,3,10,0,-0.4999999999999997,-0.8660254037844388
2025-10-23 15:00:00+00:00,US-MIDW-MISO,0.6517241379310343,2025-10-26T13:24:26.706Z,2025-10-20T15:10:20.267Z,lifecycle,False,,15,3,10,0,-0.7071067811865471,-0.7071067811865479
2025-10-23 16:00:00+00:00,US-MIDW-MISO,0.6344827586206896,2025-10-26T12:25:17.283Z,2025-10-20T16:10:30.457Z,lifecycle,False,,16,3,10,0,-0.8660254037844385,-0.5000000000000004
2025-10-23 17:00:00+00:00,US-MIDW-MISO,0.6137931034482758,2025-10-26T12:25:35.951Z,2025-10-20T17:10:16.786Z,lifecycle,False,,17,3,10,0,-0.9659258262890683,-0.25881904510252063
2025-10-23 18:00:00+00:00,US-MIDW-MISO,0.596551724137931,2025-10-26T12:25:17.283Z,2025-10-20T18:11:36.559Z,lifecycle,False,,18,3,10,0,-1.0,-1.8369701987210297e-16
2025-10-23 19:00:00+00:00,US-MIDW-MISO,0.5379310344827586,2025-10-26T13:24:08.101Z,2025-10-20T19:11:28.056Z,lifecycle,False,,19,3,10,0,-0.9659258262890684,0.2588190451025203
2025-10-23 20:00:00+00:00,US-MIDW-MISO,0.5310344827586206,2025-10-26T12:25:35.951Z,2025-10-20T20:10:29.582Z,lifecycle,False,,20,3,10,0,-0.8660254037844386,0.5000000000000001
2025-10-23 21:00:00+00:00,US-MIDW-MISO,0.6241379310344826,2025-10-26T12:25:35.951Z,2025-10-20T21:11:19.775Z,lifecycle,False,,21,3,10,0,-0.7071067811865477,0.7071067811865474
2025-10-23 22:00:00+00:00,US-MIDW-MISO,0.8517241379310343,2025-10-25T12:25:37.702Z,2025-10-20T22:11:41.330Z,lifecycle,False,,22,3,10,0,-0.5000000000000004,0.8660254037844384
2025-10-23 23:00:00+00:00,US-MIDW-MISO,0.96551724137931,2025-10-26T07:25:01.347Z,2025-10-20T23:11:49.427Z,lifecycle,False,,23,3,10,0,-0.25881904510252157,0.9659258262890681
2025-10-24 00:00:00+00:00,US-MIDW-MISO,0.9724137931034482,2025-10-25T12:40:36.586Z,2025-10-21T00:10:26.036Z,lifecycle,False,,0,4,10,0,0.0,1.0
2025-10-24 01:00:00+00:00,US-MIDW-MISO,0.9586206896551723,2025-10-25T12:41:25.985Z,2025-10-21T01:10:57.076Z,lifecycle,False,,1,4,10,0,0.25881904510252074,0.9659258262890683
2025-10-24 02:00:00+00:00,US-MIDW-MISO,0.9620689655172412,2025-10-25T12:40:36.586Z,2025-10-21T02:09:50.197Z,lifecycle,False,,2,4,10,0,0.49999999999999994,0.8660254037844387
2025-10-24 03:00:00+00:00,US-MIDW-MISO,0.9586206896551723,2025-10-25T12:41:25.985Z,2025-10-21T03:11:24.995Z,lifecycle,False,,3,4,10,0,0.7071067811865476,0.7071067811865476
2025-10-24 04:00:00+00:00,US-MIDW-MISO,0.9482758620689653,2025-10-26T12:25:28.981Z,2025-10-21T04:10:02.132Z,lifecycle,False,,4,4,10,0,0.8660254037844386,0.5000000000000001
2025-10-24 05:00:00+00:00,US-MIDW-MISO,0.9413793103448276,2025-10-27T01:24:49.413Z,2025-10-21T05:11:24.287Z,lifecycle,False,,5,4,10,0,0.9659258262890683,0.25881904510252074
2025-10-24 06:00:00+00:00,US-MIDW-MISO,0.9103448275862067,2025-10-27T01:24:56.815Z,2025-10-21T06:11:05.611Z,lifecycle,False,,6,4,10,0,1.0,6.123233995736766e-17
2025-10-24 07:00:00+00:00,US-MIDW-MISO,0.886206896551724,2025-10-26T12:40:12.073Z,2025-10-21T07:11:43.393Z,lifecycle,False,,7,4,10,0,0.9659258262890683,-0.25881904510252063
2025-10-24 08:00:00+00:00,US-MIDW-MISO,0.8620689655172413,2025-10-26T12:39:46.622Z,2025-10-21T08:11:06.541Z,lifecycle,False,,8,4,10,0,0.8660254037844387,-0.4999999999999998
2025-10-24 09:00:00+00:00,US-MIDW-MISO,0.8655172413793102,2025-10-27T01:24:37.150Z,2025-10-21T09:09:26.153Z,lifecycle,False,,9,4,10,0,0.7071067811865476,-0.7071067811865475
2025-10-24 10:00:00+00:00,US-MIDW-MISO,0.8413793103448275,2025-10-27T01:24:37.150Z,2025-10-21T10:11:33.141Z,lifecycle,False,,10,4,10,0,0.49999999999999994,-0.8660254037844387
2025-10-24 11:00:00+00:00,US-MIDW-MISO,0.8310344827586207,2025-10-27T01:24:59.992Z,2025-10-21T11:09:59.693Z,lifecycle,False,,11,4,10,0,0.258819045102521,-0.9659258262890682
2025-10-24 12:00:00+00:00,US-MIDW-MISO,0.8241379310344827,2025-10-27T01:24:59.992Z,2025-10-21T12:10:48.604Z,lifecycle,False,,12,4,10,0,1.2246467991473532e-16,-1.0
2025-10-24 13:00:00+00:00,US-MIDW-MISO,0.7172413793103447,2025-10-27T01:24:49.413Z,2025-10-21T13:10:19.987Z,lifecycle,False,,13,4,10,0,-0.2588190451025208,-0.9659258262890683
2025-10-24 14:00:00+00:00,US-MIDW-MISO,0.5413793103448274,2025-10-27T01:24:59.992Z,2025-10-21T14:10:23.256Z,lifecycle,False,,14,4,10,0,-0.4999999999999997,-0.8660254037844388
2025-10-24 15:00:00+00:00,US-MIDW-MISO,0.579310344827586,2025-10-26T12:40:00.156Z,2025-10-21T15:11:25.949Z,lifecycle,False,,15,4,10,0,-0.7071067811865471,-0.7071067811865479
2025-10-24 16:00:00+00:00,US-MIDW-MISO,0.5896551724137931,2025-10-27T01:24:59.992Z,2025-10-21T16:10:20.549Z,lifecycle,False,,16,4,10,0,-0.8660254037844385,-0.5000000000000004
2025-10-24 17:00:00+00:00,US-MIDW-MISO,0.603448275862069,2025-10-26T12:39:46.622Z,2025-10-21T17:09:22.742Z,lifecycle,False,,17,4,10,0,-0.9659258262890683,-0.25881904510252063
2025-10-24 18:00:00+00:00,US-MIDW-MISO,0.6103448275862069,2025-10-26T12:40:00.156Z,2025-10-21T18:12:44.681Z,lifecycle,False,,18,4,10,0,-1.0,-1.8369701987210297e-16
2025-10-24 19:00:00+00:00,US-MIDW-MISO,0.6206896551724137,2025-10-27T01:24:49.413Z,2025-10-21T19:10:58.086Z,lifecycle,False,,19,4,10,0,-0.9659258262890684,0.2588190451025203
2025-10-24 20:00:00+00:00,US-MIDW-MISO,0.6172413793103446,2025-10-26T12:40:12.073Z,2025-10-21T20:11:18.195Z,lifecycle,False,,20,4,10,0,-0.8660254037844386,0.5000000000000001
2025-10-24 21:00:00+00:00,US-MIDW-MISO,0.6862068965517241,2025-10-27T01:24:49.413Z,2025-10-21T21:10:42.508Z,lifecycle,False,,21,4,10,0,-0.7071067811865477,0.7071067811865474
2025-10-24 22:00:00+00:00,US-MIDW-MISO,0.7931034482758619,2025-10-27T01:24:59.992Z,2025-10-21T22:11:24.975Z,lifecycle,False,,22,4,10,0,-0.5000000000000004,0.8660254037844384
2025-10-24 23:00:00+00:00,US-MIDW-MISO,0.8379310344827584,2025-10-27T01:24:49.413Z,2025-10-21T23:10:29.696Z,lifecycle,False,,23,4,10,0,-0.25881904510252157,0.9659258262890681
2025-10-25 00:00:00+00:00,US-MIDW-MISO,0.8172413793103448,2025-10-27T01:24:37.150Z,2025-10-22T00:10:58.020Z,lifecycle,False,,0,5,10,1,0.0,1.0
2025-10-25 01:00:00+00:00,US-MIDW-MISO,0.7689655172413792,2025-10-27T01:24:59.992Z,2025-10-22T01:10:31.241Z,lifecycle,False,,1,5,10,1,0.25881904510252074,0.9659258262890683
2025-10-25 02:00:00+00:00,US-MIDW-MISO,0.7206896551724138,2025-10-27T01:24:49.413Z,2025-10-22T02:10:35.998Z,lifecycle,False,,2,5,10,1,0.49999999999999994,0.8660254037844387
2025-10-25 03:00:00+00:00,US-MIDW-MISO,0.675862068965517,2025-10-27T01:24:59.992Z,2025-10-22T03:10:19.360Z,lifecycle,False,,3,5,10,1,0.7071067811865476,0.7071067811865476
2025-10-25 04:00:00+00:00,US-MIDW-MISO,0.6551724137931034,2025-10-27T01:24:49.413Z,2025-10-22T04:10:52.271Z,lifecycle,False,,4,5,10,1,0.8660254037844386,0.5000000000000001
2025-10-25 05:00:00+00:00,US-MIDW-MISO,0.6103448275862069,2025-10-26T13:24:19.693Z,2025-10-22T05:10:21.665Z,lifecycle,False,,5,5,10,1,0.9659258262890683,0.25881904510252074
2025-10-25 06:00:00+00:00,US-MIDW-MISO,0.586206896551724,2025-10-27T01:24:37.150Z,2025-10-22T06:09:34.356Z,lifecycle,False,,6,5,10,1,1.0,6.123233995736766e-17
2025-10-25 07:00:00+00:00,US-MIDW-MISO,0.5689655172413792,2025-10-27T01:24:59.992Z,2025-10-22T07:10:32.383Z,lifecycle,False,,7,5,10,1,0.9659258262890683,-0.25881904510252063
2025-10-25 08:00:00+00:00,US-MIDW-MISO,0.586206896551724,2025-10-26T13:24:23.386Z,2025-10-22T08:10:04.763Z,lifecycle,False,,8,5,10,1,0.8660254037844387,-0.4999999999999998
2025-10-25 09:00:00+00:00,US-MIDW-MISO,0.6551724137931034,2025-10-27T01:24:49.413Z,2025-10-22T09:10:50.716Z,lifecycle,False,,9,5,10,1,0.7071067811865476,-0.7071067811865475
2025-10-25 10:00:00+00:00,US-MIDW-MISO,0.7241379310344827,2025-10-27T01:24:49.413Z,2025-10-22T10:12:27.204Z,lifecycle,False,,10,5,10,1,0.49999999999999994,-0.8660254037844387
2025-10-25 11:00:00+00:00,US-MIDW-MISO,0.7620689655172412,2025-10-26T13:24:29.611Z,2025-10-22T11:11:41.662Z,lifecycle,False,,11,5,10,1,0.258819045102521,-0.9659258262890682
2025-10-25 12:00:00+00:00,US-MIDW-MISO,0.7931034482758619,2025-10-27T01:24:37.150Z,2025-10-22T12:11:51.052Z,lifecycle,False,,12,5,10,1,1.2246467991473532e-16,-1.0
2025-10-25 13:00:00+00:00,US-MIDW-MISO,0.7620689655172412,2025-10-27T01:24:59.992Z,2025-10-22T13:09:18.589Z,lifecycle,False,,13,5,10,1,-0.2588190451025208,-0.9659258262890683
2025-10-25 14:00:00+00:00,US-MIDW-MISO,0.7517241379310344,2025-10-27T01:24:59.992Z,2025-10-22T14:10:35.316Z,lifecycle,False,,14,5,10,1,-0.4999999999999997,-0.8660254037844388
2025-10-25 15:00:00+00:00,US-MIDW-MISO,0.7379310344827585,2025-10-26T13:24:29.611Z,2025-10-22T15:10:33.297Z,lifecycle,False,,15,5,10,1,-0.7071067811865471,-0.7071067811865479
2025-10-25 16:00:00+00:00,US-MIDW-MISO,0.7034482758620688,2025-10-27T01:24:49.413Z,2025-10-22T16:10:06.997Z,lifecycle,False,,16,5,10,1,-0.8660254037844385,-0.5000000000000004
2025-10-25 17:00:00+00:00,US-MIDW-MISO,0.6793103448275861,2025-10-26T13:24:14.038Z,2025-10-22T17:10:54.945Z,lifecycle,False,,17,5,10,1,-0.9659258262890683,-0.25881904510252063
2025-10-25 18:00:00+00:00,US-MIDW-MISO,0.6689655172413791,2025-10-26T13:24:32.931Z,2025-10-22T18:11:33.534Z,lifecycle,False,,18,5,10,1,-1.0,-1.8369701987210297e-16
2025-10-25 19:00:00+00:00,US-MIDW-MISO,0.6482758620689655,2025-10-26T13:24:14.038Z,2025-10-22T19:10:24.542Z,lifecycle,False,,19,5,10,1,-0.9659258262890684,0.2588190451025203
2025-10-25 20:00:00+00:00,US-MIDW-MISO,0.6413793103448275,2025-10-26T13:24:14.038Z,2025-10-22T20:09:56.196Z,lifecycle,False,,20,5,10,1,-0.8660254037844386,0.5000000000000001
2025-10-25 21:00:00+00:00,US-MIDW-MISO,0.675862068965517,2025-10-27T01:24:43.275Z,2025-10-22T21:11:01.718Z,lifecycle,False,,21,5,10,1,-0.7071067811865477,0.7071067811865474
2025-10-25 22:00:00+00:00,US-MIDW-MISO,0.6896551724137929,2025-10-27T01:24:59.992Z,2025-10-22T22:11:33.953Z,lifecycle,False,,22,5,10,1,-0.5000000000000004,0.8660254037844384
2025-10-25 23:00:00+00:00,US-MIDW-MISO,0.7034482758620688,2025-10-27T01:24:43.275Z,2025-10-22T23:10:50.524Z,lifecycle,False,,23,5,10,1,-0.25881904510252157,0.9659258262890681
2025-10-26 00:00:00+00:00,US-MIDW-MISO,0.6793103448275861,2025-10-27T01:24:43.275Z,2025-10-23T00:10:15.586Z,lifecycle,False,,0,6,10,1,0.0,1.0
2025-10-26 01:00:00+00:00,US-MIDW-MISO,0.6379310344827585,2025-10-27T01:24:43.275Z,2025-10-23T01:11:34.101Z,lifecycle,False,,1,6,10,1,0.25881904510252074,0.9659258262890683
2025-10-26 02:00:00+00:00,US-MIDW-MISO,0.6103448275862069,2025-10-27T00:25:18.150Z,2025-10-23T02:10:44.785Z,lifecycle,False,,2,6,10,1,0.49999999999999994,0.8660254037844387
2025-10-26 03:00:00+00:00,US-MIDW-MISO,0.5827586206896551,2025-10-27T01:24:59.992Z,2025-10-23T03:11:21.751Z,lifecycle,False,,3,6,10,1,0.7071067811865476,0.7071067811865476
2025-10-26 04:00:00+00:00,US-MIDW-MISO,0.5724137931034481,2025-10-27T01:24:53.182Z,2025-10-23T04:10:33.661Z,lifecycle,True,TIME_SLICER_AVERAGE,4,6,10,1,0.8660254037844386,0.5000000000000001
2025-10-26 05:00:00+00:00,US-MIDW-MISO,0.5241379310344827,2025-10-27T01:25:03.601Z,2025-10-23T05:11:02.347Z,lifecycle,True,TIME_SLICER_AVERAGE,5,6,10,1,0.9659258262890683,0.25881904510252074
2025-10-26 06:00:00+00:00,US-MIDW-MISO,0.48965517241379297,2025-10-27T01:25:03.601Z,2025-10-23T06:10:16.750Z,lifecycle,True,TIME_SLICER_AVERAGE,6,6,10,1,1.0,6.123233995736766e-17
2025-10-26 07:00:00+00:00,US-MIDW-MISO,0.44482758620689644,2025-10-27T01:25:03.601Z,2025-10-23T07:10:24.787Z,lifecycle,True,TIME_SLICER_AVERAGE,7,6,10,1,0.9659258262890683,-0.25881904510252063
2025-10-26 08:00:00+00:00,US-MIDW-MISO,0.43448275862068964,2025-10-27T01:24:53.182Z,2025-10-23T08:12:39.249Z,lifecycle,True,TIME_SLICER_AVERAGE,8,6,10,1,0.8660254037844387,-0.4999999999999998
2025-10-26 09:00:00+00:00,US-MIDW-MISO,0.43448275862068964,2025-10-27T01:24:53.182Z,2025-10-23T09:10:27.077Z,lifecycle,True,TIME_SLICER_AVERAGE,9,6,10,1,0.7071067811865476,-0.7071067811865475
2025-10-26 10:00:00+00:00,US-MIDW-MISO,0.44482758620689644,2025-10-27T01:24:43.275Z,2025-10-23T10:10:22.605Z,lifecycle,True,TIME_SLICER_AVERAGE,10,6,10,1,0.49999999999999994,-0.8660254037844387
2025-10-26 11:00:00+00:00,US-MIDW-MISO,0.4620689655172412,2025-10-27T01:24:43.275Z,2025-10-23T11:09:35.883Z,lifecycle,True,TIME_SLICER_AVERAGE,11,6,10,1,0.258819045102521,-0.9659258262890682
2025-10-26 12:00:00+00:00,US-MIDW-MISO,0.47931034482758617,2025-10-27T01:25:03.601Z,2025-10-23T12:11:42.827Z,lifecycle,True,TIME_SLICER_AVERAGE,12,6,10,1,1.2246467991473532e-16,-1.0
2025-10-26 13:00:00+00:00,US-MIDW-MISO,0.37241379310344813,2025-10-27T01:25:03.601Z,2025-10-23T13:09:38.861Z,lifecycle,True,TIME_SLICER_AVERAGE,13,6,10,1,-0.2588190451025208,-0.9659258262890683
2025-10-26 14:00:00+00:00,US-MIDW-MISO,0.3137931034482757,2025-10-27T01:24:53.182Z,2025-10-23T14:10:56.815Z,lifecycle,True,TIME_SLICER_AVERAGE,14,6,10,1,-0.4999999999999997,-0.8660254037844388
2025-10-26 15:00:00+00:00,US-MIDW-MISO,0.3275862068965516,2025-10-27T01:24:53.182Z,2025-10-23T15:12:14.751Z,lifecycle,True,TIME_SLICER_AVERAGE,15,6,10,1,-0.7071067811865471,-0.7071067811865479
2025-10-26 16:00:00+00:00,US-MIDW-MISO,0.3275862068965516,2025-10-27T01:24:43.275Z,2025-10-23T16:12:30.196Z,lifecycle,True,TIME_SLICER_AVERAGE,16,6,10,1,-0.8660254037844385,-0.5000000000000004
2025-10-26 17:00:00+00:00,US-MIDW-MISO,0.32413793103448274,2025-10-27T01:24:53.182Z,2025-10-23T17:09:53.368Z,lifecycle,True,TIME_SLICER_AVERAGE,17,6,10,1,-0.9659258262890683,-0.25881904510252063
2025-10-26 18:00:00+00:00,US-MIDW-MISO,0.3275862068965516,2025-10-27T01:25:03.601Z,2025-10-23T18:10:33.213Z,lifecycle,True,TIME_SLICER_AVERAGE,18,6,10,1,-1.0,-1.8369701987210297e-16
2025-10-26 19:00:00+00:00,US-MIDW-MISO,0.33448275862068955,2025-10-27T01:25:03.601Z,2025-10-23T19:10:16.973Z,lifecycle,True,TIME_SLICER_AVERAGE,19,6,10,1,-0.9659258262890684,0.2588190451025203
2025-10-26 20:00:00+00:00,US-MIDW-MISO,0.3655172413793102,2025-10-27T01:24:43.275Z,2025-10-23T20:12:15.532Z,lifecycle,True,TIME_SLICER_AVERAGE,20,6,10,1,-0.8660254037844386,0.5000000000000001
2025-10-26 21:00:00+00:00,US-MIDW-MISO,0.4275862068965517,2025-10-27T01:25:03.601Z,2025-10-23T21:12:14.774Z,lifecycle,True,TIME_SLICER_AVERAGE,21,6,10,1,-0.7071067811865477,0.7071067811865474
2025-10-26 22:00:00+00:00,US-MIDW-MISO,0.5413793103448274,2025-10-27T01:25:03.601Z,2025-10-23T22:11:22.390Z,lifecycle,True,TIME_SLICER_AVERAGE,22,6,10,1,-0.5000000000000004,0.8660254037844384
2025-10-26 23:00:00+00:00,US-MIDW-MISO,0.6655172413793102,2025-10-27T02:25:45.431Z,2025-10-23T23:11:24.002Z,lifecycle,True,TIME_SLICER_AVERAGE,23,6,10,1,-0.25881904510252157,0.9659258262890681
2025-10-27 00:00:00+00:00,US-MIDW-MISO,0.8068965517241378,2025-10-27T02:09:49.756Z,2025-10-24T00:09:58.307Z,lifecycle,True,TIME_SLICER_AVERAGE,0,0,10,0,0.0,1.0
2025-10-27 01:00:00+00:00,US-MIDW-MISO,0.7724137931034483,2025-10-27T03:09:46.876Z,2025-10-24T01:10:33.074Z,lifecycle,True,TIME_SLICER_AVERAGE,1,0,10,0,0.25881904510252074,0.9659258262890683
2025-10-27 02:00:00+00:00,US-MIDW-MISO,0.7275862068965515,2025-10-27T03:26:14.721Z,2025-10-24T02:10:28.101Z,lifecycle,True,TIME_SLICER_AVERAGE,2,0,10,0,0.49999999999999994,0.8660254037844387
2025-10-27 03:00:00+00:00,US-MIDW-MISO,0.6896551724137929,2025-10-27T03:40:14.416Z,2025-10-24T03:11:39.504Z,lifecycle,True,TIME_SLICER_AVERAGE,3,0,10,0,0.7071067811865476,0.7071067811865476
2025-10-27 04:00:00+00:00,US-MIDW-MISO,0.6448275862068964,2025-10-27T03:26:14.721Z,2025-10-24T04:10:58.522Z,lifecycle,True,TIME_SLICER_AVERAGE,4,0,10,0,0.8660254037844386,0.5000000000000001
