datetime,zone,carbon,updatedAt,createdAt,emissionFactorType,isEstimated,estimationMethod,hour,dayofweek,month,is_weekend,hour_sin,hour_cos
2025-09-27 05:00:00+00:00,US-NW-PACW,340,2025-10-27T03:34:02.736Z,2025-09-24T05:11:00.512Z,lifecycle,False,,5,5,9,1,0.9659258262890683,0.25881904510252074
2025-09-27 06:00:00+00:00,US-NW-PACW,359,2025-10-27T03:33:46.927Z,2025-09-24T06:11:01.276Z,lifecycle,False,,6,5,9,1,1.0,6.123233995736766e-17
2025-09-27 07:00:00+00:00,US-NW-PACW,358,2025-10-27T03:33:46.927Z,2025-09-24T07:10:59.988Z,lifecycle,False,,7,5,9,1,0.9659258262890683,-0.25881904510252063
2025-09-27 08:00:00+00:00,US-NW-PACW,354,2025-10-27T03:34:02.736Z,2025-09-24T08:10:23.145Z,lifecycle,False,,8,5,9,1,0.8660254037844387,-0.4999999999999998
2025-09-27 09:00:00+00:00,US-NW-PACW,359,2025-10-27T03:34:18.368Z,2025-09-24T09:10:55.240Z,lifecycle,False,,9,5,9,1,0.7071067811865476,-0.7071067811865475
2025-09-27 10:00:00+00:00,US-NW-PACW,357,2025-10-27T03:34:18.368Z,2025-09-24T10:12:51.906Z,lifecycle,False,,10,5,9,1,0.49999999999999994,-0.8660254037844387
2025-09-27 11:00:00+00:00,US-NW-PACW,353,2025-10-27T03:33:52.088Z,2025-09-24T11:12:55.171Z,lifecycle,False,,11,5,9,1,0.258819045102521,-0.9659258262890682
2025-09-27 12:00:00+00:00,US-NW-PACW,339,2025-10-27T03:34:02.736Z,2025-09-24T12:10:14.313Z,lifecycle,False,,12,5,9,1,1.2246467991473532e-16,-1.0
2025-09-27 13:00:00+00:00,US-NW-PACW,338,2025-10-27T03:33:52.088Z,2025-09-24T13:13:05.999Z,lifecycle,False,,13,5,9,1,-0.2588190451025208,-0.9659258262890683
2025-09-27 14:00:00+00:00,US-NW-PACW,317,2025-10-27T03:34:18.368Z,2025-09-24T14:11:53.100Z,lifecycle,False,,14,5,9,1,-0.4999999999999997,-0.8660254037844388
2025-09-27 15:00:00+00:00,US-NW-PACW,274,2025-10-27T03:33:52.088Z,2025-09-24T15:10:33.279Z,lifecycle,False,,15,5,9,1,-0.7071067811865471,-0.7071067811865479
2025-09-27 16:00:00+00:00,US-NW-PACW,254,2025-10-27T03:34:18.368Z,2025-09-24T16:11:54.924Z,lifecycle,False,,16,5,9,1,-0.8660254037844385,-0.5000000000000004
2025-09-27 17:00:00+00:00,US-NW-PACW,257,2025-10-27T03:34:08.204Z,2025-09-24T17:11:05.245Z,lifecycle,False,,17,5,9,1,-0.9659258262890683,-0.25881904510252063
2025-09-27 18:00:00+00:00,US-NW-PACW,255,2025-10-27T03:33:52.088Z,2025-09-24T18:10:38.861Z,lifecycle,False,,18,5,9,1,-1.0,-1.8369701987210297e-16
2025-09-27 19:00:00+00:00,US-NW-PACW,255,2025-10-27T03:34:08.204Z,2025-09-24T19:11:48.095Z,lifecycle,False,,19,5,9,1,-0.9659258262890684,0.2588190451025203
2025-09-27 20:00:00+00:00,US-NW-PACW,252,2025-10-27T03:33:52.088Z,2025-09-24T20:11:01.009Z,lifecycle,False,,20,5,9,1,-0.8660254037844386,0.5000000000000001
2025-09-27 21:00:00+00:00,US-NW-PACW,245,2025-10-27T03:33:52.088Z,2025-09-24T21:11:08.783Z,lifecycle,False,,21,5,9,1,-0.7071067811865477,0.7071067811865474
2025-09-27 22:00:00+00:00,US-NW-PACW,234,2025-10-27T03:33:52.088Z,2025-09-24T22:11:33.771Z,lifecycle,False,,22,5,9,1,-0.5000000000000004,0.8660254037844384
2025-09-27 23:00:00+00:00,US-NW-PACW,235,2025-10-27T03:34:08.204Z,2025-09-24T23:11:34.518Z,lifecycle,False,,23,5,9,1,-0.25881904510252157,0.9659258262890681
2025-09-28 00:00:00+00:00,US-NW-PACW,253,2025-10-27T03:33:52.088Z,2025-09-25T00:10:08.550Z,lifecycle,False,,0,6,9,1,0.0,1.0
2025-09-28 01:00:00+00:00,US-NW-PACW,296,2025-10-27T03:33:52.088Z,2025-09-25T01:11:05.101Z,lifecycle,False,,1,6,9,1,0.25881904510252074,0.9659258262890683
2025-09-28 02:00:00+00:00,US-NW-PACW,305,2025-10-27T03:34:08.204Z,2025-09-25T02:10:24.303Z,lifecycle,False,,2,6,9,1,0.49999999999999994,0.8660254037844387
2025-09-28 03:00:00+00:00,US-NW-PACW,308,2025-10-12T00:18:08.937Z,2025-09-25T03:25:57.169Z,lifecycle,False,,3,6,9,1,0.7071067811865476,0.7071067811865476
2025-09-28 04:00:00+00:00,US-NW-PACW,316,2025-10-12T00:18:09.147Z,2025-09-25T04:26:24.086Z,lifecycle,False,,4,6,9,1,0.8660254037844386,0.5000000000000001
2025-09-28 05:00:00+00:00,US-NW-PACW,351,2025-10-12T00:18:09.147Z,2025-09-25T05:12:50.951Z,lifecycle,False,,5,6,9,1,0.9659258262890683,0.25881904510252074
2025-09-28 06:00:00+00:00,US-NW-PACW,350,2025-10-12T00:18:07.793Z,2025-09-25T06:11:06.531Z,lifecycle,False,,6,6,9,1,1.0,6.123233995736766e-17
2025-09-28 07:00:00+00:00,US-NW-PACW,377,2025-10-12T00:18:08.937Z,2025-09-25T07:12:15.398Z,lifecycle,False,,7,6,9,1,0.9659258262890683,-0.25881904510252063
2025-09-28 08:00:00+00:00,US-NW-PACW,370,2025-10-12T00:18:09.147Z,2025-09-25T08:11:20.067Z,lifecycle,False,,8,6,9,1,0.8660254037844387,-0.4999999999999998
2025-09-28 09:00:00+00:00,US-NW-PACW,382,2025-10-12T00:18:08.937Z,2025-09-25T09:12:29.962Z,lifecycle,False,,9,6,9,1,0.7071067811865476,-0.7071067811865475
2025-09-28 10:00:00+00:00,US-NW-PACW,386,2025-10-12T00:18:07.793Z,2025-09-25T10:10:46.540Z,lifecycle,False,,10,6,9,1,0.49999999999999994,-0.8660254037844387
2025-09-28 11:00:00+00:00,US-NW-PACW,384,2025-10-12T00:18:07.793Z,2025-09-25T11:10:48.998Z,lifecycle,False,,11,6,9,1,0.258819045102521,-0.9659258262890682
2025-09-28 12:00:00+00:00,US-NW-PACW,372,2025-10-12T00:18:07.793Z,2025-09-25T12:11:20.464Z,lifecycle,False,,12,6,9,1,1.2246467991473532e-16,-1.0
2025-09-28 13:00:00+00:00,US-NW-PACW,353,2025-10-12T00:18:08.937Z,2025-09-25T13:11:41.729Z,lifecycle,False,,13,6,9,1,-0.2588190451025208,-0.9659258262890683
2025-09-28 14:00:00+00:00,US-NW-PACW,323,2025-10-12T00:18:09.147Z,2025-09-25T14:11:01.148Z,lifecycle,False,,14,6,9,1,-0.4999999999999997,-0.8660254037844388
2025-09-28 15:00:00+00:00,US-NW-PACW,286,2025-10-01T08:24:37.708Z,2025-09-25T15:11:15.540Z,lifecycle,False,,15,6,9,1,-0.7071067811865471,-0.7071067811865479
2025-09-28 16:00:00+00:00,US-NW-PACW,260,2025-10-01T08:25:11.356Z,2025-09-25T16:11:10.366Z,lifecycle,False,,16,6,9,1,-0.8660254037844385,-0.5000000000000004
2025-09-28 17:00:00+00:00,US-NW-PACW,248,2025-10-01T08:24:52.019Z,2025-09-25T17:10:45.407Z,lifecycle,False,,17,6,9,1,-0.9659258262890683,-0.25881904510252063
2025-09-28 18:00:00+00:00,US-NW-PACW,252,2025-10-01T08:24:52.019Z,2025-09-25T18:10:45.133Z,lifecycle,False,,18,6,9,1,-1.0,-1.8369701987210297e-16
2025-09-28 19:00:00+00:00,US-NW-PACW,247,2025-10-17T00:15:33.291Z,2025-09-25T19:13:25.822Z,lifecycle,False,,19,6,9,1,-0.9659258262890684,0.2588190451025203
2025-09-28 20:00:00+00:00,US-NW-PACW,235,2025-10-12T00:18:08.937Z,2025-09-25T20:11:52.596Z,lifecycle,False,,20,6,9,1,-0.8660254037844386,0.5000000000000001
2025-09-28 21:00:00+00:00,US-NW-PACW,235,2025-10-01T08:24:37.708Z,2025-09-25T21:11:15.838Z,lifecycle,False,,21,6,9,1,-0.7071067811865477,0.7071067811865474
2025-09-28 22:00:00+00:00,US-NW-PACW,255,2025-10-06T00:36:22.119Z,2025-09-25T22:10:36.337Z,lifecycle,False,,22,6,9,1,-0.5000000000000004,0.8660254037844384
2025-09-28 23:00:00+00:00,US-NW-PACW,256,2025-10-12T00:18:07.793Z,2025-09-25T23:10:07.049Z,lifecycle,False,,23,6,9,1,-0.25881904510252157,0.9659258262890681
2025-09-29 00:00:00+00:00,US-NW-PACW,271,2025-10-12T00:18:08.937Z,2025-09-26T00:11:44.238Z,lifecycle,False,,0,0,9,0,0.0,1.0
2025-09-29 01:00:00+00:00,US-NW-PACW,296,2025-10-12T00:18:07.793Z,2025-09-26T01:11:03.779Z,lifecycle,False,,1,0,9,0,0.25881904510252074,0.9659258262890683
2025-09-29 02:00:00+00:00,US-NW-PACW,309,2025-10-12T00:18:07.793Z,2025-09-26T02:09:18.367Z,lifecycle,False,,2,0,9,0,0.49999999999999994,0.8660254037844387
2025-09-29 03:00:00+00:00,US-NW-PACW,334,2025-10-12T00:18:09.147Z,2025-09-26T03:10:17.956Z,lifecycle,False,,3,0,9,0,0.7071067811865476,0.7071067811865476
2025-09-29 04:00:00+00:00,US-NW-PACW,356,2025-10-12T00:18:07.793Z,2025-09-26T04:12:10.155Z,lifecycle,False,,4,0,9,0,0.8660254037844386,0.5000000000000001
2025-09-29 05:00:00+00:00,US-NW-PACW,359,2025-10-12T00:18:08.937Z,2025-09-26T05:10:49.741Z,lifecycle,False,,5,0,9,0,0.9659258262890683,0.25881904510252074
2025-09-29 06:00:00+00:00,US-NW-PACW,357,2025-10-08T00:43:24.045Z,2025-09-26T06:11:49.583Z,lifecycle,False,,6,0,9,0,1.0,6.123233995736766e-17
2025-09-29 07:00:00+00:00,US-NW-PACW,335,2025-10-08T00:44:59.919Z,2025-09-26T07:11:56.935Z,lifecycle,False,,7,0,9,0,0.9659258262890683,-0.25881904510252063
2025-09-29 08:00:00+00:00,US-NW-PACW,333,2025-10-08T00:44:59.919Z,2025-09-26T08:12:22.146Z,lifecycle,False,,8,0,9,0,0.8660254037844387,-0.4999999999999998
2025-09-29 09:00:00+00:00,US-NW-PACW,316,2025-10-08T00:43:45.214Z,2025-09-26T09:10:59.129Z,lifecycle,False,,9,0,9,0,0.7071067811865476,-0.7071067811865475
2025-09-29 10:00:00+00:00,US-NW-PACW,315,2025-10-08T00:44:59.919Z,2025-09-26T10:10:45.955Z,lifecycle,False,,10,0,9,0,0.49999999999999994,-0.8660254037844387
2025-09-29 11:00:00+00:00,US-NW-PACW,318,2025-10-12T00:18:08.937Z,2025-09-26T11:12:17.967Z,lifecycle,False,,11,0,9,0,0.258819045102521,-0.9659258262890682
2025-09-29 12:00:00+00:00,US-NW-PACW,306,2025-10-08T00:44:59.919Z,2025-09-26T12:12:19.601Z,lifecycle,False,,12,0,9,0,1.2246467991473532e-16,-1.0
2025-09-29 13:00:00+00:00,US-NW-PACW,292,2025-10-12T00:18:27.676Z,2025-09-26T13:11:22.090Z,lifecycle,False,,13,0,9,0,-0.2588190451025208,-0.9659258262890683
2025-09-29 14:00:00+00:00,US-NW-PACW,293,2025-10-12T00:18:07.793Z,2025-09-26T14:11:46.237Z,lifecycle,False,,14,0,9,0,-0.4999999999999997,-0.8660254037844388
2025-09-29 15:00:00+00:00,US-NW-PACW,282,2025-10-12T00:18:09.147Z,2025-09-26T15:10:43.935Z,lifecycle,False,,15,0,9,0,-0.7071067811865471,-0.7071067811865479
2025-09-29 16:00:00+00:00,US-NW-PACW,287,2025-10-12T00:18:27.185Z,2025-09-26T16:11:54.500Z,lifecycle,False,,16,0,9,0,-0.8660254037844385,-0.5000000000000004
2025-09-29 17:00:00+00:00,US-NW-PACW,291,2025-10-12T00:18:27.921Z,2025-09-26T17:11:09.943Z,lifecycle,False,,17,0,9,0,-0.9659258262890683,-0.25881904510252063
2025-09-29 18:00:00+00:00,US-NW-PACW,291,2025-10-12T00:18:27.185Z,2025-09-26T18:11:11.146Z,lifecycle,False,,18,0,9,0,-1.0,-1.8369701987210297e-16
2025-09-29 19:00:00+00:00,US-NW-PACW,288,2025-10-12T00:18:27.676Z,2025-09-26T19:10:59.031Z,lifecycle,False,,19,0,9,0,-0.9659258262890684,0.2588190451025203
2025-09-29 20:00:00+00:00,US-NW-PACW,277,2025-10-12T00:18:27.185Z,2025-09-26T20:11:30.085Z,lifecycle,False,,20,0,9,0,-0.8660254037844386,0.5000000000000001
2025-09-29 21:00:00+00:00,US-NW-PACW,275,2025-10-12T00:18:27.676Z,2025-09-26T21:11:19.080Z,lifecycle,False,,21,0,9,0,-0.7071067811865477,0.7071067811865474
2025-09-29 22:00:00+00:00,US-NW-PACW,261,2025-10-12T00:18:27.185Z,2025-09-26T22:11:20.447Z,lifecycle,False,,22,0,9,0,-0.5000000000000004,0.8660254037844384
2025-09-29 23:00:00+00:00,US-NW-PACW,246,2025-10-12T00:18:27.921Z,2025-09-26T23:11:13.893Z,lifecycle,False,,23,0,9,0,-0.25881904510252157,0.9659258262890681
2025-09-30 00:00:00+00:00,US-NW-PACW,232,2025-10-12T00:18:27.185Z,2025-09-27T00:10:41.046Z,lifecycle,False,,0,1,9,0,0.0,1.0
2025-09-30 01:00:00+00:00,US-NW-PACW,244,2025-10-12T00:18:27.676Z,2025-09-27T01:10:51.940Z,lifecycle,False,,1,1,9,0,0.25881904510252074,0.9659258262890683
2025-09-30 02:00:00+00:00,US-NW-PACW,245,2025-10-12T00:18:27.185Z,2025-09-27T02:11:47.455Z,lifecycle,False,,2,1,9,0,0.49999999999999994,0.8660254037844387
2025-09-30 03:00:00+00:00,US-NW-PACW,232,2025-10-12T00:18:27.676Z,2025-09-27T03:11:33.446Z,lifecycle,False,,3,1,9,0,0.7071067811865476,0.7071067811865476
2025-09-30 04:00:00+00:00,US-NW-PACW,228,2025-10-12T00:18:27.185Z,2025-09-27T04:11:04.011Z,lifecycle,False,,4,1,9,0,0.8660254037844386,0.5000000000000001
2025-09-30 05:00:00+00:00,US-NW-PACW,249,2025-10-10T00:34:17.842Z,2025-09-27T05:10:20.937Z,lifecycle,False,,5,1,9,0,0.9659258262890683,0.25881904510252074
2025-09-30 06:00:00+00:00,US-NW-PACW,273,2025-10-10T00:34:12.033Z,2025-09-27T06:12:25.593Z,lifecycle,False,,6,1,9,0,1.0,6.123233995736766e-17
2025-09-30 07:00:00+00:00,US-NW-PACW,282,2025-10-10T00:33:49.359Z,2025-09-27T07:10:21.247Z,lifecycle,False,,7,1,9,0,0.9659258262890683,-0.25881904510252063
2025-09-30 08:00:00+00:00,US-NW-PACW,283,2025-10-10T00:34:12.033Z,2025-09-27T08:10:26.768Z,lifecycle,False,,8,1,9,0,0.8660254037844387,-0.4999999999999998
2025-09-30 09:00:00+00:00,US-NW-PACW,294,2025-10-10T00:34:12.033Z,2025-09-27T09:09:53.003Z,lifecycle,False,,9,1,9,0,0.7071067811865476,-0.7071067811865475
2025-09-30 10:00:00+00:00,US-NW-PACW,305,2025-10-12T00:18:27.676Z,2025-09-27T10:10:19.001Z,lifecycle,False,,10,1,9,0,0.49999999999999994,-0.8660254037844387
2025-09-30 11:00:00+00:00,US-NW-PACW,314,2025-10-12T00:18:27.676Z,2025-09-27T11:10:51.470Z,lifecycle,False,,11,1,9,0,0.258819045102521,-0.9659258262890682
2025-09-30 12:00:00+00:00,US-NW-PACW,311,2025-10-12T00:18:27.921Z,2025-09-27T12:10:03.734Z,lifecycle,False,,12,1,9,0,1.2246467991473532e-16,-1.0
2025-09-30 13:00:00+00:00,US-NW-PACW,305,2025-10-12T00:18:27.185Z,2025-09-27T13:10:17.910Z,lifecycle,False,,13,1,9,0,-0.2588190451025208,-0.9659258262890683
2025-09-30 14:00:00+00:00,US-NW-PACW,295,2025-10-12T00:18:27.185Z,2025-09-27T14:10:26.226Z,lifecycle,False,,14,1,9,0,-0.4999999999999997,-0.8660254037844388
2025-09-30 15:00:00+00:00,US-NW-PACW,279,2025-10-12T00:18:27.921Z,2025-09-27T15:10:43.596Z,lifecycle,False,,15,1,9,0,-0.7071067811865471,-0.7071067811865479
2025-09-30 16:00:00+00:00,US-NW-PACW,265,2025-10-12T00:18:27.676Z,2025-09-27T16:10:43.568Z,lifecycle,False,,16,1,9,0,-0.8660254037844385,-0.5000000000000004
2025-09-30 17:00:00+00:00,US-NW-PACW,268,2025-10-10T00:34:17.842Z,2025-09-27T17:11:11.337Z,lifecycle,False,,17,1,9,0,-0.9659258262890683,-0.25881904510252063
2025-09-30 18:00:00+00:00,US-NW-PACW,276,2025-10-12T00:18:27.676Z,2025-09-27T18:11:34.128Z,lifecycle,False,,18,1,9,0,-1.0,-1.8369701987210297e-16
2025-09-30 19:00:00+00:00,US-NW-PACW,274,2025-10-10T00:33:49.359Z,2025-09-27T19:11:58.494Z,lifecycle,False,,19,1,9,0,-0.9659258262890684,0.2588190451025203
2025-09-30 20:00:00+00:00,US-NW-PACW,279,2025-10-10T00:34:17.842Z,2025-09-27T20:10:41.859Z,lifecycle,False,,20,1,9,0,-0.8660254037844386,0.5000000000000001
2025-09-30 21:00:00+00:00,US-NW-PACW,270,2025-10-12T00:18:27.185Z,2025-09-27T21:11:01.005Z,lifecycle,False,,21,1,9,0,-0.7071067811865477,0.7071067811865474
2025-09-30 22:00:00+00:00,US-NW-PACW,279,2025-10-12T00:18:27.921Z,2025-09-27T22:12:42.101Z,lifecycle,False,,22,1,9,0,-0.5000000000000004,0.8660254037844384
2025-09-30 23:00:00+00:00,US-NW-PACW,275,2025-10-12T00:18:27.676Z,2025-09-27T23:13:35.195Z,lifecycle,False,,23,1,9,0,-0.25881904510252157,0.9659258262890681
2025-10-01 00:00:00+00:00,US-NW-PACW,253,2025-10-10T00:34:17.842Z,2025-09-28T00:12:38.840Z,lifecycle,False,,0,2,10,0,0.0,1.0
2025-10-01 01:00:00+00:00,US-NW-PACW,270,2025-10-11T00:34:31.371Z,2025-09-28T01:11:01.016Z,lifecycle,False,,1,2,10,0,0.25881904510252074,0.9659258262890683
2025-10-01 02:00:00+00:00,US-NW-PACW,280,2025-10-11T00:33:48.404Z,2025-09-28T02:10:26.741Z,lifecycle,False,,2,2,10,0,0.49999999999999994,0.8660254037844387
2025-10-01 03:00:00+00:00,US-NW-PACW,296,2025-10-11T00:33:48.404Z,2025-09-28T03:10:14.242Z,lifecycle,False,,3,2,10,0,0.7071067811865476,0.7071067811865476
2025-10-01 04:00:00+00:00,US-NW-PACW,291,2025-10-11T00:34:31.371Z,2025-09-28T04:12:52.658Z,lifecycle,False,,4,2,10,0,0.8660254037844386,0.5000000000000001
2025-10-01 05:00:00+00:00,US-NW-PACW,307,2025-10-11T00:33:48.404Z,2025-09-28T05:10:05.279Z,lifecycle,False,,5,2,10,0,0.9659258262890683,0.25881904510252074
2025-10-01 06:00:00+00:00,US-NW-PACW,307,2025-10-09T00:34:05.012Z,2025-09-28T06:10:53.498Z,lifecycle,False,,6,2,10,0,1.0,6.123233995736766e-17
2025-10-01 07:00:00+00:00,US-NW-PACW,339,2025-10-03T23:55:50.676Z,2025-09-28T07:12:13.729Z,lifecycle,False,,7,2,10,0,0.9659258262890683,-0.25881904510252063
2025-10-01 08:00:00+00:00,US-NW-PACW,337,2025-10-03T23:55:50.676Z,2025-09-28T08:10:08.384Z,lifecycle,False,,8,2,10,0,0.8660254037844387,-0.4999999999999998
2025-10-01 09:00:00+00:00,US-NW-PACW,328,2025-10-03T23:56:25.187Z,2025-09-28T09:12:21.752Z,lifecycle,False,,9,2,10,0,0.7071067811865476,-0.7071067811865475
2025-10-01 10:00:00+00:00,US-NW-PACW,338,2025-10-03T23:56:30.279Z,2025-09-28T10:10:14.864Z,lifecycle,False,,10,2,10,0,0.49999999999999994,-0.8660254037844387
2025-10-01 11:00:00+00:00,US-NW-PACW,355,2025-10-03T23:56:13.200Z,2025-09-28T11:12:39.689Z,lifecycle,False,,11,2,10,0,0.258819045102521,-0.9659258262890682
2025-10-01 12:00:00+00:00,US-NW-PACW,358,2025-10-08T00:44:07.109Z,2025-09-28T12:10:34.576Z,lifecycle,False,,12,2,10,0,1.2246467991473532e-16,-1.0
2025-10-01 13:00:00+00:00,US-NW-PACW,320,2025-10-03T23:56:13.200Z,2025-09-28T13:10:23.968Z,lifecycle,False,,13,2,10,0,-0.2588190451025208,-0.9659258262890683
2025-10-01 14:00:00+00:00,US-NW-PACW,303,2025-10-03T23:56:13.200Z,2025-09-28T14:09:24.847Z,lifecycle,False,,14,2,10,0,-0.4999999999999997,-0.8660254037844388
2025-10-01 15:00:00+00:00,US-NW-PACW,274,2025-10-03T23:56:13.200Z,2025-09-28T15:10:49.785Z,lifecycle,False,,15,2,10,0,-0.7071067811865471,-0.7071067811865479
2025-10-01 16:00:00+00:00,US-NW-PACW,262,2025-10-03T23:56:30.279Z,2025-09-28T16:09:08.786Z,lifecycle,False,,16,2,10,0,-0.8660254037844385,-0.5000000000000004
2025-10-01 17:00:00+00:00,US-NW-PACW,255,2025-10-03T23:56:30.279Z,2025-09-28T17:10:43.162Z,lifecycle,False,,17,2,10,0,-0.9659258262890683,-0.25881904510252063
2025-10-01 18:00:00+00:00,US-NW-PACW,267,2025-10-03T23:56:30.279Z,2025-09-28T18:11:15.955Z,lifecycle,False,,18,2,10,0,-1.0,-1.8369701987210297e-16
2025-10-01 19:00:00+00:00,US-NW-PACW,257,2025-10-08T00:44:07.109Z,2025-09-28T19:10:18.614Z,lifecycle,False,,19,2,10,0,-0.9659258262890684,0.2588190451025203
2025-10-01 20:00:00+00:00,US-NW-PACW,246,2025-10-09T00:35:04.678Z,2025-09-28T20:10:40.083Z,lifecycle,False,,20,2,10,0,-0.8660254037844386,0.5000000000000001
2025-10-01 21:00:00+00:00,US-NW-PACW,246,2025-10-09T00:34:57.554Z,2025-09-28T21:10:43.509Z,lifecycle,False,,21,2,10,0,-0.7071067811865477,0.7071067811865474
2025-10-01 22:00:00+00:00,US-NW-PACW,242,2025-10-08T00:44:07.109Z,2025-09-28T22:11:23.429Z,lifecycle,False,,22,2,10,0,-0.5000000000000004,0.8660254037844384
2025-10-01 23:00:00+00:00,US-NW-PACW,244,2025-10-09T00:34:57.554Z,2025-09-28T23:10:46.338Z,lifecycle,False,,23,2,10,0,-0.25881904510252157,0.9659258262890681
2025-10-02 00:00:00+00:00,US-NW-PACW,234,2025-10-09T00:34:05.012Z,2025-09-29T00:10:58.634Z,lifecycle,False,,0,3,10,0,0.0,1.0
2025-10-02 01:00:00+00:00,US-NW-PACW,228,2025-10-09T00:34:57.554Z,2025-09-29T01:10:52.102Z,lifecycle,False,,1,3,10,0,0.25881904510252074,0.9659258262890683
2025-10-02 02:00:00+00:00,US-NW-PACW,246,2025-10-09T00:35:04.678Z,2025-09-29T02:10:12.110Z,lifecycle,False,,2,3,10,0,0.49999999999999994,0.8660254037844387
2025-10-02 03:00:00+00:00,US-NW-PACW,264,2025-10-09T00:34:05.012Z,2025-09-29T03:11:44.332Z,lifecycle,False,,3,3,10,0,0.7071067811865476,0.7071067811865476
2025-10-02 04:00:00+00:00,US-NW-PACW,290,2025-10-09T00:34:57.554Z,2025-09-29T04:12:41.177Z,lifecycle,False,,4,3,10,0,0.8660254037844386,0.5000000000000001
2025-10-02 05:00:00+00:00,US-NW-PACW,334,2025-10-09T00:34:05.012Z,2025-09-29T05:10:45.037Z,lifecycle,False,,5,3,10,0,0.9659258262890683,0.25881904510252074
2025-10-02 06:00:00+00:00,US-NW-PACW,358,2025-10-07T13:19:59.749Z,2025-09-29T06:10:53.172Z,lifecycle,False,,6,3,10,0,1.0,6.123233995736766e-17
2025-10-02 07:00:00+00:00,US-NW-PACW,353,2025-10-11T00:34:31.371Z,2025-09-29T07:10:45.224Z,lifecycle,False,,7,3,10,0,0.9659258262890683,-0.25881904510252063
2025-10-02 08:00:00+00:00,US-NW-PACW,377,2025-10-11T00:33:48.404Z,2025-09-29T08:11:15.775Z,lifecycle,False,,8,3,10,0,0.8660254037844387,-0.4999999999999998
2025-10-02 09:00:00+00:00,US-NW-PACW,368,2025-10-11T00:34:13.859Z,2025-09-29T09:11:18.742Z,lifecycle,False,,9,3,10,0,0.7071067811865476,-0.7071067811865475
2025-10-02 10:00:00+00:00,US-NW-PACW,400,2025-10-11T00:34:13.859Z,2025-09-29T10:11:11.296Z,lifecycle,False,,10,3,10,0,0.49999999999999994,-0.8660254037844387
2025-10-02 11:00:00+00:00,US-NW-PACW,382,2025-10-11T00:34:31.371Z,2025-09-29T11:11:06.853Z,lifecycle,False,,11,3,10,0,0.258819045102521,-0.9659258262890682
2025-10-02 12:00:00+00:00,US-NW-PACW,345,2025-10-11T00:34:31.371Z,2025-09-29T12:10:31.530Z,lifecycle,False,,12,3,10,0,1.2246467991473532e-16,-1.0
2025-10-02 13:00:00+00:00,US-NW-PACW,296,2025-10-11T00:33:48.404Z,2025-09-29T13:10:51.183Z,lifecycle,False,,13,3,10,0,-0.2588190451025208,-0.9659258262890683
2025-10-02 14:00:00+00:00,US-NW-PACW,305,2025-10-11T00:34:13.859Z,2025-09-29T14:10:38.481Z,lifecycle,False,,14,3,10,0,-0.4999999999999997,-0.8660254037844388
2025-10-02 15:00:00+00:00,US-NW-PACW,294,2025-10-11T00:34:00.063Z,2025-09-29T15:11:54.053Z,lifecycle,False,,15,3,10,0,-0.7071067811865471,-0.7071067811865479
2025-10-02 16:00:00+00:00,US-NW-PACW,287,2025-10-11T00:34:31.371Z,2025-09-29T16:11:02.580Z,lifecycle,False,,16,3,10,0,-0.8660254037844385,-0.5000000000000004
2025-10-02 17:00:00+00:00,US-NW-PACW,271,2025-10-11T00:34:00.063Z,2025-09-29T17:10:40.489Z,lifecycle,False,,17,3,10,0,-0.9659258262890683,-0.25881904510252063
2025-10-02 18:00:00+00:00,US-NW-PACW,284,2025-10-11T00:34:41.020Z,2025-09-29T18:10:23.069Z,lifecycle,False,,18,3,10,0,-1.0,-1.8369701987210297e-16
2025-10-02 19:00:00+00:00,US-NW-PACW,290,2025-10-11T00:34:00.063Z,2025-09-29T19:11:13.620Z,lifecycle,False,,19,3,10,0,-0.9659258262890684,0.2588190451025203
2025-10-02 20:00:00+00:00,US-NW-PACW,285,2025-10-11T00:34:00.063Z,2025-09-29T20:12:15.746Z,lifecycle,False,,20,3,10,0,-0.8660254037844386,0.5000000000000001
2025-10-02 21:00:00+00:00,US-NW-PACW,264,2025-10-11T00:34:00.063Z,2025-09-29T21:10:54.937Z,lifecycle,False,,21,3,10,0,-0.7071067811865477,0.7071067811865474
2025-10-02 22:00:00+00:00,US-NW-PACW,268,2025-10-11T00:34:41.020Z,2025-09-29T22:11:37.537Z,lifecycle,False,,22,3,10,0,-0.5000000000000004,0.8660254037844384
2025-10-02 23:00:00+00:00,US-NW-PACW,278,2025-10-13T00:30:36.092Z,2025-09-29T23:13:09.135Z,lifecycle,False,,23,3,10,0,-0.25881904510252157,0.9659258262890681
2025-10-03 00:00:00+00:00,US-NW-PACW,250,2025-10-13T00:30:36.092Z,2025-09-30T00:09:19.007Z,lifecycle,False,,0,4,10,0,0.0,1.0
2025-10-03 01:00:00+00:00,US-NW-PACW,266,2025-10-13T00:30:36.092Z,2025-09-30T01:09:56.834Z,lifecycle,False,,1,4,10,0,0.25881904510252074,0.9659258262890683
2025-10-03 02:00:00+00:00,US-NW-PACW,278,2025-10-13T00:30:13.167Z,2025-09-30T02:12:10.105Z,lifecycle,False,,2,4,10,0,0.49999999999999994,0.8660254037844387
2025-10-03 03:00:00+00:00,US-NW-PACW,301,2025-10-13T00:30:13.167Z,2025-09-30T03:11:45.259Z,lifecycle,False,,3,4,10,0,0.7071067811865476,0.7071067811865476
2025-10-03 04:00:00+00:00,US-NW-PACW,332,2025-10-13T00:30:36.092Z,2025-09-30T04:12:09.022Z,lifecycle,False,,4,4,10,0,0.8660254037844386,0.5000000000000001
2025-10-03 05:00:00+00:00,US-NW-PACW,384,2025-10-13T00:30:13.167Z,2025-09-30T05:12:33.718Z,lifecycle,False,,5,4,10,0,0.9659258262890683,0.25881904510252074
2025-10-03 06:00:00+00:00,US-NW-PACW,382,2025-10-13T00:30:13.167Z,2025-09-30T06:10:59.569Z,lifecycle,False,,6,4,10,0,1.0,6.123233995736766e-17
2025-10-03 07:00:00+00:00,US-NW-PACW,372,2025-10-13T00:30:40.036Z,2025-09-30T07:10:36.113Z,lifecycle,False,,7,4,10,0,0.9659258262890683,-0.25881904510252063
2025-10-03 08:00:00+00:00,US-NW-PACW,365,2025-10-13T00:30:13.167Z,2025-09-30T08:10:58.720Z,lifecycle,False,,8,4,10,0,0.8660254037844387,-0.4999999999999998
2025-10-03 09:00:00+00:00,US-NW-PACW,397,2025-10-13T00:30:13.167Z,2025-09-30T09:11:24.381Z,lifecycle,False,,9,4,10,0,0.7071067811865476,-0.7071067811865475
2025-10-03 10:00:00+00:00,US-NW-PACW,403,2025-10-13T00:30:13.167Z,2025-09-30T10:10:34.825Z,lifecycle,False,,10,4,10,0,0.49999999999999994,-0.8660254037844387
2025-10-03 11:00:00+00:00,US-NW-PACW,371,2025-10-13T00:30:36.092Z,2025-09-30T11:11:03.453Z,lifecycle,False,,11,4,10,0,0.258819045102521,-0.9659258262890682
2025-10-03 12:00:00+00:00,US-NW-PACW,381,2025-10-13T00:30:40.036Z,2025-09-30T12:10:24.158Z,lifecycle,False,,12,4,10,0,1.2246467991473532e-16,-1.0
2025-10-03 13:00:00+00:00,US-NW-PACW,340,2025-10-13T00:30:36.092Z,2025-09-30T13:10:39.904Z,lifecycle,False,,13,4,10,0,-0.2588190451025208,-0.9659258262890683
2025-10-03 14:00:00+00:00,US-NW-PACW,328,2025-10-13T00:30:36.092Z,2025-09-30T14:09:46.406Z,lifecycle,False,,14,4,10,0,-0.4999999999999997,-0.8660254037844388
2025-10-03 15:00:00+00:00,US-NW-PACW,291,2025-10-13T00:30:13.167Z,2025-09-30T15:11:44.563Z,lifecycle,False,,15,4,10,0,-0.7071067811865471,-0.7071067811865479
2025-10-03 16:00:00+00:00,US-NW-PACW,264,2025-10-13T00:30:13.167Z,2025-09-30T16:10:26.561Z,lifecycle,False,,16,4,10,0,-0.8660254037844385,-0.5000000000000004
2025-10-03 17:00:00+00:00,US-NW-PACW,270,2025-10-13T00:30:13.167Z,2025-09-30T17:09:52.707Z,lifecycle,False,,17,4,10,0,-0.9659258262890683,-0.25881904510252063
2025-10-03 18:00:00+00:00,US-NW-PACW,275,2025-10-13T00:30:40.036Z,2025-09-30T18:10:31.127Z,lifecycle,False,,18,4,10,0,-1.0,-1.8369701987210297e-16
2025-10-03 19:00:00+00:00,US-NW-PACW,275,2025-10-13T00:30:40.036Z,2025-09-30T19:10:21.625Z,lifecycle,False,,19,4,10,0,-0.9659258262890684,0.2588190451025203
2025-10-03 20:00:00+00:00,US-NW-PACW,268,2025-10-13T00:30:36.092Z,2025-09-30T20:10:49.726Z,lifecycle,False,,20,4,10,0,-0.8660254037844386,0.5000000000000001
2025-10-03 21:00:00+00:00,US-NW-PACW,267,2025-10-13T00:30:36.092Z,2025-09-30T21:10:06.662Z,lifecycle,False,,21,4,10,0,-0.7071067811865477,0.7071067811865474
2025-10-03 22:00:00+00:00,US-NW-PACW,238,2025-10-13T00:30:36.092Z,2025-09-30T22:09:56.296Z,lifecycle,False,,22,4,10,0,-0.5000000000000004,0.8660254037844384
2025-10-03 23:00:00+00:00,US-NW-PACW,227,2025-10-13T00:30:13.167Z,2025-09-30T23:09:23.939Z,lifecycle,False,,23,4,10,0,-0.25881904510252157,0.9659258262890681
2025-10-04 00:00:00+00:00,US-NW-PACW,260,2025-10-14T00:32:18.744Z,2025-10-01T00:11:21.222Z,lifecycle,False,,0,5,10,1,0.0,1.0
2025-10-04 01:00:00+00:00,US-NW-PACW,280,2025-10-13T00:30:40.036Z,2025-10-01T01:12:23.592Z,lifecycle,False,,1,5,10,1,0.25881904510252074,0.9659258262890683
2025-10-04 02:00:00+00:00,US-NW-PACW,291,2025-10-14T00:32:48.177Z,2025-10-01T02:11:12.943Z,lifecycle,False,,2,5,10,1,0.49999999999999994,0.8660254037844387
2025-10-04 03:00:00+00:00,US-NW-PACW,274,2025-10-14T00:32:40.208Z,2025-10-01T03:09:51.861Z,lifecycle,False,,3,5,10,1,0.7071067811865476,0.7071067811865476
2025-10-04 04:00:00+00:00,US-NW-PACW,259,2025-10-14T00:32:40.208Z,2025-10-01T04:09:54.278Z,lifecycle,False,,4,5,10,1,0.8660254037844386,0.5000000000000001
2025-10-04 05:00:00+00:00,US-NW-PACW,282,2025-10-14T00:32:18.744Z,2025-10-01T05:10:02.125Z,lifecycle,False,,5,5,10,1,0.9659258262890683,0.25881904510252074
2025-10-04 06:00:00+00:00,US-NW-PACW,270,2025-10-07T00:40:29.481Z,2025-10-01T06:11:00.770Z,lifecycle,False,,6,5,10,1,1.0,6.123233995736766e-17
2025-10-04 07:00:00+00:00,US-NW-PACW,272,2025-10-07T00:41:03.336Z,2025-10-01T07:11:23.450Z,lifecycle,False,,7,5,10,1,0.9659258262890683,-0.25881904510252063
2025-10-04 08:00:00+00:00,US-NW-PACW,289,2025-10-07T00:40:29.481Z,2025-10-01T08:09:34.800Z,lifecycle,False,,8,5,10,1,0.8660254037844387,-0.4999999999999998
2025-10-04 09:00:00+00:00,US-NW-PACW,294,2025-10-07T00:40:29.481Z,2025-10-01T09:11:10.102Z,lifecycle,False,,9,5,10,1,0.7071067811865476,-0.7071067811865475
2025-10-04 10:00:00+00:00,US-NW-PACW,293,2025-10-07T00:41:03.336Z,2025-10-01T10:10:39.709Z,lifecycle,False,,10,5,10,1,0.49999999999999994,-0.8660254037844387
2025-10-04 11:00:00+00:00,US-NW-PACW,268,2025-10-07T00:41:08.497Z,2025-10-01T11:10:11.160Z,lifecycle,False,,11,5,10,1,0.258819045102521,-0.9659258262890682
2025-10-04 12:00:00+00:00,US-NW-PACW,279,2025-10-07T00:40:47.559Z,2025-10-01T12:11:20.262Z,lifecycle,False,,12,5,10,1,1.2246467991473532e-16,-1.0
2025-10-04 13:00:00+00:00,US-NW-PACW,274,2025-10-07T00:40:47.559Z,2025-10-01T13:09:53.051Z,lifecycle,False,,13,5,10,1,-0.2588190451025208,-0.9659258262890683
2025-10-04 14:00:00+00:00,US-NW-PACW,267,2025-10-07T00:40:29.481Z,2025-10-01T14:10:21.983Z,lifecycle,False,,14,5,10,1,-0.4999999999999997,-0.8660254037844388
2025-10-04 15:00:00+00:00,US-NW-PACW,249,2025-10-07T00:40:29.481Z,2025-10-01T15:10:55.412Z,lifecycle,False,,15,5,10,1,-0.7071067811865471,-0.7071067811865479
2025-10-04 16:00:00+00:00,US-NW-PACW,246,2025-10-14T00:32:48.177Z,2025-10-01T16:10:17.141Z,lifecycle,False,,16,5,10,1,-0.8660254037844385,-0.5000000000000004
2025-10-04 17:00:00+00:00,US-NW-PACW,241,2025-10-14T00:32:40.208Z,2025-10-01T17:09:21.651Z,lifecycle,False,,17,5,10,1,-0.9659258262890683,-0.25881904510252063
2025-10-04 18:00:00+00:00,US-NW-PACW,248,2025-10-14T00:32:18.744Z,2025-10-01T18:10:59.227Z,lifecycle,False,,18,5,10,1,-1.0,-1.8369701987210297e-16
2025-10-04 19:00:00+00:00,US-NW-PACW,247,2025-10-14T00:32:18.744Z,2025-10-01T19:13:52.959Z,lifecycle,False,,19,5,10,1,-0.9659258262890684,0.2588190451025203
2025-10-04 20:00:00+00:00,US-NW-PACW,251,2025-10-14T00:32:48.177Z,2025-10-01T20:11:44.970Z,lifecycle,False,,20,5,10,1,-0.8660254037844386,0.5000000000000001
2025-10-04 21:00:00+00:00,US-NW-PACW,252,2025-10-07T00:41:08.497Z,2025-10-01T21:11:10.969Z,lifecycle,False,,21,5,10,1,-0.7071067811865477,0.7071067811865474
2025-10-04 22:00:00+00:00,US-NW-PACW,260,2025-10-07T00:40:47.559Z,2025-10-01T22:10:22.595Z,lifecycle,False,,22,5,10,1,-0.5000000000000004,0.8660254037844384
2025-10-04 23:00:00+00:00,US-NW-PACW,248,2025-10-07T23:55:16.838Z,2025-10-01T23:09:25.135Z,lifecycle,False,,23,5,10,1,-0.25881904510252157,0.9659258262890681
2025-10-05 00:00:00+00:00,US-NW-PACW,264,2025-10-07T23:54:56.386Z,2025-10-02T00:09:49.381Z,lifecycle,False,,0,6,10,1,0.0,1.0
2025-10-05 01:00:00+00:00,US-NW-PACW,301,2025-10-07T23:54:56.386Z,2025-10-02T01:09:31.919Z,lifecycle,False,,1,6,10,1,0.25881904510252074,0.9659258262890683
2025-10-05 02:00:00+00:00,US-NW-PACW,300,2025-10-07T23:54:56.386Z,2025-10-02T02:10:11.882Z,lifecycle,False,,2,6,10,1,0.49999999999999994,0.8660254037844387
2025-10-05 03:00:00+00:00,US-NW-PACW,297,2025-10-07T23:54:56.386Z,2025-10-02T03:10:34.666Z,lifecycle,False,,3,6,10,1,0.7071067811865476,0.7071067811865476
2025-10-05 04:00:00+00:00,US-NW-PACW,306,2025-10-07T23:54:56.386Z,2025-10-02T04:11:12.812Z,lifecycle,False,,4,6,10,1,0.8660254037844386,0.5000000000000001
2025-10-05 05:00:00+00:00,US-NW-PACW,320,2025-10-07T23:55:32.668Z,2025-10-02T05:10:55.314Z,lifecycle,False,,5,6,10,1,0.9659258262890683,0.25881904510252074
2025-10-05 06:00:00+00:00,US-NW-PACW,326,2025-10-07T23:54:56.386Z,2025-10-02T06:10:35.585Z,lifecycle,False,,6,6,10,1,1.0,6.123233995736766e-17
2025-10-05 07:00:00+00:00,US-NW-PACW,362,2025-10-07T23:55:32.668Z,2025-10-02T07:10:11.870Z,lifecycle,False,,7,6,10,1,0.9659258262890683,-0.25881904510252063
2025-10-05 08:00:00+00:00,US-NW-PACW,356,2025-10-07T23:55:16.838Z,2025-10-02T08:11:07.666Z,lifecycle,False,,8,6,10,1,0.8660254037844387,-0.4999999999999998
2025-10-05 09:00:00+00:00,US-NW-PACW,357,2025-10-07T23:54:56.386Z,2025-10-02T09:10:59.064Z,lifecycle,False,,9,6,10,1,0.7071067811865476,-0.7071067811865475
2025-10-05 10:00:00+00:00,US-NW-PACW,360,2025-10-07T23:55:36.929Z,2025-10-02T10:10:27.395Z,lifecycle,False,,10,6,10,1,0.49999999999999994,-0.8660254037844387
2025-10-05 11:00:00+00:00,US-NW-PACW,368,2025-10-07T23:55:16.838Z,2025-10-02T11:10:21.739Z,lifecycle,False,,11,6,10,1,0.258819045102521,-0.9659258262890682
2025-10-05 12:00:00+00:00,US-NW-PACW,387,2025-10-07T23:55:36.929Z,2025-10-02T12:11:05.752Z,lifecycle,False,,12,6,10,1,1.2246467991473532e-16,-1.0
2025-10-05 13:00:00+00:00,US-NW-PACW,395,2025-10-07T23:54:56.386Z,2025-10-02T13:12:27.277Z,lifecycle,False,,13,6,10,1,-0.2588190451025208,-0.9659258262890683
2025-10-05 14:00:00+00:00,US-NW-PACW,347,2025-10-07T23:55:16.838Z,2025-10-02T14:12:35.599Z,lifecycle,False,,14,6,10,1,-0.4999999999999997,-0.8660254037844388
2025-10-05 15:00:00+00:00,US-NW-PACW,282,2025-10-07T23:55:16.838Z,2025-10-02T15:11:53.687Z,lifecycle,False,,15,6,10,1,-0.7071067811865471,-0.7071067811865479
2025-10-05 16:00:00+00:00,US-NW-PACW,258,2025-10-07T23:55:36.929Z,2025-10-02T16:11:34.009Z,lifecycle,False,,16,6,10,1,-0.8660254037844385,-0.5000000000000004
2025-10-05 17:00:00+00:00,US-NW-PACW,256,2025-10-07T23:55:16.838Z,2025-10-02T17:11:20.308Z,lifecycle,False,,17,6,10,1,-0.9659258262890683,-0.25881904510252063
2025-10-05 18:00:00+00:00,US-NW-PACW,261,2025-10-07T23:55:16.838Z,2025-10-02T18:12:11.176Z,lifecycle,False,,18,6,10,1,-1.0,-1.8369701987210297e-16
2025-10-05 19:00:00+00:00,US-NW-PACW,265,2025-10-07T23:55:16.838Z,2025-10-02T19:12:34.861Z,lifecycle,False,,19,6,10,1,-0.9659258262890684,0.2588190451025203
2025-10-05 20:00:00+00:00,US-NW-PACW,266,2025-10-07T23:54:56.386Z,2025-10-02T20:12:07.791Z,lifecycle,False,,20,6,10,1,-0.8660254037844386,0.5000000000000001
2025-10-05 21:00:00+00:00,US-NW-PACW,265,2025-10-07T23:55:16.838Z,2025-10-02T21:11:46.978Z,lifecycle,False,,21,6,10,1,-0.7071067811865477,0.7071067811865474
2025-10-05 22:00:00+00:00,US-NW-PACW,262,2025-10-07T23:54:56.386Z,2025-10-02T22:11:27.162Z,lifecycle,False,,22,6,10,1,-0.5000000000000004,0.8660254037844384
2025-10-05 23:00:00+00:00,US-NW-PACW,264,2025-10-07T23:55:36.929Z,2025-10-02T23:12:04.175Z,lifecycle,False,,23,6,10,1,-0.25881904510252157,0.9659258262890681
2025-10-06 00:00:00+00:00,US-NW-PACW,297,2025-10-07T23:55:36.929Z,2025-10-03T00:12:34.052Z,lifecycle,False,,0,0,10,0,0.0,1.0
2025-10-06 01:00:00+00:00,US-NW-PACW,314,2025-10-07T23:54:56.386Z,2025-10-03T01:12:03.213Z,lifecycle,False,,1,0,10,0,0.25881904510252074,0.9659258262890683
2025-10-06 02:00:00+00:00,US-NW-PACW,346,2025-10-07T23:55:16.838Z,2025-10-03T02:11:02.909Z,lifecycle,False,,2,0,10,0,0.49999999999999994,0.8660254037844387
2025-10-06 03:00:00+00:00,US-NW-PACW,359,2025-10-07T23:55:36.929Z,2025-10-03T03:10:50.786Z,lifecycle,False,,3,0,10,0,0.7071067811865476,0.7071067811865476
2025-10-06 04:00:00+00:00,US-NW-PACW,368,2025-10-07T23:55:36.929Z,2025-10-03T04:11:06.951Z,lifecycle,False,,4,0,10,0,0.8660254037844386,0.5000000000000001
2025-10-06 05:00:00+00:00,US-NW-PACW,386,2025-10-07T23:55:36.929Z,2025-10-03T05:13:45.883Z,lifecycle,False,,5,0,10,0,0.9659258262890683,0.25881904510252074
2025-10-06 06:00:00+00:00,US-NW-PACW,394,2025-10-15T00:31:26.023Z,2025-10-03T06:10:58.770Z,lifecycle,False,,6,0,10,0,1.0,6.123233995736766e-17
2025-10-06 07:00:00+00:00,US-NW-PACW,413,2025-10-15T00:31:50.874Z,2025-10-03T07:13:05.988Z,lifecycle,False,,7,0,10,0,0.9659258262890683,-0.25881904510252063
2025-10-06 08:00:00+00:00,US-NW-PACW,424,2025-10-15T00:31:50.874Z,2025-10-03T08:10:35.433Z,lifecycle,False,,8,0,10,0,0.8660254037844387,-0.4999999999999998
2025-10-06 09:00:00+00:00,US-NW-PACW,408,2025-10-15T00:31:45.874Z,2025-10-03T09:11:26.232Z,lifecycle,False,,9,0,10,0,0.7071067811865476,-0.7071067811865475
2025-10-06 10:00:00+00:00,US-NW-PACW,400,2025-10-15T00:31:45.874Z,2025-10-03T10:11:28.302Z,lifecycle,False,,10,0,10,0,0.49999999999999994,-0.8660254037844387
2025-10-06 11:00:00+00:00,US-NW-PACW,377,2025-10-15T00:31:45.874Z,2025-10-03T11:12:57.597Z,lifecycle,False,,11,0,10,0,0.258819045102521,-0.9659258262890682
2025-10-06 12:00:00+00:00,US-NW-PACW,343,2025-10-15T00:31:50.874Z,2025-10-03T12:10:41.840Z,lifecycle,False,,12,0,10,0,1.2246467991473532e-16,-1.0
2025-10-06 13:00:00+00:00,US-NW-PACW,279,2025-10-15T00:31:26.023Z,2025-10-03T13:11:24.367Z,lifecycle,False,,13,0,10,0,-0.2588190451025208,-0.9659258262890683
2025-10-06 14:00:00+00:00,US-NW-PACW,284,2025-10-15T00:31:26.023Z,2025-10-03T14:12:14.142Z,lifecycle,False,,14,0,10,0,-0.4999999999999997,-0.8660254037844388
2025-10-06 15:00:00+00:00,US-NW-PACW,259,2025-10-15T00:31:50.874Z,2025-10-03T15:13:37.709Z,lifecycle,False,,15,0,10,0,-0.7071067811865471,-0.7071067811865479
2025-10-06 16:00:00+00:00,US-NW-PACW,241,2025-10-15T00:31:35.530Z,2025-10-03T16:11:07.810Z,lifecycle,False,,16,0,10,0,-0.8660254037844385,-0.5000000000000004
2025-10-06 17:00:00+00:00,US-NW-PACW,248,2025-10-15T00:31:35.530Z,2025-10-03T17:11:26.610Z,lifecycle,False,,17,0,10,0,-0.9659258262890683,-0.25881904510252063
2025-10-06 18:00:00+00:00,US-NW-PACW,259,2025-10-15T00:31:35.530Z,2025-10-03T18:12:36.047Z,lifecycle,False,,18,0,10,0,-1.0,-1.8369701987210297e-16
2025-10-06 19:00:00+00:00,US-NW-PACW,260,2025-10-15T00:31:35.530Z,2025-10-03T19:10:21.528Z,lifecycle,False,,19,0,10,0,-0.9659258262890684,0.2588190451025203
2025-10-06 20:00:00+00:00,US-NW-PACW,258,2025-10-15T00:31:35.530Z,2025-10-03T20:10:37.601Z,lifecycle,False,,20,0,10,0,-0.8660254037844386,0.5000000000000001
2025-10-06 21:00:00+00:00,US-NW-PACW,258,2025-10-15T00:31:54.444Z,2025-10-03T21:11:25.087Z,lifecycle,False,,21,0,10,0,-0.7071067811865477,0.7071067811865474
2025-10-06 22:00:00+00:00,US-NW-PACW,254,2025-10-15T00:31:35.530Z,2025-10-03T22:11:07.891Z,lifecycle,False,,22,0,10,0,-0.5000000000000004,0.8660254037844384
2025-10-06 23:00:00+00:00,US-NW-PACW,243,2025-10-15T00:31:54.444Z,2025-10-03T23:11:13.948Z,lifecycle,False,,23,0,10,0,-0.25881904510252157,0.9659258262890681
2025-10-07 00:00:00+00:00,US-NW-PACW,254,2025-10-15T00:31:54.444Z,2025-10-04T00:11:02.193Z,lifecycle,False,,0,1,10,0,0.0,1.0
2025-10-07 01:00:00+00:00,US-NW-PACW,275,2025-10-15T00:31:35.530Z,2025-10-04T01:10:38.016Z,lifecycle,False,,1,1,10,0,0.25881904510252074,0.9659258262890683
2025-10-07 02:00:00+00:00,US-NW-PACW,276,2025-10-15T00:31:54.444Z,2025-10-04T02:10:40.007Z,lifecycle,False,,2,1,10,0,0.49999999999999994,0.8660254037844387
2025-10-07 03:00:00+00:00,US-NW-PACW,292,2025-10-15T00:31:35.530Z,2025-10-04T03:10:45.678Z,lifecycle,False,,3,1,10,0,0.7071067811865476,0.7071067811865476
2025-10-07 04:00:00+00:00,US-NW-PACW,312,2025-10-15T00:31:59.273Z,2025-10-04T04:11:10.933Z,lifecycle,False,,4,1,10,0,0.8660254037844386,0.5000000000000001
2025-10-07 05:00:00+00:00,US-NW-PACW,370,2025-10-15T00:31:54.444Z,2025-10-04T05:11:14.413Z,lifecycle,False,,5,1,10,0,0.9659258262890683,0.25881904510252074
2025-10-07 06:00:00+00:00,US-NW-PACW,397,2025-10-15T00:31:54.444Z,2025-10-04T06:13:22.781Z,lifecycle,False,,6,1,10,0,1.0,6.123233995736766e-17
2025-10-07 07:00:00+00:00,US-NW-PACW,387,2025-10-15T00:31:54.444Z,2025-10-04T07:11:00.369Z,lifecycle,False,,7,1,10,0,0.9659258262890683,-0.25881904510252063
2025-10-07 08:00:00+00:00,US-NW-PACW,397,2025-10-15T00:31:54.444Z,2025-10-04T08:11:47.634Z,lifecycle,False,,8,1,10,0,0.8660254037844387,-0.4999999999999998
2025-10-07 09:00:00+00:00,US-NW-PACW,412,2025-10-15T00:31:54.444Z,2025-10-04T09:11:26.800Z,lifecycle,False,,9,1,10,0,0.7071067811865476,-0.7071067811865475
2025-10-07 10:00:00+00:00,US-NW-PACW,394,2025-10-15T00:31:59.273Z,2025-10-04T10:11:05.508Z,lifecycle,False,,10,1,10,0,0.49999999999999994,-0.8660254037844387
2025-10-07 11:00:00+00:00,US-NW-PACW,369,2025-10-15T00:31:35.530Z,2025-10-04T11:11:28.802Z,lifecycle,False,,11,1,10,0,0.258819045102521,-0.9659258262890682
2025-10-07 12:00:00+00:00,US-NW-PACW,316,2025-10-15T00:31:59.273Z,2025-10-04T12:10:48.986Z,lifecycle,False,,12,1,10,0,1.2246467991473532e-16,-1.0
2025-10-07 13:00:00+00:00,US-NW-PACW,281,2025-10-15T00:31:54.444Z,2025-10-04T13:10:48.934Z,lifecycle,False,,13,1,10,0,-0.2588190451025208,-0.9659258262890683
2025-10-07 14:00:00+00:00,US-NW-PACW,294,2025-10-15T00:31:35.530Z,2025-10-04T14:11:40.060Z,lifecycle,False,,14,1,10,0,-0.4999999999999997,-0.8660254037844388
2025-10-07 15:00:00+00:00,US-NW-PACW,276,2025-10-10T00:25:05.618Z,2025-10-04T15:11:24.528Z,lifecycle,False,,15,1,10,0,-0.7071067811865471,-0.7071067811865479
2025-10-07 16:00:00+00:00,US-NW-PACW,256,2025-10-10T00:24:48.064Z,2025-10-04T16:10:44.496Z,lifecycle,False,,16,1,10,0,-0.8660254037844385,-0.5000000000000004
2025-10-07 17:00:00+00:00,US-NW-PACW,255,2025-10-10T00:24:33.163Z,2025-10-04T17:10:50.713Z,lifecycle,False,,17,1,10,0,-0.9659258262890683,-0.25881904510252063
2025-10-07 18:00:00+00:00,US-NW-PACW,263,2025-10-10T00:24:48.064Z,2025-10-04T18:12:27.783Z,lifecycle,False,,18,1,10,0,-1.0,-1.8369701987210297e-16
2025-10-07 19:00:00+00:00,US-NW-PACW,267,2025-10-10T00:25:05.618Z,2025-10-04T19:11:27.855Z,lifecycle,False,,19,1,10,0,-0.9659258262890684,0.2588190451025203
2025-10-07 20:00:00+00:00,US-NW-PACW,268,2025-10-10T00:24:33.163Z,2025-10-04T20:11:06.991Z,lifecycle,False,,20,1,10,0,-0.8660254037844386,0.5000000000000001
2025-10-07 21:00:00+00:00,US-NW-PACW,269,2025-10-10T00:24:33.163Z,2025-10-04T21:10:27.631Z,lifecycle,False,,21,1,10,0,-0.7071067811865477,0.7071067811865474
2025-10-07 22:00:00+00:00,US-NW-PACW,267,2025-10-10T00:24:48.064Z,2025-10-04T22:11:22.359Z,lifecycle,False,,22,1,10,0,-0.5000000000000004,0.8660254037844384
2025-10-07 23:00:00+00:00,US-NW-PACW,247,2025-10-10T00:24:33.163Z,2025-10-04T23:10:19.141Z,lifecycle,False,,23,1,10,0,-0.25881904510252157,0.9659258262890681
2025-10-08 00:00:00+00:00,US-NW-PACW,252,2025-10-15T00:31:35.530Z,2025-10-05T00:11:01.215Z,lifecycle,False,,0,2,10,0,0.0,1.0
2025-10-08 01:00:00+00:00,US-NW-PACW,284,2025-10-15T00:31:54.444Z,2025-10-05T01:11:02.190Z,lifecycle,False,,1,2,10,0,0.25881904510252074,0.9659258262890683
2025-10-08 02:00:00+00:00,US-NW-PACW,310,2025-10-15T00:31:35.530Z,2025-10-05T02:11:54.823Z,lifecycle,False,,2,2,10,0,0.49999999999999994,0.8660254037844387
2025-10-08 03:00:00+00:00,US-NW-PACW,325,2025-10-15T00:31:54.444Z,2025-10-05T03:10:10.492Z,lifecycle,False,,3,2,10,0,0.7071067811865476,0.7071067811865476
2025-10-08 04:00:00+00:00,US-NW-PACW,338,2025-10-10T00:24:33.163Z,2025-10-05T04:11:14.678Z,lifecycle,False,,4,2,10,0,0.8660254037844386,0.5000000000000001
2025-10-08 05:00:00+00:00,US-NW-PACW,340,2025-10-10T00:24:48.064Z,2025-10-05T05:10:44.657Z,lifecycle,False,,5,2,10,0,0.9659258262890683,0.25881904510252074
2025-10-08 06:00:00+00:00,US-NW-PACW,326,2025-10-16T00:33:43.163Z,2025-10-05T06:11:40.379Z,lifecycle,False,,6,2,10,0,1.0,6.123233995736766e-17
2025-10-08 07:00:00+00:00,US-NW-PACW,335,2025-10-11T00:10:10.520Z,2025-10-05T07:10:41.781Z,lifecycle,False,,7,2,10,0,0.9659258262890683,-0.25881904510252063
2025-10-08 08:00:00+00:00,US-NW-PACW,344,2025-10-11T00:10:24.734Z,2025-10-05T08:10:54.474Z,lifecycle,False,,8,2,10,0,0.8660254037844387,-0.4999999999999998
2025-10-08 09:00:00+00:00,US-NW-PACW,346,2025-10-11T00:10:24.734Z,2025-10-05T09:11:05.008Z,lifecycle,False,,9,2,10,0,0.7071067811865476,-0.7071067811865475
2025-10-08 10:00:00+00:00,US-NW-PACW,344,2025-10-11T00:10:24.734Z,2025-10-05T10:11:06.875Z,lifecycle,False,,10,2,10,0,0.49999999999999994,-0.8660254037844387
2025-10-08 11:00:00+00:00,US-NW-PACW,333,2025-10-11T00:10:10.520Z,2025-10-05T11:11:05.543Z,lifecycle,False,,11,2,10,0,0.258819045102521,-0.9659258262890682
2025-10-08 12:00:00+00:00,US-NW-PACW,315,2025-10-11T00:10:29.472Z,2025-10-05T12:11:40.139Z,lifecycle,False,,12,2,10,0,1.2246467991473532e-16,-1.0
2025-10-08 13:00:00+00:00,US-NW-PACW,278,2025-10-11T00:10:10.520Z,2025-10-05T13:11:20.971Z,lifecycle,False,,13,2,10,0,-0.2588190451025208,-0.9659258262890683
2025-10-08 14:00:00+00:00,US-NW-PACW,269,2025-10-11T00:10:29.472Z,2025-10-05T14:10:29.296Z,lifecycle,False,,14,2,10,0,-0.4999999999999997,-0.8660254037844388
2025-10-08 15:00:00+00:00,US-NW-PACW,235,2025-10-11T00:09:53.296Z,2025-10-05T15:11:21.724Z,lifecycle,False,,15,2,10,0,-0.7071067811865471,-0.7071067811865479
2025-10-08 16:00:00+00:00,US-NW-PACW,236,2025-10-11T00:09:53.296Z,2025-10-05T16:10:18.110Z,lifecycle,False,,16,2,10,0,-0.8660254037844385,-0.5000000000000004
2025-10-08 17:00:00+00:00,US-NW-PACW,234,2025-10-11T00:10:29.472Z,2025-10-05T17:12:10.255Z,lifecycle,False,,17,2,10,0,-0.9659258262890683,-0.25881904510252063
2025-10-08 18:00:00+00:00,US-NW-PACW,218,2025-10-11T00:09:53.296Z,2025-10-05T18:10:17.166Z,lifecycle,False,,18,2,10,0,-1.0,-1.8369701987210297e-16
2025-10-08 19:00:00+00:00,US-NW-PACW,219,2025-10-11T00:10:29.472Z,2025-10-05T19:13:11.546Z,lifecycle,False,,19,2,10,0,-0.9659258262890684,0.2588190451025203
2025-10-08 20:00:00+00:00,US-NW-PACW,229,2025-10-11T00:09:53.296Z,2025-10-05T20:10:42.332Z,lifecycle,False,,20,2,10,0,-0.8660254037844386,0.5000000000000001
2025-10-08 21:00:00+00:00,US-NW-PACW,220,2025-10-11T00:09:53.296Z,2025-10-05T21:11:12.188Z,lifecycle,False,,21,2,10,0,-0.7071067811865477,0.7071067811865474
2025-10-08 22:00:00+00:00,US-NW-PACW,235,2025-10-11T00:09:53.296Z,2025-10-05T22:10:36.387Z,lifecycle,False,,22,2,10,0,-0.5000000000000004,0.8660254037844384
2025-10-08 23:00:00+00:00,US-NW-PACW,220,2025-10-11T00:10:10.520Z,2025-10-05T23:10:35.414Z,lifecycle,False,,23,2,10,0,-0.25881904510252157,0.9659258262890681
2025-10-09 00:00:00+00:00,US-NW-PACW,252,2025-10-11T00:10:29.472Z,2025-10-06T00:13:03.246Z,lifecycle,False,,0,3,10,0,0.0,1.0
2025-10-09 01:00:00+00:00,US-NW-PACW,280,2025-10-11T00:10:29.472Z,2025-10-06T01:10:41.467Z,lifecycle,False,,1,3,10,0,0.25881904510252074,0.9659258262890683
2025-10-09 02:00:00+00:00,US-NW-PACW,272,2025-10-11T00:10:10.520Z,2025-10-06T02:09:44.715Z,lifecycle,False,,2,3,10,0,0.49999999999999994,0.8660254037844387
2025-10-09 03:00:00+00:00,US-NW-PACW,285,2025-10-11T00:10:10.520Z,2025-10-06T03:10:39.826Z,lifecycle,False,,3,3,10,0,0.7071067811865476,0.7071067811865476
2025-10-09 04:00:00+00:00,US-NW-PACW,319,2025-10-11T00:10:29.472Z,2025-10-06T04:13:35.624Z,lifecycle,False,,4,3,10,0,0.8660254037844386,0.5000000000000001
2025-10-09 05:00:00+00:00,US-NW-PACW,348,2025-10-11T00:09:53.296Z,2025-10-06T05:11:18.191Z,lifecycle,False,,5,3,10,0,0.9659258262890683,0.25881904510252074
2025-10-09 06:00:00+00:00,US-NW-PACW,363,2025-10-16T00:33:17.975Z,2025-10-06T06:11:20.814Z,lifecycle,False,,6,3,10,0,1.0,6.123233995736766e-17
2025-10-09 07:00:00+00:00,US-NW-PACW,374,2025-10-16T00:33:40.294Z,2025-10-06T07:11:01.329Z,lifecycle,False,,7,3,10,0,0.9659258262890683,-0.25881904510252063
2025-10-09 08:00:00+00:00,US-NW-PACW,403,2025-10-16T00:33:17.975Z,2025-10-06T08:11:04.028Z,lifecycle,False,,8,3,10,0,0.8660254037844387,-0.4999999999999998
2025-10-09 09:00:00+00:00,US-NW-PACW,386,2025-10-16T00:33:46.957Z,2025-10-06T09:10:30.552Z,lifecycle,False,,9,3,10,0,0.7071067811865476,-0.7071067811865475
2025-10-09 10:00:00+00:00,US-NW-PACW,387,2025-10-16T00:33:22.928Z,2025-10-06T10:10:33.603Z,lifecycle,False,,10,3,10,0,0.49999999999999994,-0.8660254037844387
2025-10-09 11:00:00+00:00,US-NW-PACW,364,2025-10-16T00:33:40.294Z,2025-10-06T11:10:51.266Z,lifecycle,False,,11,3,10,0,0.258819045102521,-0.9659258262890682
2025-10-09 12:00:00+00:00,US-NW-PACW,327,2025-10-16T00:33:22.928Z,2025-10-06T12:11:28.128Z,lifecycle,False,,12,3,10,0,1.2246467991473532e-16,-1.0
2025-10-09 13:00:00+00:00,US-NW-PACW,276,2025-10-16T00:33:46.957Z,2025-10-06T13:09:57.400Z,lifecycle,False,,13,3,10,0,-0.2588190451025208,-0.9659258262890683
2025-10-09 14:00:00+00:00,US-NW-PACW,247,2025-10-16T00:33:46.957Z,2025-10-06T14:11:32.774Z,lifecycle,False,,14,3,10,0,-0.4999999999999997,-0.8660254037844388
2025-10-09 15:00:00+00:00,US-NW-PACW,240,2025-10-16T00:33:44.353Z,2025-10-06T15:11:46.248Z,lifecycle,False,,15,3,10,0,-0.7071067811865471,-0.7071067811865479
2025-10-09 16:00:00+00:00,US-NW-PACW,238,2025-10-16T00:33:22.928Z,2025-10-06T16:10:26.308Z,lifecycle,False,,16,3,10,0,-0.8660254037844385,-0.5000000000000004
2025-10-09 17:00:00+00:00,US-NW-PACW,243,2025-10-16T00:33:46.957Z,2025-10-06T17:09:53.749Z,lifecycle,False,,17,3,10,0,-0.9659258262890683,-0.25881904510252063
2025-10-09 18:00:00+00:00,US-NW-PACW,250,2025-10-16T00:33:44.353Z,2025-10-06T18:09:46.239Z,lifecycle,False,,18,3,10,0,-1.0,-1.8369701987210297e-16
2025-10-09 19:00:00+00:00,US-NW-PACW,251,2025-10-16T00:33:22.928Z,2025-10-06T19:10:23.048Z,lifecycle,False,,19,3,10,0,-0.9659258262890684,0.2588190451025203
2025-10-09 20:00:00+00:00,US-NW-PACW,256,2025-10-16T00:33:22.928Z,2025-10-06T20:10:18.103Z,lifecycle,False,,20,3,10,0,-0.8660254037844386,0.5000000000000001
2025-10-09 21:00:00+00:00,US-NW-PACW,249,2025-10-16T00:33:22.928Z,2025-10-06T21:10:38.404Z,lifecycle,False,,21,3,10,0,-0.7071067811865477,0.7071067811865474
2025-10-09 22:00:00+00:00,US-NW-PACW,249,2025-10-16T00:33:22.928Z,2025-10-06T22:11:19.422Z,lifecycle,False,,22,3,10,0,-0.5000000000000004,0.8660254037844384
2025-10-09 23:00:00+00:00,US-NW-PACW,230,2025-10-16T00:33:22.928Z,2025-10-06T23:10:12.686Z,lifecycle,False,,23,3,10,0,-0.25881904510252157,0.9659258262890681
2025-10-10 00:00:00+00:00,US-NW-PACW,256,2025-10-17T00:31:31.467Z,2025-10-07T00:10:55.677Z,lifecycle,False,,0,4,10,0,0.0,1.0
2025-10-10 01:00:00+00:00,US-NW-PACW,266,2025-10-17T00:31:52.787Z,2025-10-07T01:10:09.647Z,lifecycle,False,,1,4,10,0,0.25881904510252074,0.9659258262890683
2025-10-10 02:00:00+00:00,US-NW-PACW,289,2025-10-17T00:31:31.467Z,2025-10-07T02:09:33.257Z,lifecycle,False,,2,4,10,0,0.49999999999999994,0.8660254037844387
2025-10-10 03:00:00+00:00,US-NW-PACW,291,2025-10-17T00:31:56.005Z,2025-10-07T03:11:16.570Z,lifecycle,False,,3,4,10,0,0.7071067811865476,0.7071067811865476
2025-10-10 04:00:00+00:00,US-NW-PACW,291,2025-10-17T00:31:56.005Z,2025-10-07T04:10:40.312Z,lifecycle,False,,4,4,10,0,0.8660254037844386,0.5000000000000001
2025-10-10 05:00:00+00:00,US-NW-PACW,327,2025-10-17T00:31:56.005Z,2025-10-07T05:21:51.966Z,lifecycle,False,,5,4,10,0,0.9659258262890683,0.25881904510252074
2025-10-10 06:00:00+00:00,US-NW-PACW,323,2025-10-17T00:31:31.467Z,2025-10-07T06:10:43.904Z,lifecycle,False,,6,4,10,0,1.0,6.123233995736766e-17
2025-10-10 07:00:00+00:00,US-NW-PACW,312,2025-10-17T00:31:52.787Z,2025-10-07T07:12:23.141Z,lifecycle,False,,7,4,10,0,0.9659258262890683,-0.25881904510252063
2025-10-10 08:00:00+00:00,US-NW-PACW,315,2025-10-17T00:31:31.467Z,2025-10-07T08:10:45.067Z,lifecycle,False,,8,4,10,0,0.8660254037844387,-0.4999999999999998
2025-10-10 09:00:00+00:00,US-NW-PACW,306,2025-10-17T00:31:59.973Z,2025-10-07T09:10:17.694Z,lifecycle,False,,9,4,10,0,0.7071067811865476,-0.7071067811865475
2025-10-10 10:00:00+00:00,US-NW-PACW,291,2025-10-17T00:31:59.973Z,2025-10-07T10:11:30.116Z,lifecycle,False,,10,4,10,0,0.49999999999999994,-0.8660254037844387
2025-10-10 11:00:00+00:00,US-NW-PACW,252,2025-10-17T00:31:36.742Z,2025-10-07T11:10:01.127Z,lifecycle,False,,11,4,10,0,0.258819045102521,-0.9659258262890682
2025-10-10 12:00:00+00:00,US-NW-PACW,233,2025-10-17T00:31:36.742Z,2025-10-07T12:10:37.402Z,lifecycle,False,,12,4,10,0,1.2246467991473532e-16,-1.0
2025-10-10 13:00:00+00:00,US-NW-PACW,228,2025-10-17T00:31:59.973Z,2025-10-07T13:10:37.890Z,lifecycle,False,,13,4,10,0,-0.2588190451025208,-0.9659258262890683
2025-10-10 14:00:00+00:00,US-NW-PACW,215,2025-10-17T00:31:56.674Z,2025-10-07T14:21:07.676Z,lifecycle,False,,14,4,10,0,-0.4999999999999997,-0.8660254037844388
2025-10-10 15:00:00+00:00,US-NW-PACW,210,2025-10-17T00:31:59.973Z,2025-10-07T15:11:19.198Z,lifecycle,False,,15,4,10,0,-0.7071067811865471,-0.7071067811865479
2025-10-10 16:00:00+00:00,US-NW-PACW,194,2025-10-17T00:31:36.742Z,2025-10-07T16:11:20.686Z,lifecycle,False,,16,4,10,0,-0.8660254037844385,-0.5000000000000004
2025-10-10 17:00:00+00:00,US-NW-PACW,199,2025-10-17T00:31:36.742Z,2025-10-07T17:10:14.599Z,lifecycle,False,,17,4,10,0,-0.9659258262890683,-0.25881904510252063
2025-10-10 18:00:00+00:00,US-NW-PACW,219,2025-10-17T00:31:56.674Z,2025-10-07T18:10:24.831Z,lifecycle,False,,18,4,10,0,-1.0,-1.8369701987210297e-16
2025-10-10 19:00:00+00:00,US-NW-PACW,228,2025-10-17T00:31:36.742Z,2025-10-07T19:10:01.434Z,lifecycle,False,,19,4,10,0,-0.9659258262890684,0.2588190451025203
2025-10-10 20:00:00+00:00,US-NW-PACW,224,2025-10-17T00:31:59.973Z,2025-10-07T20:10:16.826Z,lifecycle,False,,20,4,10,0,-0.8660254037844386,0.5000000000000001
2025-10-10 21:00:00+00:00,US-NW-PACW,244,2025-10-17T00:31:56.674Z,2025-10-07T21:10:42.053Z,lifecycle,False,,21,4,10,0,-0.7071067811865477,0.7071067811865474
2025-10-10 22:00:00+00:00,US-NW-PACW,235,2025-10-17T00:31:36.742Z,2025-10-07T22:10:38.993Z,lifecycle,False,,22,4,10,0,-0.5000000000000004,0.8660254037844384
2025-10-10 23:00:00+00:00,US-NW-PACW,219,2025-10-17T00:31:56.674Z,2025-10-07T23:10:59.975Z,lifecycle,False,,23,4,10,0,-0.25881904510252157,0.9659258262890681
2025-10-11 00:00:00+00:00,US-NW-PACW,225,2025-10-18T00:29:42.323Z,2025-10-08T00:10:12.317Z,lifecycle,False,,0,5,10,1,0.0,1.0
2025-10-11 01:00:00+00:00,US-NW-PACW,218,2025-10-18T00:29:42.323Z,2025-10-08T01:10:27.449Z,lifecycle,False,,1,5,10,1,0.25881904510252074,0.9659258262890683
2025-10-11 02:00:00+00:00,US-NW-PACW,250,2025-10-18T00:29:42.323Z,2025-10-08T02:09:55.182Z,lifecycle,False,,2,5,10,1,0.49999999999999994,0.8660254037844387
2025-10-11 03:00:00+00:00,US-NW-PACW,264,2025-10-18T00:29:48.061Z,2025-10-08T03:10:27.442Z,lifecycle,False,,3,5,10,1,0.7071067811865476,0.7071067811865476
2025-10-11 04:00:00+00:00,US-NW-PACW,262,2025-10-18T00:29:48.061Z,2025-10-08T04:10:56.049Z,lifecycle,False,,4,5,10,1,0.8660254037844386,0.5000000000000001
2025-10-11 05:00:00+00:00,US-NW-PACW,259,2025-10-18T00:29:42.323Z,2025-10-08T05:11:56.992Z,lifecycle,False,,5,5,10,1,0.9659258262890683,0.25881904510252074
2025-10-11 06:00:00+00:00,US-NW-PACW,239,2025-10-18T00:29:42.323Z,2025-10-08T06:09:29.835Z,lifecycle,False,,6,5,10,1,1.0,6.123233995736766e-17
2025-10-11 07:00:00+00:00,US-NW-PACW,236,2025-10-18T00:29:42.323Z,2025-10-08T07:09:53.570Z,lifecycle,False,,7,5,10,1,0.9659258262890683,-0.25881904510252063
2025-10-11 08:00:00+00:00,US-NW-PACW,246,2025-10-18T00:29:22.966Z,2025-10-08T08:11:04.488Z,lifecycle,False,,8,5,10,1,0.8660254037844387,-0.4999999999999998
2025-10-11 09:00:00+00:00,US-NW-PACW,242,2025-10-18T00:29:22.966Z,2025-10-08T09:11:54.030Z,lifecycle,False,,9,5,10,1,0.7071067811865476,-0.7071067811865475
2025-10-11 10:00:00+00:00,US-NW-PACW,246,2025-10-18T00:29:46.156Z,2025-10-08T10:10:47.170Z,lifecycle,False,,10,5,10,1,0.49999999999999994,-0.8660254037844387
2025-10-11 11:00:00+00:00,US-NW-PACW,250,2025-10-18T00:29:46.156Z,2025-10-08T11:11:11.753Z,lifecycle,False,,11,5,10,1,0.258819045102521,-0.9659258262890682
2025-10-11 12:00:00+00:00,US-NW-PACW,237,2025-10-18T00:29:27.209Z,2025-10-08T12:10:28.328Z,lifecycle,False,,12,5,10,1,1.2246467991473532e-16,-1.0
2025-10-11 13:00:00+00:00,US-NW-PACW,225,2025-10-18T00:29:46.156Z,2025-10-08T13:10:27.438Z,lifecycle,False,,13,5,10,1,-0.2588190451025208,-0.9659258262890683
2025-10-11 14:00:00+00:00,US-NW-PACW,227,2025-10-18T00:29:27.209Z,2025-10-08T14:11:10.354Z,lifecycle,False,,14,5,10,1,-0.4999999999999997,-0.8660254037844388
2025-10-11 15:00:00+00:00,US-NW-PACW,198,2025-10-18T00:29:27.209Z,2025-10-08T15:10:45.062Z,lifecycle,False,,15,5,10,1,-0.7071067811865471,-0.7071067811865479
2025-10-11 16:00:00+00:00,US-NW-PACW,182,2025-10-18T00:29:27.209Z,2025-10-08T16:11:58.756Z,lifecycle,False,,16,5,10,1,-0.8660254037844385,-0.5000000000000004
2025-10-11 17:00:00+00:00,US-NW-PACW,178,2025-10-18T00:29:46.156Z,2025-10-08T17:10:54.888Z,lifecycle,False,,17,5,10,1,-0.9659258262890683,-0.25881904510252063
2025-10-11 18:00:00+00:00,US-NW-PACW,180,2025-10-14T18:30:35.912Z,2025-10-08T18:10:32.699Z,lifecycle,False,,18,5,10,1,-1.0,-1.8369701987210297e-16
2025-10-11 19:00:00+00:00,US-NW-PACW,180,2025-10-14T18:31:27.715Z,2025-10-08T19:10:06.302Z,lifecycle,False,,19,5,10,1,-0.9659258262890684,0.2588190451025203
2025-10-11 20:00:00+00:00,US-NW-PACW,179,2025-10-14T18:31:09.778Z,2025-10-08T20:09:48.461Z,lifecycle,False,,20,5,10,1,-0.8660254037844386,0.5000000000000001
2025-10-11 21:00:00+00:00,US-NW-PACW,182,2025-10-14T18:30:35.912Z,2025-10-08T21:09:51.136Z,lifecycle,False,,21,5,10,1,-0.7071067811865477,0.7071067811865474
2025-10-11 22:00:00+00:00,US-NW-PACW,181,2025-10-14T18:31:09.778Z,2025-10-08T22:10:31.121Z,lifecycle,False,,22,5,10,1,-0.5000000000000004,0.8660254037844384
2025-10-11 23:00:00+00:00,US-NW-PACW,188,2025-10-14T18:30:35.912Z,2025-10-08T23:10:30.304Z,lifecycle,False,,23,5,10,1,-0.25881904510252157,0.9659258262890681
2025-10-12 00:00:00+00:00,US-NW-PACW,210,2025-10-14T18:31:27.715Z,2025-10-09T00:12:22.179Z,lifecycle,False,,0,6,10,1,0.0,1.0
2025-10-12 01:00:00+00:00,US-NW-PACW,238,2025-10-14T18:31:27.715Z,2025-10-09T01:09:53.705Z,lifecycle,False,,1,6,10,1,0.25881904510252074,0.9659258262890683
2025-10-12 02:00:00+00:00,US-NW-PACW,237,2025-10-14T18:31:09.778Z,2025-10-09T02:10:20.458Z,lifecycle,False,,2,6,10,1,0.49999999999999994,0.8660254037844387
2025-10-12 03:00:00+00:00,US-NW-PACW,237,2025-10-14T18:31:09.778Z,2025-10-09T03:11:11.688Z,lifecycle,False,,3,6,10,1,0.7071067811865476,0.7071067811865476
2025-10-12 04:00:00+00:00,US-NW-PACW,235,2025-10-14T18:30:35.912Z,2025-10-09T04:10:16.613Z,lifecycle,False,,4,6,10,1,0.8660254037844386,0.5000000000000001
2025-10-12 05:00:00+00:00,US-NW-PACW,222,2025-10-14T18:31:27.715Z,2025-10-09T05:11:34.786Z,lifecycle,False,,5,6,10,1,0.9659258262890683,0.25881904510252074
2025-10-12 06:00:00+00:00,US-NW-PACW,238,2025-10-14T23:56:49.831Z,2025-10-09T06:10:35.365Z,lifecycle,False,,6,6,10,1,1.0,6.123233995736766e-17
2025-10-12 07:00:00+00:00,US-NW-PACW,240,2025-10-14T23:56:57.513Z,2025-10-09T07:10:39.325Z,lifecycle,False,,7,6,10,1,0.9659258262890683,-0.25881904510252063
2025-10-12 08:00:00+00:00,US-NW-PACW,242,2025-10-14T23:56:57.513Z,2025-10-09T08:10:42.538Z,lifecycle,False,,8,6,10,1,0.8660254037844387,-0.4999999999999998
2025-10-12 09:00:00+00:00,US-NW-PACW,242,2025-10-14T23:56:37.326Z,2025-10-09T09:10:33.256Z,lifecycle,False,,9,6,10,1,0.7071067811865476,-0.7071067811865475
2025-10-12 10:00:00+00:00,US-NW-PACW,242,2025-10-14T23:57:00.364Z,2025-10-09T10:10:05.756Z,lifecycle,False,,10,6,10,1,0.49999999999999994,-0.8660254037844387
2025-10-12 11:00:00+00:00,US-NW-PACW,244,2025-10-14T23:56:49.831Z,2025-10-09T11:10:15.047Z,lifecycle,False,,11,6,10,1,0.258819045102521,-0.9659258262890682
2025-10-12 12:00:00+00:00,US-NW-PACW,242,2025-10-14T23:57:00.364Z,2025-10-09T12:10:34.550Z,lifecycle,False,,12,6,10,1,1.2246467991473532e-16,-1.0
2025-10-12 13:00:00+00:00,US-NW-PACW,244,2025-10-14T23:57:00.364Z,2025-10-09T13:10:35.054Z,lifecycle,False,,13,6,10,1,-0.2588190451025208,-0.9659258262890683
2025-10-12 14:00:00+00:00,US-NW-PACW,245,2025-10-14T23:56:49.831Z,2025-10-09T14:11:30.479Z,lifecycle,False,,14,6,10,1,-0.4999999999999997,-0.8660254037844388
2025-10-12 15:00:00+00:00,US-NW-PACW,220,2025-10-14T23:57:00.364Z,2025-10-09T15:09:34.176Z,lifecycle,False,,15,6,10,1,-0.7071067811865471,-0.7071067811865479
2025-10-12 16:00:00+00:00,US-NW-PACW,218,2025-10-14T23:57:00.364Z,2025-10-09T16:09:24.989Z,lifecycle,False,,16,6,10,1,-0.8660254037844385,-0.5000000000000004
2025-10-12 17:00:00+00:00,US-NW-PACW,206,2025-10-14T23:56:49.831Z,2025-10-09T17:10:09.421Z,lifecycle,False,,17,6,10,1,-0.9659258262890683,-0.25881904510252063
2025-10-12 18:00:00+00:00,US-NW-PACW,207,2025-10-14T23:56:49.831Z,2025-10-09T18:09:45.449Z,lifecycle,False,,18,6,10,1,-1.0,-1.8369701987210297e-16
2025-10-12 19:00:00+00:00,US-NW-PACW,216,2025-10-14T23:56:37.326Z,2025-10-09T19:10:17.245Z,lifecycle,False,,19,6,10,1,-0.9659258262890684,0.2588190451025203
2025-10-12 20:00:00+00:00,US-NW-PACW,222,2025-10-14T23:56:49.831Z,2025-10-09T20:10:31.804Z,lifecycle,False,,20,6,10,1,-0.8660254037844386,0.5000000000000001
2025-10-12 21:00:00+00:00,US-NW-PACW,244,2025-10-14T23:56:49.831Z,2025-10-09T21:10:47.679Z,lifecycle,False,,21,6,10,1,-0.7071067811865477,0.7071067811865474
2025-10-12 22:00:00+00:00,US-NW-PACW,259,2025-10-14T23:56:37.326Z,2025-10-09T22:10:12.323Z,lifecycle,False,,22,6,10,1,-0.5000000000000004,0.8660254037844384
2025-10-12 23:00:00+00:00,US-NW-PACW,274,2025-10-20T00:29:23.841Z,2025-10-09T23:10:40.725Z,lifecycle,False,,23,6,10,1,-0.25881904510252157,0.9659258262890681
2025-10-13 00:00:00+00:00,US-NW-PACW,285,2025-10-20T00:29:23.841Z,2025-10-10T00:10:50.487Z,lifecycle,False,,0,0,10,0,0.0,1.0
2025-10-13 01:00:00+00:00,US-NW-PACW,304,2025-10-15T23:56:08.490Z,2025-10-10T01:10:18.636Z,lifecycle,False,,1,0,10,0,0.25881904510252074,0.9659258262890683
2025-10-13 02:00:00+00:00,US-NW-PACW,309,2025-10-14T23:56:37.326Z,2025-10-10T02:09:21.011Z,lifecycle,False,,2,0,10,0,0.49999999999999994,0.8660254037844387
2025-10-13 03:00:00+00:00,US-NW-PACW,336,2025-10-14T23:56:37.326Z,2025-10-10T03:10:13.849Z,lifecycle,False,,3,0,10,0,0.7071067811865476,0.7071067811865476
2025-10-13 04:00:00+00:00,US-NW-PACW,359,2025-10-14T23:56:37.326Z,2025-10-10T04:09:39.298Z,lifecycle,False,,4,0,10,0,0.8660254037844386,0.5000000000000001
2025-10-13 05:00:00+00:00,US-NW-PACW,372,2025-10-14T23:56:49.831Z,2025-10-10T05:10:34.891Z,lifecycle,False,,5,0,10,0,0.9659258262890683,0.25881904510252074
2025-10-13 06:00:00+00:00,US-NW-PACW,365,2025-10-20T00:29:27.668Z,2025-10-10T06:11:23.564Z,lifecycle,False,,6,0,10,0,1.0,6.123233995736766e-17
2025-10-13 07:00:00+00:00,US-NW-PACW,400,2025-10-21T00:28:35.455Z,2025-10-10T07:10:41.926Z,lifecycle,False,,7,0,10,0,0.9659258262890683,-0.25881904510252063
2025-10-13 08:00:00+00:00,US-NW-PACW,409,2025-10-15T12:25:31.280Z,2025-10-10T08:11:20.608Z,lifecycle,False,,8,0,10,0,0.8660254037844387,-0.4999999999999998
2025-10-13 09:00:00+00:00,US-NW-PACW,384,2025-10-20T00:29:23.841Z,2025-10-10T09:11:02.598Z,lifecycle,False,,9,0,10,0,0.7071067811865476,-0.7071067811865475
2025-10-13 10:00:00+00:00,US-NW-PACW,401,2025-10-23T00:32:43.007Z,2025-10-10T10:10:57.886Z,lifecycle,False,,10,0,10,0,0.49999999999999994,-0.8660254037844387
2025-10-13 11:00:00+00:00,US-NW-PACW,384,2025-10-23T00:32:44.880Z,2025-10-10T11:12:10.049Z,lifecycle,False,,11,0,10,0,0.258819045102521,-0.9659258262890682
2025-10-13 12:00:00+00:00,US-NW-PACW,360,2025-10-20T00:29:07.605Z,2025-10-10T12:10:35.134Z,lifecycle,False,,12,0,10,0,1.2246467991473532e-16,-1.0
2025-10-13 13:00:00+00:00,US-NW-PACW,310,2025-10-21T00:28:22.208Z,2025-10-10T13:10:05.505Z,lifecycle,False,,13,0,10,0,-0.2588190451025208,-0.9659258262890683
2025-10-13 14:00:00+00:00,US-NW-PACW,279,2025-10-23T00:32:43.007Z,2025-10-10T14:10:53.363Z,lifecycle,False,,14,0,10,0,-0.4999999999999997,-0.8660254037844388
2025-10-13 15:00:00+00:00,US-NW-PACW,260,2025-10-23T00:32:43.007Z,2025-10-10T15:11:37.932Z,lifecycle,False,,15,0,10,0,-0.7071067811865471,-0.7071067811865479
2025-10-13 16:00:00+00:00,US-NW-PACW,240,2025-10-23T00:32:44.880Z,2025-10-10T16:10:18.744Z,lifecycle,False,,16,0,10,0,-0.8660254037844385,-0.5000000000000004
2025-10-13 17:00:00+00:00,US-NW-PACW,244,2025-10-22T00:44:06.671Z,2025-10-10T17:10:53.999Z,lifecycle,False,,17,0,10,0,-0.9659258262890683,-0.25881904510252063
2025-10-13 18:00:00+00:00,US-NW-PACW,245,2025-10-23T00:32:21.977Z,2025-10-10T18:10:02.435Z,lifecycle,False,,18,0,10,0,-1.0,-1.8369701987210297e-16
2025-10-13 19:00:00+00:00,US-NW-PACW,254,2025-10-23T00:32:21.977Z,2025-10-10T19:10:22.890Z,lifecycle,False,,19,0,10,0,-0.9659258262890684,0.2588190451025203
2025-10-13 20:00:00+00:00,US-NW-PACW,252,2025-10-21T00:28:44.876Z,2025-10-10T20:10:37.107Z,lifecycle,False,,20,0,10,0,-0.8660254037844386,0.5000000000000001
2025-10-13 21:00:00+00:00,US-NW-PACW,267,2025-10-23T00:32:44.880Z,2025-10-10T21:10:23.300Z,lifecycle,False,,21,0,10,0,-0.7071067811865477,0.7071067811865474
2025-10-13 22:00:00+00:00,US-NW-PACW,251,2025-10-21T00:28:35.455Z,2025-10-10T22:10:05.364Z,lifecycle,False,,22,0,10,0,-0.5000000000000004,0.8660254037844384
2025-10-13 23:00:00+00:00,US-NW-PACW,259,2025-10-24T00:32:52.121Z,2025-10-10T23:09:59.020Z,lifecycle,False,,23,0,10,0,-0.25881904510252157,0.9659258262890681
2025-10-14 00:00:00+00:00,US-NW-PACW,273,2025-10-24T00:32:16.935Z,2025-10-11T00:10:07.030Z,lifecycle,False,,0,1,10,0,0.0,1.0
2025-10-14 01:00:00+00:00,US-NW-PACW,281,2025-10-22T00:44:26.950Z,2025-10-11T01:10:30.815Z,lifecycle,False,,1,1,10,0,0.25881904510252074,0.9659258262890683
2025-10-14 02:00:00+00:00,US-NW-PACW,290,2025-10-24T00:32:52.121Z,2025-10-11T02:11:00.999Z,lifecycle,False,,2,1,10,0,0.49999999999999994,0.8660254037844387
2025-10-14 03:00:00+00:00,US-NW-PACW,297,2025-10-24T00:32:52.121Z,2025-10-11T03:10:58.157Z,lifecycle,False,,3,1,10,0,0.7071067811865476,0.7071067811865476
2025-10-14 04:00:00+00:00,US-NW-PACW,312,2025-10-24T00:32:52.121Z,2025-10-11T04:10:03.373Z,lifecycle,False,,4,1,10,0,0.8660254037844386,0.5000000000000001
2025-10-14 05:00:00+00:00,US-NW-PACW,345,2025-10-21T00:28:35.455Z,2025-10-11T05:10:53.569Z,lifecycle,False,,5,1,10,0,0.9659258262890683,0.25881904510252074
2025-10-14 06:00:00+00:00,US-NW-PACW,357,2025-10-22T00:44:32.183Z,2025-10-11T06:10:31.647Z,lifecycle,False,,6,1,10,0,1.0,6.123233995736766e-17
2025-10-14 07:00:00+00:00,US-NW-PACW,386,2025-10-22T00:44:32.183Z,2025-10-11T07:09:33.872Z,lifecycle,False,,7,1,10,0,0.9659258262890683,-0.25881904510252063
2025-10-14 08:00:00+00:00,US-NW-PACW,370,2025-10-22T00:44:32.183Z,2025-10-11T08:09:47.604Z,lifecycle,False,,8,1,10,0,0.8660254037844387,-0.4999999999999998
2025-10-14 09:00:00+00:00,US-NW-PACW,385,2025-10-22T00:44:32.183Z,2025-10-11T09:15:10.979Z,lifecycle,False,,9,1,10,0,0.7071067811865476,-0.7071067811865475
2025-10-14 10:00:00+00:00,US-NW-PACW,377,2025-10-22T00:44:32.183Z,2025-10-11T10:10:34.731Z,lifecycle,False,,10,1,10,0,0.49999999999999994,-0.8660254037844387
2025-10-14 11:00:00+00:00,US-NW-PACW,344,2025-10-22T00:44:06.671Z,2025-10-11T11:11:01.495Z,lifecycle,False,,11,1,10,0,0.258819045102521,-0.9659258262890682
2025-10-14 12:00:00+00:00,US-NW-PACW,321,2025-10-22T00:44:06.671Z,2025-10-11T12:10:40.882Z,lifecycle,False,,12,1,10,0,1.2246467991473532e-16,-1.0
2025-10-14 13:00:00+00:00,US-NW-PACW,244,2025-10-24T00:32:52.121Z,2025-10-11T13:11:23.558Z,lifecycle,False,,13,1,10,0,-0.2588190451025208,-0.9659258262890683
2025-10-14 14:00:00+00:00,US-NW-PACW,247,2025-10-24T00:32:16.935Z,2025-10-11T14:10:42.470Z,lifecycle,False,,14,1,10,0,-0.4999999999999997,-0.8660254037844388
2025-10-14 15:00:00+00:00,US-NW-PACW,277,2025-10-24T00:32:16.935Z,2025-10-11T15:10:50.337Z,lifecycle,False,,15,1,10,0,-0.7071067811865471,-0.7071067811865479
2025-10-14 16:00:00+00:00,US-NW-PACW,255,2025-10-24T00:32:52.121Z,2025-10-11T16:12:33.296Z,lifecycle,False,,16,1,10,0,-0.8660254037844385,-0.5000000000000004
2025-10-14 17:00:00+00:00,US-NW-PACW,257,2025-10-24T00:32:16.935Z,2025-10-11T17:09:55.975Z,lifecycle,False,,17,1,10,0,-0.9659258262890683,-0.25881904510252063
2025-10-14 18:00:00+00:00,US-NW-PACW,277,2025-10-24T00:32:52.121Z,2025-10-11T18:10:10.142Z,lifecycle,False,,18,1,10,0,-1.0,-1.8369701987210297e-16
2025-10-14 19:00:00+00:00,US-NW-PACW,281,2025-10-24T00:32:39.282Z,2025-10-11T19:10:04.664Z,lifecycle,False,,19,1,10,0,-0.9659258262890684,0.2588190451025203
2025-10-14 20:00:00+00:00,US-NW-PACW,281,2025-10-24T00:32:39.282Z,2025-10-11T20:10:12.139Z,lifecycle,False,,20,1,10,0,-0.8660254037844386,0.5000000000000001
2025-10-14 21:00:00+00:00,US-NW-PACW,282,2025-10-24T00:32:16.935Z,2025-10-11T21:10:36.746Z,lifecycle,False,,21,1,10,0,-0.7071067811865477,0.7071067811865474
2025-10-14 22:00:00+00:00,US-NW-PACW,286,2025-10-24T00:32:16.935Z,2025-10-11T22:10:23.359Z,lifecycle,False,,22,1,10,0,-0.5000000000000004,0.8660254037844384
2025-10-14 23:00:00+00:00,US-NW-PACW,285,2025-10-25T00:31:49.842Z,2025-10-11T23:09:54.229Z,lifecycle,False,,23,1,10,0,-0.25881904510252157,0.9659258262890681
2025-10-15 00:00:00+00:00,US-NW-PACW,286,2025-10-25T00:31:49.842Z,2025-10-12T00:10:27.705Z,lifecycle,False,,0,2,10,0,0.0,1.0
2025-10-15 01:00:00+00:00,US-NW-PACW,275,2025-10-25T00:32:05.147Z,2025-10-12T01:11:39.381Z,lifecycle,False,,1,2,10,0,0.25881904510252074,0.9659258262890683
2025-10-15 02:00:00+00:00,US-NW-PACW,281,2025-10-25T00:31:49.842Z,2025-10-12T02:10:34.798Z,lifecycle,False,,2,2,10,0,0.49999999999999994,0.8660254037844387
2025-10-15 03:00:00+00:00,US-NW-PACW,294,2025-10-25T00:32:12.322Z,2025-10-12T03:09:22.222Z,lifecycle,False,,3,2,10,0,0.7071067811865476,0.7071067811865476
2025-10-15 04:00:00+00:00,US-NW-PACW,314,2025-10-25T00:32:12.322Z,2025-10-12T04:10:18.646Z,lifecycle,False,,4,2,10,0,0.8660254037844386,0.5000000000000001
2025-10-15 05:00:00+00:00,US-NW-PACW,351,2025-10-25T00:31:49.842Z,2025-10-12T05:10:13.891Z,lifecycle,False,,5,2,10,0,0.9659258262890683,0.25881904510252074
2025-10-15 06:00:00+00:00,US-NW-PACW,349,2025-10-23T00:32:29.933Z,2025-10-12T06:10:55.624Z,lifecycle,False,,6,2,10,0,1.0,6.123233995736766e-17
2025-10-15 07:00:00+00:00,US-NW-PACW,364,2025-10-23T00:32:29.933Z,2025-10-12T07:09:57.414Z,lifecycle,False,,7,2,10,0,0.9659258262890683,-0.25881904510252063
2025-10-15 08:00:00+00:00,US-NW-PACW,373,2025-10-23T00:32:29.933Z,2025-10-12T08:09:46.815Z,lifecycle,False,,8,2,10,0,0.8660254037844387,-0.4999999999999998
2025-10-15 09:00:00+00:00,US-NW-PACW,375,2025-10-23T00:32:48.486Z,2025-10-12T09:10:12.780Z,lifecycle,False,,9,2,10,0,0.7071067811865476,-0.7071067811865475
2025-10-15 10:00:00+00:00,US-NW-PACW,371,2025-10-23T00:32:52.736Z,2025-10-12T10:10:42.059Z,lifecycle,False,,10,2,10,0,0.49999999999999994,-0.8660254037844387
2025-10-15 11:00:00+00:00,US-NW-PACW,362,2025-10-23T00:32:48.486Z,2025-10-12T11:11:38.913Z,lifecycle,False,,11,2,10,0,0.258819045102521,-0.9659258262890682
2025-10-15 12:00:00+00:00,US-NW-PACW,296,2025-10-23T00:32:52.736Z,2025-10-12T12:11:48.866Z,lifecycle,False,,12,2,10,0,1.2246467991473532e-16,-1.0
2025-10-15 13:00:00+00:00,US-NW-PACW,270,2025-10-23T00:32:48.486Z,2025-10-12T13:10:40.882Z,lifecycle,False,,13,2,10,0,-0.2588190451025208,-0.9659258262890683
2025-10-15 14:00:00+00:00,US-NW-PACW,266,2025-10-25T00:32:12.322Z,2025-10-12T14:10:14.234Z,lifecycle,False,,14,2,10,0,-0.4999999999999997,-0.8660254037844388
2025-10-15 15:00:00+00:00,US-NW-PACW,248,2025-10-25T00:31:49.842Z,2025-10-12T15:11:52.511Z,lifecycle,False,,15,2,10,0,-0.7071067811865471,-0.7071067811865479
2025-10-15 16:00:00+00:00,US-NW-PACW,236,2025-10-25T00:32:12.322Z,2025-10-12T16:10:29.235Z,lifecycle,False,,16,2,10,0,-0.8660254037844385,-0.5000000000000004
2025-10-15 17:00:00+00:00,US-NW-PACW,228,2025-10-22T00:44:11.106Z,2025-10-12T17:10:34.260Z,lifecycle,False,,17,2,10,0,-0.9659258262890683,-0.25881904510252063
2025-10-15 18:00:00+00:00,US-NW-PACW,238,2025-10-23T00:32:48.486Z,2025-10-12T18:09:45.048Z,lifecycle,False,,18,2,10,0,-1.0,-1.8369701987210297e-16
2025-10-15 19:00:00+00:00,US-NW-PACW,235,2025-10-23T00:32:52.736Z,2025-10-12T19:10:39.115Z,lifecycle,False,,19,2,10,0,-0.9659258262890684,0.2588190451025203
2025-10-15 20:00:00+00:00,US-NW-PACW,242,2025-10-17T23:55:00.646Z,2025-10-12T20:11:45.884Z,lifecycle,False,,20,2,10,0,-0.8660254037844386,0.5000000000000001
2025-10-15 21:00:00+00:00,US-NW-PACW,245,2025-10-22T00:44:11.106Z,2025-10-12T21:09:28.603Z,lifecycle,False,,21,2,10,0,-0.7071067811865477,0.7071067811865474
2025-10-15 22:00:00+00:00,US-NW-PACW,242,2025-10-17T23:55:13.205Z,2025-10-12T22:10:31.549Z,lifecycle,False,,22,2,10,0,-0.5000000000000004,0.8660254037844384
2025-10-15 23:00:00+00:00,US-NW-PACW,248,2025-10-23T00:32:48.486Z,2025-10-12T23:10:14.916Z,lifecycle,False,,23,2,10,0,-0.25881904510252157,0.9659258262890681
2025-10-16 00:00:00+00:00,US-NW-PACW,284,2025-10-23T00:32:48.486Z,2025-10-13T00:09:56.786Z,lifecycle,False,,0,3,10,0,0.0,1.0
2025-10-16 01:00:00+00:00,US-NW-PACW,295,2025-10-23T00:32:52.736Z,2025-10-13T01:10:07.399Z,lifecycle,False,,1,3,10,0,0.25881904510252074,0.9659258262890683
2025-10-16 02:00:00+00:00,US-NW-PACW,300,2025-10-23T00:32:48.486Z,2025-10-13T02:10:13.594Z,lifecycle,False,,2,3,10,0,0.49999999999999994,0.8660254037844387
2025-10-16 03:00:00+00:00,US-NW-PACW,316,2025-10-23T00:32:48.486Z,2025-10-13T03:09:09.555Z,lifecycle,False,,3,3,10,0,0.7071067811865476,0.7071067811865476
2025-10-16 04:00:00+00:00,US-NW-PACW,332,2025-10-17T23:55:23.691Z,2025-10-13T04:10:30.039Z,lifecycle,False,,4,3,10,0,0.8660254037844386,0.5000000000000001
2025-10-16 05:00:00+00:00,US-NW-PACW,366,2025-10-23T00:32:48.486Z,2025-10-13T05:10:22.684Z,lifecycle,False,,5,3,10,0,0.9659258262890683,0.25881904510252074
2025-10-16 06:00:00+00:00,US-NW-PACW,365,2025-10-23T00:32:48.486Z,2025-10-13T06:11:20.035Z,lifecycle,False,,6,3,10,0,1.0,6.123233995736766e-17
2025-10-16 07:00:00+00:00,US-NW-PACW,378,2025-10-23T00:32:48.486Z,2025-10-13T07:10:29.792Z,lifecycle,False,,7,3,10,0,0.9659258262890683,-0.25881904510252063
2025-10-16 08:00:00+00:00,US-NW-PACW,382,2025-10-23T00:32:48.486Z,2025-10-13T08:10:51.000Z,lifecycle,False,,8,3,10,0,0.8660254037844387,-0.4999999999999998
2025-10-16 09:00:00+00:00,US-NW-PACW,384,2025-10-24T00:32:59.925Z,2025-10-13T09:12:23.749Z,lifecycle,False,,9,3,10,0,0.7071067811865476,-0.7071067811865475
2025-10-16 10:00:00+00:00,US-NW-PACW,373,2025-10-24T00:32:25.343Z,2025-10-13T10:10:33.581Z,lifecycle,False,,10,3,10,0,0.49999999999999994,-0.8660254037844387
2025-10-16 11:00:00+00:00,US-NW-PACW,364,2025-10-24T00:32:25.343Z,2025-10-13T11:10:35.904Z,lifecycle,False,,11,3,10,0,0.258819045102521,-0.9659258262890682
2025-10-16 12:00:00+00:00,US-NW-PACW,316,2025-10-24T00:32:59.925Z,2025-10-13T12:11:10.261Z,lifecycle,False,,12,3,10,0,1.2246467991473532e-16,-1.0
2025-10-16 13:00:00+00:00,US-NW-PACW,259,2025-10-26T00:34:06.029Z,2025-10-13T13:10:31.319Z,lifecycle,False,,13,3,10,0,-0.2588190451025208,-0.9659258262890683
2025-10-16 14:00:00+00:00,US-NW-PACW,264,2025-10-26T00:34:25.941Z,2025-10-13T14:10:40.523Z,lifecycle,False,,14,3,10,0,-0.4999999999999997,-0.8660254037844388
2025-10-16 15:00:00+00:00,US-NW-PACW,235,2025-10-26T00:34:25.941Z,2025-10-13T15:11:51.333Z,lifecycle,False,,15,3,10,0,-0.7071067811865471,-0.7071067811865479
2025-10-16 16:00:00+00:00,US-NW-PACW,222,2025-10-26T00:34:25.413Z,2025-10-13T16:12:16.320Z,lifecycle,False,,16,3,10,0,-0.8660254037844385,-0.5000000000000004
2025-10-16 17:00:00+00:00,US-NW-PACW,217,2025-10-26T00:34:06.029Z,2025-10-13T17:10:30.369Z,lifecycle,False,,17,3,10,0,-0.9659258262890683,-0.25881904510252063
2025-10-16 18:00:00+00:00,US-NW-PACW,216,2025-10-26T00:34:25.941Z,2025-10-13T18:10:06.550Z,lifecycle,False,,18,3,10,0,-1.0,-1.8369701987210297e-16
2025-10-16 19:00:00+00:00,US-NW-PACW,202,2025-10-26T00:34:25.941Z,2025-10-13T19:11:13.843Z,lifecycle,False,,19,3,10,0,-0.9659258262890684,0.2588190451025203
2025-10-16 20:00:00+00:00,US-NW-PACW,197,2025-10-26T00:34:25.413Z,2025-10-13T20:10:32.715Z,lifecycle,False,,20,3,10,0,-0.8660254037844386,0.5000000000000001
2025-10-16 21:00:00+00:00,US-NW-PACW,198,2025-10-26T00:34:25.413Z,2025-10-13T21:09:45.105Z,lifecycle,False,,21,3,10,0,-0.7071067811865477,0.7071067811865474
2025-10-16 22:00:00+00:00,US-NW-PACW,213,2025-10-26T00:34:25.941Z,2025-10-13T22:10:24.400Z,lifecycle,False,,22,3,10,0,-0.5000000000000004,0.8660254037844384
2025-10-16 23:00:00+00:00,US-NW-PACW,222,2025-10-26T00:34:25.941Z,2025-10-13T23:09:49.863Z,lifecycle,False,,23,3,10,0,-0.25881904510252157,0.9659258262890681
2025-10-17 00:00:00+00:00,US-NW-PACW,239,2025-10-27T01:30:15.979Z,2025-10-14T00:10:24.333Z,lifecycle,False,,0,4,10,0,0.0,1.0
2025-10-17 01:00:00+00:00,US-NW-PACW,247,2025-10-24T00:32:59.925Z,2025-10-14T01:11:00.256Z,lifecycle,False,,1,4,10,0,0.25881904510252074,0.9659258262890683
2025-10-17 02:00:00+00:00,US-NW-PACW,246,2025-10-20T02:24:57.125Z,2025-10-14T02:09:58.029Z,lifecycle,False,,2,4,10,0,0.49999999999999994,0.8660254037844387
2025-10-17 03:00:00+00:00,US-NW-PACW,246,2025-10-20T02:39:34.542Z,2025-10-14T03:11:56.614Z,lifecycle,False,,3,4,10,0,0.7071067811865476,0.7071067811865476
2025-10-17 04:00:00+00:00,US-NW-PACW,237,2025-10-20T02:39:57.793Z,2025-10-14T04:11:28.482Z,lifecycle,False,,4,4,10,0,0.8660254037844386,0.5000000000000001
2025-10-17 05:00:00+00:00,US-NW-PACW,251,2025-10-20T02:39:49.739Z,2025-10-14T05:10:26.630Z,lifecycle,False,,5,4,10,0,0.9659258262890683,0.25881904510252074
2025-10-17 06:00:00+00:00,US-NW-PACW,238,2025-10-25T00:32:10.042Z,2025-10-14T06:11:13.673Z,lifecycle,False,,6,4,10,0,1.0,6.123233995736766e-17
2025-10-17 07:00:00+00:00,US-NW-PACW,228,2025-10-27T01:30:37.120Z,2025-10-14T07:10:23.754Z,lifecycle,False,,7,4,10,0,0.9659258262890683,-0.25881904510252063
2025-10-17 08:00:00+00:00,US-NW-PACW,239,2025-10-27T01:30:37.120Z,2025-10-14T08:11:04.499Z,lifecycle,False,,8,4,10,0,0.8660254037844387,-0.4999999999999998
2025-10-17 09:00:00+00:00,US-NW-PACW,243,2025-10-27T01:30:15.979Z,2025-10-14T09:10:35.254Z,lifecycle,False,,9,4,10,0,0.7071067811865476,-0.7071067811865475
2025-10-17 10:00:00+00:00,US-NW-PACW,246,2025-10-26T00:34:06.029Z,2025-10-14T10:11:22.553Z,lifecycle,False,,10,4,10,0,0.49999999999999994,-0.8660254037844387
2025-10-17 11:00:00+00:00,US-NW-PACW,252,2025-10-25T00:32:10.042Z,2025-10-14T11:11:16.402Z,lifecycle,False,,11,4,10,0,0.258819045102521,-0.9659258262890682
2025-10-17 12:00:00+00:00,US-NW-PACW,241,2025-10-27T01:30:15.979Z,2025-10-14T12:10:25.850Z,lifecycle,False,,12,4,10,0,1.2246467991473532e-16,-1.0
2025-10-17 13:00:00+00:00,US-NW-PACW,218,2025-10-26T00:34:25.413Z,2025-10-14T13:11:01.382Z,lifecycle,False,,13,4,10,0,-0.2588190451025208,-0.9659258262890683
2025-10-17 14:00:00+00:00,US-NW-PACW,227,2025-10-26T00:34:06.029Z,2025-10-14T14:10:49.613Z,lifecycle,False,,14,4,10,0,-0.4999999999999997,-0.8660254037844388
2025-10-17 15:00:00+00:00,US-NW-PACW,207,2025-10-27T01:30:15.979Z,2025-10-14T15:11:15.394Z,lifecycle,False,,15,4,10,0,-0.7071067811865471,-0.7071067811865479
2025-10-17 16:00:00+00:00,US-NW-PACW,181,2025-10-27T01:30:15.979Z,2025-10-14T16:10:54.063Z,lifecycle,False,,16,4,10,0,-0.8660254037844385,-0.5000000000000004
2025-10-17 17:00:00+00:00,US-NW-PACW,175,2025-10-27T01:30:15.979Z,2025-10-14T17:10:55.308Z,lifecycle,False,,17,4,10,0,-0.9659258262890683,-0.25881904510252063
2025-10-17 18:00:00+00:00,US-NW-PACW,170,2025-10-27T01:30:45.990Z,2025-10-14T18:10:02.253Z,lifecycle,False,,18,4,10,0,-1.0,-1.8369701987210297e-16
2025-10-17 19:00:00+00:00,US-NW-PACW,174,2025-10-27T01:30:37.120Z,2025-10-14T19:11:32.247Z,lifecycle,False,,19,4,10,0,-0.9659258262890684,0.2588190451025203
2025-10-17 20:00:00+00:00,US-NW-PACW,169,2025-10-27T01:30:15.979Z,2025-10-14T20:11:30.596Z,lifecycle,False,,20,4,10,0,-0.8660254037844386,0.5000000000000001
2025-10-17 21:00:00+00:00,US-NW-PACW,174,2025-10-27T01:30:37.120Z,2025-10-14T21:10:05.429Z,lifecycle,False,,21,4,10,0,-0.7071067811865477,0.7071067811865474
2025-10-17 22:00:00+00:00,US-NW-PACW,173,2025-10-27T01:30:15.979Z,2025-10-14T22:11:20.786Z,lifecycle,False,,22,4,10,0,-0.5000000000000004,0.8660254037844384
2025-10-17 23:00:00+00:00,US-NW-PACW,192,2025-10-27T01:30:37.120Z,2025-10-14T23:09:55.840Z,lifecycle,False,,23,4,10,0,-0.25881904510252157,0.9659258262890681
2025-10-18 00:00:00+00:00,US-NW-PACW,241,2025-10-27T01:30:15.979Z,2025-10-15T00:10:12.084Z,lifecycle,False,,0,5,10,1,0.0,1.0
2025-10-18 01:00:00+00:00,US-NW-PACW,272,2025-10-27T01:30:37.120Z,2025-10-15T01:10:38.228Z,lifecycle,False,,1,5,10,1,0.25881904510252074,0.9659258262890683
2025-10-18 02:00:00+00:00,US-NW-PACW,281,2025-10-27T01:30:37.120Z,2025-10-15T02:10:19.304Z,lifecycle,False,,2,5,10,1,0.49999999999999994,0.8660254037844387
2025-10-18 03:00:00+00:00,US-NW-PACW,292,2025-10-27T01:30:15.979Z,2025-10-15T03:12:16.544Z,lifecycle,False,,3,5,10,1,0.7071067811865476,0.7071067811865476
2025-10-18 04:00:00+00:00,US-NW-PACW,304,2025-10-27T01:30:45.990Z,2025-10-15T04:13:04.727Z,lifecycle,False,,4,5,10,1,0.8660254037844386,0.5000000000000001
2025-10-18 05:00:00+00:00,US-NW-PACW,326,2025-10-25T00:32:10.042Z,2025-10-15T05:10:47.289Z,lifecycle,False,,5,5,10,1,0.9659258262890683,0.25881904510252074
2025-10-18 06:00:00+00:00,US-NW-PACW,344,2025-10-25T00:32:19.776Z,2025-10-15T06:12:23.164Z,lifecycle,False,,6,5,10,1,1.0,6.123233995736766e-17
2025-10-18 07:00:00+00:00,US-NW-PACW,314,2025-10-26T00:34:15.242Z,2025-10-15T07:10:21.830Z,lifecycle,False,,7,5,10,1,0.9659258262890683,-0.25881904510252063
2025-10-18 08:00:00+00:00,US-NW-PACW,320,2025-10-27T01:30:15.979Z,2025-10-15T08:10:38.656Z,lifecycle,False,,8,5,10,1,0.8660254037844387,-0.4999999999999998
2025-10-18 09:00:00+00:00,US-NW-PACW,325,2025-10-27T01:30:45.990Z,2025-10-15T09:10:33.760Z,lifecycle,False,,9,5,10,1,0.7071067811865476,-0.7071067811865475
2025-10-18 10:00:00+00:00,US-NW-PACW,331,2025-10-27T01:30:15.979Z,2025-10-15T10:10:31.480Z,lifecycle,False,,10,5,10,1,0.49999999999999994,-0.8660254037844387
2025-10-18 11:00:00+00:00,US-NW-PACW,338,2025-10-27T01:30:37.120Z,2025-10-15T11:10:58.026Z,lifecycle,False,,11,5,10,1,0.258819045102521,-0.9659258262890682
2025-10-18 12:00:00+00:00,US-NW-PACW,334,2025-10-27T01:30:15.979Z,2025-10-15T12:10:48.865Z,lifecycle,False,,12,5,10,1,1.2246467991473532e-16,-1.0
2025-10-18 13:00:00+00:00,US-NW-PACW,325,2025-10-27T01:30:45.990Z,2025-10-15T13:10:38.313Z,lifecycle,False,,13,5,10,1,-0.2588190451025208,-0.9659258262890683
2025-10-18 14:00:00+00:00,US-NW-PACW,315,2025-10-27T01:30:45.990Z,2025-10-15T14:11:06.395Z,lifecycle,False,,14,5,10,1,-0.4999999999999997,-0.8660254037844388
2025-10-18 15:00:00+00:00,US-NW-PACW,274,2025-10-27T01:30:15.979Z,2025-10-15T15:10:20.984Z,lifecycle,False,,15,5,10,1,-0.7071067811865471,-0.7071067811865479
2025-10-18 16:00:00+00:00,US-NW-PACW,244,2025-10-27T01:30:45.990Z,2025-10-15T16:11:08.829Z,lifecycle,False,,16,5,10,1,-0.8660254037844385,-0.5000000000000004
2025-10-18 17:00:00+00:00,US-NW-PACW,248,2025-10-27T01:30:44.894Z,2025-10-15T17:11:50.806Z,lifecycle,False,,17,5,10,1,-0.9659258262890683,-0.25881904510252063
2025-10-18 18:00:00+00:00,US-NW-PACW,250,2025-10-27T01:31:02.878Z,2025-10-15T18:10:27.038Z,lifecycle,False,,18,5,10,1,-1.0,-1.8369701987210297e-16
2025-10-18 19:00:00+00:00,US-NW-PACW,255,2025-10-27T01:30:23.712Z,2025-10-15T19:11:05.227Z,lifecycle,False,,19,5,10,1,-0.9659258262890684,0.2588190451025203
2025-10-18 20:00:00+00:00,US-NW-PACW,256,2025-10-27T01:31:02.878Z,2025-10-15T20:10:44.932Z,lifecycle,False,,20,5,10,1,-0.8660254037844386,0.5000000000000001
2025-10-18 21:00:00+00:00,US-NW-PACW,248,2025-10-27T01:31:02.878Z,2025-10-15T21:11:10.804Z,lifecycle,False,,21,5,10,1,-0.7071067811865477,0.7071067811865474
2025-10-18 22:00:00+00:00,US-NW-PACW,269,2025-10-27T01:31:02.878Z,2025-10-15T22:10:48.269Z,lifecycle,False,,22,5,10,1,-0.5000000000000004,0.8660254037844384
2025-10-18 23:00:00+00:00,US-NW-PACW,289,2025-10-27T01:31:02.878Z,2025-10-15T23:10:29.715Z,lifecycle,False,,23,5,10,1,-0.25881904510252157,0.9659258262890681
2025-10-19 00:00:00+00:00,US-NW-PACW,303,2025-10-27T01:31:02.878Z,2025-10-16T00:12:29.805Z,lifecycle,False,,0,6,10,1,0.0,1.0
2025-10-19 01:00:00+00:00,US-NW-PACW,299,2025-10-27T01:30:23.712Z,2025-10-16T01:10:22.095Z,lifecycle,False,,1,6,10,1,0.25881904510252074,0.9659258262890683
2025-10-19 02:00:00+00:00,US-NW-PACW,307,2025-10-27T01:30:23.712Z,2025-10-16T02:10:15.029Z,lifecycle,False,,2,6,10,1,0.49999999999999994,0.8660254037844387
2025-10-19 03:00:00+00:00,US-NW-PACW,323,2025-10-27T01:31:02.878Z,2025-10-16T03:11:09.391Z,lifecycle,False,,3,6,10,1,0.7071067811865476,0.7071067811865476
2025-10-19 04:00:00+00:00,US-NW-PACW,320,2025-10-27T01:31:02.878Z,2025-10-16T04:10:16.078Z,lifecycle,False,,4,6,10,1,0.8660254037844386,0.5000000000000001
2025-10-19 05:00:00+00:00,US-NW-PACW,339,2025-10-27T01:30:44.894Z,2025-10-16T05:10:41.071Z,lifecycle,False,,5,6,10,1,0.9659258262890683,0.25881904510252074
2025-10-19 06:00:00+00:00,US-NW-PACW,364,2025-10-22T04:40:15.530Z,2025-10-16T06:10:33.220Z,lifecycle,False,,6,6,10,1,1.0,6.123233995736766e-17
2025-10-19 07:00:00+00:00,US-NW-PACW,334,2025-10-22T04:40:23.076Z,2025-10-16T07:10:27.549Z,lifecycle,False,,7,6,10,1,0.9659258262890683,-0.25881904510252063
2025-10-19 08:00:00+00:00,US-NW-PACW,328,2025-10-22T04:40:23.076Z,2025-10-16T08:11:06.153Z,lifecycle,False,,8,6,10,1,0.8660254037844387,-0.4999999999999998
2025-10-19 09:00:00+00:00,US-NW-PACW,348,2025-10-22T04:40:02.960Z,2025-10-16T09:11:02.185Z,lifecycle,False,,9,6,10,1,0.7071067811865476,-0.7071067811865475
2025-10-19 10:00:00+00:00,US-NW-PACW,263,2025-10-22T04:40:23.076Z,2025-10-16T10:10:59.692Z,lifecycle,False,,10,6,10,1,0.49999999999999994,-0.8660254037844387
2025-10-19 11:00:00+00:00,US-NW-PACW,260,2025-10-22T04:40:15.530Z,2025-10-16T11:11:12.128Z,lifecycle,False,,11,6,10,1,0.258819045102521,-0.9659258262890682
2025-10-19 12:00:00+00:00,US-NW-PACW,249,2025-10-22T04:40:02.960Z,2025-10-16T12:10:46.159Z,lifecycle,False,,12,6,10,1,1.2246467991473532e-16,-1.0
2025-10-19 13:00:00+00:00,US-NW-PACW,235,2025-10-22T04:40:15.530Z,2025-10-16T13:10:52.885Z,lifecycle,False,,13,6,10,1,-0.2588190451025208,-0.9659258262890683
2025-10-19 14:00:00+00:00,US-NW-PACW,248,2025-10-22T04:40:02.960Z,2025-10-16T14:11:17.591Z,lifecycle,False,,14,6,10,1,-0.4999999999999997,-0.8660254037844388
2025-10-19 15:00:00+00:00,US-NW-PACW,228,2025-10-22T04:40:02.960Z,2025-10-16T15:10:31.647Z,lifecycle,False,,15,6,10,1,-0.7071067811865471,-0.7071067811865479
2025-10-19 16:00:00+00:00,US-NW-PACW,213,2025-10-22T04:40:23.076Z,2025-10-16T16:10:20.139Z,lifecycle,False,,16,6,10,1,-0.8660254037844385,-0.5000000000000004
2025-10-19 17:00:00+00:00,US-NW-PACW,179,2025-10-22T04:40:23.076Z,2025-10-16T17:10:52.635Z,lifecycle,False,,17,6,10,1,-0.9659258262890683,-0.25881904510252063
2025-10-19 18:00:00+00:00,US-NW-PACW,191,2025-10-22T04:40:15.530Z,2025-10-16T18:10:16.157Z,lifecycle,False,,18,6,10,1,-1.0,-1.8369701987210297e-16
2025-10-19 19:00:00+00:00,US-NW-PACW,181,2025-10-22T04:40:15.530Z,2025-10-16T19:10:38.637Z,lifecycle,False,,19,6,10,1,-0.9659258262890684,0.2588190451025203
2025-10-19 20:00:00+00:00,US-NW-PACW,185,2025-10-22T04:40:26.596Z,2025-10-16T20:10:30.820Z,lifecycle,False,,20,6,10,1,-0.8660254037844386,0.5000000000000001
2025-10-19 21:00:00+00:00,US-NW-PACW,190,2025-10-22T04:40:02.960Z,2025-10-16T21:10:45.340Z,lifecycle,False,,21,6,10,1,-0.7071067811865477,0.7071067811865474
2025-10-19 22:00:00+00:00,US-NW-PACW,195,2025-10-22T04:40:15.530Z,2025-10-16T22:10:22.121Z,lifecycle,False,,22,6,10,1,-0.5000000000000004,0.8660254037844384
2025-10-19 23:00:00+00:00,US-NW-PACW,204,2025-10-22T01:10:35.173Z,2025-10-16T23:10:17.075Z,lifecycle,False,,23,6,10,1,-0.25881904510252157,0.9659258262890681
2025-10-20 00:00:00+00:00,US-NW-PACW,222,2025-10-27T01:30:44.894Z,2025-10-17T00:10:40.594Z,lifecycle,False,,0,0,10,0,0.0,1.0
2025-10-20 01:00:00+00:00,US-NW-PACW,228,2025-10-27T01:31:02.878Z,2025-10-17T01:09:38.979Z,lifecycle,False,,1,0,10,0,0.25881904510252074,0.9659258262890683
2025-10-20 02:00:00+00:00,US-NW-PACW,221,2025-10-27T01:31:02.878Z,2025-10-17T02:10:39.000Z,lifecycle,False,,2,0,10,0,0.49999999999999994,0.8660254037844387
2025-10-20 03:00:00+00:00,US-NW-PACW,232,2025-10-22T01:10:48.546Z,2025-10-17T03:11:08.894Z,lifecycle,False,,3,0,10,0,0.7071067811865476,0.7071067811865476
2025-10-20 04:00:00+00:00,US-NW-PACW,235,2025-10-27T01:30:23.712Z,2025-10-17T04:10:45.321Z,lifecycle,False,,4,0,10,0,0.8660254037844386,0.5000000000000001
2025-10-20 05:00:00+00:00,US-NW-PACW,241,2025-10-27T01:30:44.894Z,2025-10-17T05:10:44.806Z,lifecycle,False,,5,0,10,0,0.9659258262890683,0.25881904510252074
2025-10-20 06:00:00+00:00,US-NW-PACW,248,2025-10-27T01:31:02.878Z,2025-10-17T06:11:10.887Z,lifecycle,False,,6,0,10,0,1.0,6.123233995736766e-17
2025-10-20 07:00:00+00:00,US-NW-PACW,247,2025-10-27T01:31:02.878Z,2025-10-17T07:09:13.983Z,lifecycle,False,,7,0,10,0,0.9659258262890683,-0.25881904510252063
2025-10-20 08:00:00+00:00,US-NW-PACW,253,2025-10-27T01:30:23.712Z,2025-10-17T08:09:36.923Z,lifecycle,False,,8,0,10,0,0.8660254037844387,-0.4999999999999998
2025-10-20 09:00:00+00:00,US-NW-PACW,247,2025-10-27T01:30:44.894Z,2025-10-17T09:12:04.534Z,lifecycle,False,,9,0,10,0,0.7071067811865476,-0.7071067811865475
2025-10-20 10:00:00+00:00,US-NW-PACW,255,2025-10-27T01:30:23.712Z,2025-10-17T10:11:16.694Z,lifecycle,False,,10,0,10,0,0.49999999999999994,-0.8660254037844387
2025-10-20 11:00:00+00:00,US-NW-PACW,252,2025-10-27T01:30:23.712Z,2025-10-17T11:11:20.742Z,lifecycle,False,,11,0,10,0,0.258819045102521,-0.9659258262890682
2025-10-20 12:00:00+00:00,US-NW-PACW,236,2025-10-27T01:30:27.625Z,2025-10-17T12:11:55.529Z,lifecycle,False,,12,0,10,0,1.2246467991473532e-16,-1.0
2025-10-20 13:00:00+00:00,US-NW-PACW,212,2025-10-27T01:30:27.625Z,2025-10-17T13:12:15.578Z,lifecycle,False,,13,0,10,0,-0.2588190451025208,-0.9659258262890683
2025-10-20 14:00:00+00:00,US-NW-PACW,213,2025-10-27T01:30:48.854Z,2025-10-17T14:11:26.141Z,lifecycle,False,,14,0,10,0,-0.4999999999999997,-0.8660254037844388
2025-10-20 15:00:00+00:00,US-NW-PACW,207,2025-10-27T01:30:27.625Z,2025-10-17T15:11:03.259Z,lifecycle,False,,15,0,10,0,-0.7071067811865471,-0.7071067811865479
2025-10-20 16:00:00+00:00,US-NW-PACW,201,2025-10-27T01:31:06.363Z,2025-10-17T16:09:18.648Z,lifecycle,False,,16,0,10,0,-0.8660254037844385,-0.5000000000000004
2025-10-20 17:00:00+00:00,US-NW-PACW,194,2025-10-27T01:31:06.363Z,2025-10-17T17:13:24.397Z,lifecycle,False,,17,0,10,0,-0.9659258262890683,-0.25881904510252063
2025-10-20 18:00:00+00:00,US-NW-PACW,205,2025-10-27T01:31:06.363Z,2025-10-17T18:12:08.303Z,lifecycle,False,,18,0,10,0,-1.0,-1.8369701987210297e-16
2025-10-20 19:00:00+00:00,US-NW-PACW,214,2025-10-27T01:30:27.625Z,2025-10-17T19:11:16.604Z,lifecycle,False,,19,0,10,0,-0.9659258262890684,0.2588190451025203
2025-10-20 20:00:00+00:00,US-NW-PACW,225,2025-10-27T01:30:27.625Z,2025-10-17T20:12:01.878Z,lifecycle,False,,20,0,10,0,-0.8660254037844386,0.5000000000000001
2025-10-20 21:00:00+00:00,US-NW-PACW,229,2025-10-27T01:30:27.625Z,2025-10-17T21:11:29.947Z,lifecycle,False,,21,0,10,0,-0.7071067811865477,0.7071067811865474
2025-10-20 22:00:00+00:00,US-NW-PACW,234,2025-10-27T01:30:27.625Z,2025-10-17T22:10:06.092Z,lifecycle,False,,22,0,10,0,-0.5000000000000004,0.8660254037844384
2025-10-20 23:00:00+00:00,US-NW-PACW,260,2025-10-27T01:30:27.625Z,2025-10-17T23:10:10.561Z,lifecycle,False,,23,0,10,0,-0.25881904510252157,0.9659258262890681
2025-10-21 00:00:00+00:00,US-NW-PACW,283,2025-10-27T01:31:06.363Z,2025-10-18T00:09:53.458Z,lifecycle,False,,0,1,10,0,0.0,1.0
2025-10-21 01:00:00+00:00,US-NW-PACW,287,2025-10-24T00:25:01.547Z,2025-10-18T01:10:10.508Z,lifecycle,False,,1,1,10,0,0.25881904510252074,0.9659258262890683
2025-10-21 02:00:00+00:00,US-NW-PACW,273,2025-10-24T00:25:28.316Z,2025-10-18T02:10:52.287Z,lifecycle,False,,2,1,10,0,0.49999999999999994,0.8660254037844387
2025-10-21 03:00:00+00:00,US-NW-PACW,270,2025-10-24T00:25:01.547Z,2025-10-18T03:10:15.286Z,lifecycle,False,,3,1,10,0,0.7071067811865476,0.7071067811865476
2025-10-21 04:00:00+00:00,US-NW-PACW,289,2025-10-24T00:25:01.547Z,2025-10-18T04:09:54.845Z,lifecycle,False,,4,1,10,0,0.8660254037844386,0.5000000000000001
2025-10-21 05:00:00+00:00,US-NW-PACW,306,2025-10-23T18:10:12.114Z,2025-10-18T05:10:24.333Z,lifecycle,False,,5,1,10,0,0.9659258262890683,0.25881904510252074
2025-10-21 06:00:00+00:00,US-NW-PACW,302,2025-10-23T23:55:02.243Z,2025-10-18T06:10:49.461Z,lifecycle,False,,6,1,10,0,1.0,6.123233995736766e-17
2025-10-21 07:00:00+00:00,US-NW-PACW,299,2025-10-24T00:25:28.316Z,2025-10-18T07:10:35.184Z,lifecycle,False,,7,1,10,0,0.9659258262890683,-0.25881904510252063
2025-10-21 08:00:00+00:00,US-NW-PACW,303,2025-10-23T23:55:02.243Z,2025-10-18T08:10:06.223Z,lifecycle,False,,8,1,10,0,0.8660254037844387,-0.4999999999999998
2025-10-21 09:00:00+00:00,US-NW-PACW,309,2025-10-24T00:25:18.208Z,2025-10-18T09:08:58.083Z,lifecycle,False,,9,1,10,0,0.7071067811865476,-0.7071067811865475
2025-10-21 10:00:00+00:00,US-NW-PACW,322,2025-10-24T06:26:03.215Z,2025-10-18T10:09:47.218Z,lifecycle,False,,10,1,10,0,0.49999999999999994,-0.8660254037844387
2025-10-21 11:00:00+00:00,US-NW-PACW,311,2025-10-24T06:25:49.188Z,2025-10-18T11:09:33.969Z,lifecycle,False,,11,1,10,0,0.258819045102521,-0.9659258262890682
2025-10-21 12:00:00+00:00,US-NW-PACW,282,2025-10-24T12:25:16.736Z,2025-10-18T12:10:22.365Z,lifecycle,False,,12,1,10,0,1.2246467991473532e-16,-1.0
2025-10-21 13:00:00+00:00,US-NW-PACW,259,2025-10-24T12:25:16.736Z,2025-10-18T13:10:47.399Z,lifecycle,False,,13,1,10,0,-0.2588190451025208,-0.9659258262890683
2025-10-21 14:00:00+00:00,US-NW-PACW,252,2025-10-24T12:25:35.691Z,2025-10-18T14:10:12.896Z,lifecycle,False,,14,1,10,0,-0.4999999999999997,-0.8660254037844388
2025-10-21 15:00:00+00:00,US-NW-PACW,233,2025-10-24T12:25:16.736Z,2025-10-18T15:10:21.430Z,lifecycle,False,,15,1,10,0,-0.7071067811865471,-0.7071067811865479
2025-10-21 16:00:00+00:00,US-NW-PACW,228,2025-10-24T12:25:16.736Z,2025-10-18T16:10:49.361Z,lifecycle,False,,16,1,10,0,-0.8660254037844385,-0.5000000000000004
2025-10-21 17:00:00+00:00,US-NW-PACW,232,2025-10-24T12:25:35.691Z,2025-10-18T17:10:50.387Z,lifecycle,False,,17,1,10,0,-0.9659258262890683,-0.25881904510252063
2025-10-21 18:00:00+00:00,US-NW-PACW,241,2025-10-24T12:25:35.691Z,2025-10-18T18:12:00.926Z,lifecycle,False,,18,1,10,0,-1.0,-1.8369701987210297e-16
2025-10-21 19:00:00+00:00,US-NW-PACW,250,2025-10-24T12:25:16.736Z,2025-10-18T19:10:38.419Z,lifecycle,False,,19,1,10,0,-0.9659258262890684,0.2588190451025203
2025-10-21 20:00:00+00:00,US-NW-PACW,255,2025-10-24T12:25:28.569Z,2025-10-18T20:11:24.969Z,lifecycle,False,,20,1,10,0,-0.8660254037844386,0.5000000000000001
2025-10-21 21:00:00+00:00,US-NW-PACW,253,2025-10-24T12:25:16.736Z,2025-10-18T21:10:04.574Z,lifecycle,False,,21,1,10,0,-0.7071067811865477,0.7071067811865474
2025-10-21 22:00:00+00:00,US-NW-PACW,252,2025-10-24T12:25:28.569Z,2025-10-18T22:12:06.899Z,lifecycle,False,,22,1,10,0,-0.5000000000000004,0.8660254037844384
2025-10-21 23:00:00+00:00,US-NW-PACW,249,2025-10-24T12:25:35.691Z,2025-10-18T23:10:13.422Z,lifecycle,False,,23,1,10,0,-0.25881904510252157,0.9659258262890681
2025-10-22 00:00:00+00:00,US-NW-PACW,258,2025-10-25T00:26:02.107Z,2025-10-19T00:09:36.794Z,lifecycle,False,,0,2,10,0,0.0,1.0
2025-10-22 01:00:00+00:00,US-NW-PACW,252,2025-10-25T00:25:48.259Z,2025-10-19T01:09:57.436Z,lifecycle,False,,1,2,10,0,0.25881904510252074,0.9659258262890683
2025-10-22 02:00:00+00:00,US-NW-PACW,239,2025-10-25T00:26:10.428Z,2025-10-19T02:10:05.168Z,lifecycle,False,,2,2,10,0,0.49999999999999994,0.8660254037844387
2025-10-22 03:00:00+00:00,US-NW-PACW,247,2025-10-25T00:26:10.428Z,2025-10-19T03:10:32.807Z,lifecycle,False,,3,2,10,0,0.7071067811865476,0.7071067811865476
2025-10-22 04:00:00+00:00,US-NW-PACW,267,2025-10-25T00:26:02.107Z,2025-10-19T04:09:52.571Z,lifecycle,False,,4,2,10,0,0.8660254037844386,0.5000000000000001
2025-10-22 05:00:00+00:00,US-NW-PACW,307,2025-10-25T00:25:48.259Z,2025-10-19T05:10:10.595Z,lifecycle,False,,5,2,10,0,0.9659258262890683,0.25881904510252074
2025-10-22 06:00:00+00:00,US-NW-PACW,341,2025-10-25T06:25:33.659Z,2025-10-19T06:09:51.066Z,lifecycle,False,,6,2,10,0,1.0,6.123233995736766e-17
2025-10-22 07:00:00+00:00,US-NW-PACW,345,2025-10-25T06:25:41.438Z,2025-10-19T07:09:51.173Z,lifecycle,False,,7,2,10,0,0.9659258262890683,-0.25881904510252063
2025-10-22 08:00:00+00:00,US-NW-PACW,377,2025-10-25T06:25:41.438Z,2025-10-19T08:12:17.422Z,lifecycle,False,,8,2,10,0,0.8660254037844387,-0.4999999999999998
2025-10-22 09:00:00+00:00,US-NW-PACW,374,2025-10-25T06:25:41.438Z,2025-10-19T09:09:54.010Z,lifecycle,False,,9,2,10,0,0.7071067811865476,-0.7071067811865475
2025-10-22 10:00:00+00:00,US-NW-PACW,367,2025-10-25T06:25:33.659Z,2025-10-19T10:10:09.120Z,lifecycle,False,,10,2,10,0,0.49999999999999994,-0.8660254037844387
2025-10-22 11:00:00+00:00,US-NW-PACW,352,2025-10-25T06:25:41.438Z,2025-10-19T11:10:40.013Z,lifecycle,False,,11,2,10,0,0.258819045102521,-0.9659258262890682
2025-10-22 12:00:00+00:00,US-NW-PACW,300,2025-10-25T12:25:45.116Z,2025-10-19T12:10:57.328Z,lifecycle,False,,12,2,10,0,1.2246467991473532e-16,-1.0
2025-10-22 13:00:00+00:00,US-NW-PACW,267,2025-10-25T12:25:37.702Z,2025-10-19T13:10:24.327Z,lifecycle,False,,13,2,10,0,-0.2588190451025208,-0.9659258262890683
2025-10-22 14:00:00+00:00,US-NW-PACW,256,2025-10-25T12:25:24.136Z,2025-10-19T14:09:48.765Z,lifecycle,False,,14,2,10,0,-0.4999999999999997,-0.8660254037844388
2025-10-22 15:00:00+00:00,US-NW-PACW,254,2025-10-25T12:25:45.116Z,2025-10-19T15:11:29.663Z,lifecycle,False,,15,2,10,0,-0.7071067811865471,-0.7071067811865479
2025-10-22 16:00:00+00:00,US-NW-PACW,248,2025-10-25T12:25:24.136Z,2025-10-19T16:09:59.966Z,lifecycle,False,,16,2,10,0,-0.8660254037844385,-0.5000000000000004
2025-10-22 17:00:00+00:00,US-NW-PACW,252,2025-10-25T12:25:45.116Z,2025-10-19T17:10:50.238Z,lifecycle,False,,17,2,10,0,-0.9659258262890683,-0.25881904510252063
2025-10-22 18:00:00+00:00,US-NW-PACW,254,2025-10-25T18:24:55.753Z,2025-10-19T18:11:10.570Z,lifecycle,False,,18,2,10,0,-1.0,-1.8369701987210297e-16
2025-10-22 19:00:00+00:00,US-NW-PACW,257,2025-10-25T18:25:06.506Z,2025-10-19T19:11:45.392Z,lifecycle,False,,19,2,10,0,-0.9659258262890684,0.2588190451025203
2025-10-22 20:00:00+00:00,US-NW-PACW,267,2025-10-25T18:24:55.753Z,2025-10-19T20:10:35.982Z,lifecycle,False,,20,2,10,0,-0.8660254037844386,0.5000000000000001
2025-10-22 21:00:00+00:00,US-NW-PACW,275,2025-10-25T18:24:55.753Z,2025-10-19T21:09:43.284Z,lifecycle,False,,21,2,10,0,-0.7071067811865477,0.7071067811865474
2025-10-22 22:00:00+00:00,US-NW-PACW,240,2025-10-25T18:24:55.753Z,2025-10-19T22:10:26.787Z,lifecycle,False,,22,2,10,0,-0.5000000000000004,0.8660254037844384
2025-10-22 23:00:00+00:00,US-NW-PACW,191,2025-10-25T18:24:55.753Z,2025-10-19T23:09:46.058Z,lifecycle,False,,23,2,10,0,-0.25881904510252157,0.9659258262890681
2025-10-23 00:00:00+00:00,US-NW-PACW,195,2025-10-26T00:25:07.789Z,2025-10-20T00:09:53.884Z,lifecycle,False,,0,3,10,0,0.0,1.0
2025-10-23 01:00:00+00:00,US-NW-PACW,199,2025-10-26T00:25:07.789Z,2025-10-20T01:09:56.723Z,lifecycle,False,,1,3,10,0,0.25881904510252074,0.9659258262890683
2025-10-23 02:00:00+00:00,US-NW-PACW,189,2025-10-26T00:25:16.451Z,2025-10-20T02:10:09.101Z,lifecycle,False,,2,3,10,0,0.49999999999999994,0.8660254037844387
2025-10-23 03:00:00+00:00,US-NW-PACW,207,2025-10-26T00:24:53.694Z,2025-10-20T03:10:08.097Z,lifecycle,False,,3,3,10,0,0.7071067811865476,0.7071067811865476
2025-10-23 04:00:00+00:00,US-NW-PACW,222,2025-10-26T00:24:53.694Z,2025-10-20T04:09:59.961Z,lifecycle,False,,4,3,10,0,0.8660254037844386,0.5000000000000001
2025-10-23 05:00:00+00:00,US-NW-PACW,231,2025-10-26T00:25:07.789Z,2025-10-20T05:10:02.605Z,lifecycle,False,,5,3,10,0,0.9659258262890683,0.25881904510252074
2025-10-23 06:00:00+00:00,US-NW-PACW,251,2025-10-26T00:24:53.694Z,2025-10-20T06:11:28.573Z,lifecycle,False,,6,3,10,0,1.0,6.123233995736766e-17
2025-10-23 07:00:00+00:00,US-NW-PACW,275,2025-10-26T07:25:16.697Z,2025-10-20T07:09:52.112Z,lifecycle,False,,7,3,10,0,0.9659258262890683,-0.25881904510252063
2025-10-23 08:00:00+00:00,US-NW-PACW,287,2025-10-26T07:25:27.662Z,2025-10-20T08:09:39.333Z,lifecycle,False,,8,3,10,0,0.8660254037844387,-0.4999999999999998
2025-10-23 09:00:00+00:00,US-NW-PACW,291,2025-10-26T07:25:01.347Z,2025-10-20T09:10:54.189Z,lifecycle,False,,9,3,10,0,0.7071067811865476,-0.7071067811865475
2025-10-23 10:00:00+00:00,US-NW-PACW,296,2025-10-26T07:25:27.662Z,2025-10-20T10:10:49.974Z,lifecycle,False,,10,3,10,0,0.49999999999999994,-0.8660254037844387
2025-10-23 11:00:00+00:00,US-NW-PACW,311,2025-10-26T07:25:01.347Z,2025-10-20T11:11:58.712Z,lifecycle,False,,11,3,10,0,0.258819045102521,-0.9659258262890682
2025-10-23 12:00:00+00:00,US-NW-PACW,285,2025-10-26T12:25:35.951Z,2025-10-20T12:11:10.293Z,lifecycle,False,,12,3,10,0,1.2246467991473532e-16,-1.0
2025-10-23 13:00:00+00:00,US-NW-PACW,252,2025-10-26T13:24:08.101Z,2025-10-20T13:12:10.833Z,lifecycle,False,,13,3,10,0,-0.2588190451025208,-0.9659258262890683
2025-10-23 14:00:00+00:00,US-NW-PACW,246,2025-10-26T13:24:19.693Z,2025-10-20T14:11:57.223Z,lifecycle,False,,14,3,10,0,-0.4999999999999997,-0.8660254037844388
2025-10-23 15:00:00+00:00,US-NW-PACW,253,2025-10-26T13:24:08.101Z,2025-10-20T15:10:11.459Z,lifecycle,False,,15,3,10,0,-0.7071067811865471,-0.7071067811865479
2025-10-23 16:00:00+00:00,US-NW-PACW,228,2025-10-26T13:24:08.101Z,2025-10-20T16:10:30.457Z,lifecycle,False,,16,3,10,0,-0.8660254037844385,-0.5000000000000004
2025-10-23 17:00:00+00:00,US-NW-PACW,238,2025-10-26T13:24:26.706Z,2025-10-20T17:10:26.097Z,lifecycle,False,,17,3,10,0,-0.9659258262890683,-0.25881904510252063
2025-10-23 18:00:00+00:00,US-NW-PACW,255,2025-10-26T13:24:19.693Z,2025-10-20T18:10:50.529Z,lifecycle,False,,18,3,10,0,-1.0,-1.8369701987210297e-16
2025-10-23 19:00:00+00:00,US-NW-PACW,262,2025-10-26T19:26:11.039Z,2025-10-20T19:11:28.056Z,lifecycle,False,,19,3,10,0,-0.9659258262890684,0.2588190451025203
2025-10-23 20:00:00+00:00,US-NW-PACW,267,2025-10-26T19:26:21.786Z,2025-10-20T20:10:29.582Z,lifecycle,False,,20,3,10,0,-0.8660254037844386,0.5000000000000001
2025-10-23 21:00:00+00:00,US-NW-PACW,263,2025-10-26T19:26:21.786Z,2025-10-20T21:11:43.086Z,lifecycle,False,,21,3,10,0,-0.7071067811865477,0.7071067811865474
2025-10-23 22:00:00+00:00,US-NW-PACW,258,2025-10-26T19:25:54.044Z,2025-10-20T22:11:34.247Z,lifecycle,False,,22,3,10,0,-0.5000000000000004,0.8660254037844384
2025-10-23 23:00:00+00:00,US-NW-PACW,254,2025-10-26T19:26:11.039Z,2025-10-20T23:11:55.928Z,lifecycle,False,,23,3,10,0,-0.25881904510252157,0.9659258262890681
2025-10-24 00:00:00+00:00,US-NW-PACW,255,2025-10-26T19:25:54.044Z,2025-10-21T00:10:40.158Z,lifecycle,False,,0,4,10,0,0.0,1.0
2025-10-24 01:00:00+00:00,US-NW-PACW,252,2025-10-27T01:24:56.815Z,2025-10-21T01:10:47.482Z,lifecycle,False,,1,4,10,0,0.25881904510252074,0.9659258262890683
2025-10-24 02:00:00+00:00,US-NW-PACW,252,2025-10-27T01:24:49.413Z,2025-10-21T02:09:50.197Z,lifecycle,False,,2,4,10,0,0.49999999999999994,0.8660254037844387
2025-10-24 03:00:00+00:00,US-NW-PACW,267,2025-10-27T01:24:37.150Z,2025-10-21T03:11:31.059Z,lifecycle,False,,3,4,10,0,0.7071067811865476,0.7071067811865476
2025-10-24 04:00:00+00:00,US-NW-PACW,288,2025-10-27T01:24:56.815Z,2025-10-21T04:10:11.718Z,lifecycle,False,,4,4,10,0,0.8660254037844386,0.5000000000000001
2025-10-24 05:00:00+00:00,US-NW-PACW,311,2025-10-27T01:24:49.413Z,2025-10-21T05:11:17.213Z,lifecycle,False,,5,4,10,0,0.9659258262890683,0.25881904510252074
2025-10-24 06:00:00+00:00,US-NW-PACW,353,2025-10-27T01:24:56.815Z,2025-10-21T06:10:45.255Z,lifecycle,False,,6,4,10,0,1.0,6.123233995736766e-17
2025-10-24 07:00:00+00:00,US-NW-PACW,344,2025-10-27T01:24:56.815Z,2025-10-21T07:11:04.871Z,lifecycle,False,,7,4,10,0,0.9659258262890683,-0.25881904510252063
2025-10-24 08:00:00+00:00,US-NW-PACW,340,2025-10-27T01:24:49.413Z,2025-10-21T08:10:57.657Z,lifecycle,False,,8,4,10,0,0.8660254037844387,-0.4999999999999998
2025-10-24 09:00:00+00:00,US-NW-PACW,341,2025-10-27T01:24:56.815Z,2025-10-21T09:09:26.153Z,lifecycle,False,,9,4,10,0,0.7071067811865476,-0.7071067811865475
2025-10-24 10:00:00+00:00,US-NW-PACW,314,2025-10-27T01:24:37.150Z,2025-10-21T10:11:14.835Z,lifecycle,False,,10,4,10,0,0.49999999999999994,-0.8660254037844387
2025-10-24 11:00:00+00:00,US-NW-PACW,318,2025-10-27T01:24:49.413Z,2025-10-21T11:10:07.131Z,lifecycle,False,,11,4,10,0,0.258819045102521,-0.9659258262890682
2025-10-24 12:00:00+00:00,US-NW-PACW,283,2025-10-27T01:24:59.992Z,2025-10-21T12:10:40.000Z,lifecycle,False,,12,4,10,0,1.2246467991473532e-16,-1.0
2025-10-24 13:00:00+00:00,US-NW-PACW,262,2025-10-27T01:24:37.150Z,2025-10-21T13:10:19.987Z,lifecycle,False,,13,4,10,0,-0.2588190451025208,-0.9659258262890683
2025-10-24 14:00:00+00:00,US-NW-PACW,262,2025-10-27T01:24:59.992Z,2025-10-21T14:10:31.040Z,lifecycle,False,,14,4,10,0,-0.4999999999999997,-0.8660254037844388
2025-10-24 15:00:00+00:00,US-NW-PACW,271,2025-10-27T01:24:59.992Z,2025-10-21T15:11:15.422Z,lifecycle,False,,15,4,10,0,-0.7071067811865471,-0.7071067811865479
2025-10-24 16:00:00+00:00,US-NW-PACW,259,2025-10-27T01:24:49.413Z,2025-10-21T16:10:29.856Z,lifecycle,False,,16,4,10,0,-0.8660254037844385,-0.5000000000000004
2025-10-24 17:00:00+00:00,US-NW-PACW,264,2025-10-27T01:24:49.413Z,2025-10-21T17:09:32.354Z,lifecycle,False,,17,4,10,0,-0.9659258262890683,-0.25881904510252063
2025-10-24 18:00:00+00:00,US-NW-PACW,270,2025-10-27T00:25:07.109Z,2025-10-21T18:12:52.356Z,lifecycle,False,,18,4,10,0,-1.0,-1.8369701987210297e-16
2025-10-24 19:00:00+00:00,US-NW-PACW,267,2025-10-27T01:24:37.150Z,2025-10-21T19:10:58.086Z,lifecycle,False,,19,4,10,0,-0.9659258262890684,0.2588190451025203
2025-10-24 20:00:00+00:00,US-NW-PACW,268,2025-10-27T01:24:59.992Z,2025-10-21T20:11:27.076Z,lifecycle,False,,20,4,10,0,-0.8660254037844386,0.5000000000000001
2025-10-24 21:00:00+00:00,US-NW-PACW,270,2025-10-27T01:24:59.992Z,2025-10-21T21:10:25.103Z,lifecycle,False,,21,4,10,0,-0.7071067811865477,0.7071067811865474
2025-10-24 22:00:00+00:00,US-NW-PACW,271,2025-10-27T01:24:59.992Z,2025-10-21T22:11:07.657Z,lifecycle,False,,22,4,10,0,-0.5000000000000004,0.8660254037844384
2025-10-24 23:00:00+00:00,US-NW-PACW,252,2025-10-27T01:24:59.992Z,2025-10-21T23:10:29.696Z,lifecycle,False,,23,4,10,0,-0.25881904510252157,0.9659258262890681
2025-10-25 00:00:00+00:00,US-NW-PACW,224,2025-10-27T01:24:37.150Z,2025-10-22T00:10:28.705Z,lifecycle,False,,0,5,10,1,0.0,1.0
2025-10-25 01:00:00+00:00,US-NW-PACW,208,2025-10-27T01:24:49.413Z,2025-10-22T01:10:45.756Z,lifecycle,False,,1,5,10,1,0.25881904510252074,0.9659258262890683
2025-10-25 02:00:00+00:00,US-NW-PACW,196,2025-10-27T00:24:54.648Z,2025-10-22T02:10:35.998Z,lifecycle,False,,2,5,10,1,0.49999999999999994,0.8660254037844387
2025-10-25 03:00:00+00:00,US-NW-PACW,212,2025-10-27T00:25:07.109Z,2025-10-22T03:10:08.326Z,lifecycle,False,,3,5,10,1,0.7071067811865476,0.7071067811865476
2025-10-25 04:00:00+00:00,US-NW-PACW,218,2025-10-26T12:25:38.847Z,2025-10-22T04:10:41.640Z,lifecycle,False,,4,5,10,1,0.8660254037844386,0.5000000000000001
2025-10-25 05:00:00+00:00,US-NW-PACW,224,2025-10-26T12:25:23.265Z,2025-10-22T05:10:21.665Z,lifecycle,False,,5,5,10,1,0.9659258262890683,0.25881904510252074
2025-10-25 06:00:00+00:00,US-NW-PACW,231,2025-10-26T13:24:29.611Z,2025-10-22T06:09:17.746Z,lifecycle,False,,6,5,10,1,1.0,6.123233995736766e-17
2025-10-25 07:00:00+00:00,US-NW-PACW,231,2025-10-26T19:26:11.039Z,2025-10-22T07:10:23.789Z,lifecycle,False,,7,5,10,1,0.9659258262890683,-0.25881904510252063
2025-10-25 08:00:00+00:00,US-NW-PACW,292,2025-10-26T13:24:14.038Z,2025-10-22T08:10:21.381Z,lifecycle,False,,8,5,10,1,0.8660254037844387,-0.4999999999999998
2025-10-25 09:00:00+00:00,US-NW-PACW,296,2025-10-26T13:24:14.038Z,2025-10-22T09:10:40.140Z,lifecycle,False,,9,5,10,1,0.7071067811865476,-0.7071067811865475
2025-10-25 10:00:00+00:00,US-NW-PACW,305,2025-10-26T13:24:29.611Z,2025-10-22T10:12:19.438Z,lifecycle,False,,10,5,10,1,0.49999999999999994,-0.8660254037844387
2025-10-25 11:00:00+00:00,US-NW-PACW,343,2025-10-26T13:24:23.386Z,2025-10-22T11:11:48.275Z,lifecycle,False,,11,5,10,1,0.258819045102521,-0.9659258262890682
2025-10-25 12:00:00+00:00,US-NW-PACW,349,2025-10-27T01:24:49.413Z,2025-10-22T12:12:04.550Z,lifecycle,False,,12,5,10,1,1.2246467991473532e-16,-1.0
2025-10-25 13:00:00+00:00,US-NW-PACW,332,2025-10-27T00:25:07.109Z,2025-10-22T13:09:18.589Z,lifecycle,False,,13,5,10,1,-0.2588190451025208,-0.9659258262890683
2025-10-25 14:00:00+00:00,US-NW-PACW,299,2025-10-27T01:24:59.992Z,2025-10-22T14:10:51.960Z,lifecycle,False,,14,5,10,1,-0.4999999999999997,-0.8660254037844388
2025-10-25 15:00:00+00:00,US-NW-PACW,303,2025-10-27T00:24:54.648Z,2025-10-22T15:10:25.133Z,lifecycle,False,,15,5,10,1,-0.7071067811865471,-0.7071067811865479
2025-10-25 16:00:00+00:00,US-NW-PACW,264,2025-10-27T00:25:07.109Z,2025-10-22T16:10:14.485Z,lifecycle,False,,16,5,10,1,-0.8660254037844385,-0.5000000000000004
2025-10-25 17:00:00+00:00,US-NW-PACW,252,2025-10-27T00:25:00.895Z,2025-10-22T17:10:54.945Z,lifecycle,False,,17,5,10,1,-0.9659258262890683,-0.25881904510252063
2025-10-25 18:00:00+00:00,US-NW-PACW,246,2025-10-27T00:25:18.150Z,2025-10-22T18:11:57.436Z,lifecycle,False,,18,5,10,1,-1.0,-1.8369701987210297e-16
2025-10-25 19:00:00+00:00,US-NW-PACW,254,2025-10-27T00:25:18.150Z,2025-10-22T19:10:31.884Z,lifecycle,False,,19,5,10,1,-0.9659258262890684,0.2588190451025203
2025-10-25 20:00:00+00:00,US-NW-PACW,238,2025-10-27T00:25:18.150Z,2025-10-22T20:10:11.475Z,lifecycle,False,,20,5,10,1,-0.8660254037844386,0.5000000000000001
2025-10-25 21:00:00+00:00,US-NW-PACW,212,2025-10-27T00:25:18.150Z,2025-10-22T21:10:44.099Z,lifecycle,False,,21,5,10,1,-0.7071067811865477,0.7071067811865474
2025-10-25 22:00:00+00:00,US-NW-PACW,227,2025-10-27T00:25:18.150Z,2025-10-22T22:11:25.808Z,lifecycle,False,,22,5,10,1,-0.5000000000000004,0.8660254037844384
2025-10-25 23:00:00+00:00,US-NW-PACW,235,2025-10-27T00:25:18.150Z,2025-10-22T23:10:50.524Z,lifecycle,False,,23,5,10,1,-0.25881904510252157,0.9659258262890681
2025-10-26 00:00:00+00:00,US-NW-PACW,219,2025-10-27T00:25:10.931Z,2025-10-23T00:10:34.063Z,lifecycle,False,,0,6,10,1,0.0,1.0
2025-10-26 01:00:00+00:00,US-NW-PACW,220,2025-10-27T00:25:18.150Z,2025-10-23T01:11:41.824Z,lifecycle,False,,1,6,10,1,0.25881904510252074,0.9659258262890683
2025-10-26 02:00:00+00:00,US-NW-PACW,214,2025-10-27T00:25:18.150Z,2025-10-23T02:10:44.785Z,lifecycle,False,,2,6,10,1,0.49999999999999994,0.8660254037844387
2025-10-26 03:00:00+00:00,US-NW-PACW,219,2025-10-26T23:25:22.393Z,2025-10-23T03:11:21.751Z,lifecycle,False,,3,6,10,1,0.7071067811865476,0.7071067811865476
2025-10-26 04:00:00+00:00,US-NW-PACW,227,2025-10-26T23:40:22.872Z,2025-10-23T04:10:33.661Z,lifecycle,False,,4,6,10,1,0.8660254037844386,0.5000000000000001
2025-10-26 05:00:00+00:00,US-NW-PACW,239,2025-10-27T00:25:00.895Z,2025-10-23T05:11:02.347Z,lifecycle,False,,5,6,10,1,0.9659258262890683,0.25881904510252074
2025-10-26 06:00:00+00:00,US-NW-PACW,245,2025-10-27T00:25:00.895Z,2025-10-23T06:10:16.750Z,lifecycle,True,TIME_SLICER_AVERAGE,6,6,10,1,1.0,6.123233995736766e-17
2025-10-26 07:00:00+00:00,US-NW-PACW,245,2025-10-27T00:25:00.895Z,2025-10-23T07:10:01.838Z,lifecycle,True,TIME_SLICER_AVERAGE,7,6,10,1,0.9659258262890683,-0.25881904510252063
2025-10-26 08:00:00+00:00,US-NW-PACW,260,2025-10-27T00:25:10.931Z,2025-10-23T08:13:04.717Z,lifecycle,True,TIME_SLICER_AVERAGE,8,6,10,1,0.8660254037844387,-0.4999999999999998
2025-10-26 09:00:00+00:00,US-NW-PACW,261,2025-10-27T00:25:18.150Z,2025-10-23T09:10:36.391Z,lifecycle,True,TIME_SLICER_AVERAGE,9,6,10,1,0.7071067811865476,-0.7071067811865475
2025-10-26 10:00:00+00:00,US-NW-PACW,251,2025-10-27T00:25:00.895Z,2025-10-23T10:10:02.468Z,lifecycle,True,TIME_SLICER_AVERAGE,10,6,10,1,0.49999999999999994,-0.8660254037844387
2025-10-26 11:00:00+00:00,US-NW-PACW,256,2025-10-27T00:25:10.931Z,2025-10-23T11:09:51.132Z,lifecycle,True,TIME_SLICER_AVERAGE,11,6,10,1,0.258819045102521,-0.9659258262890682
2025-10-26 12:00:00+00:00,US-NW-PACW,253,2025-10-27T00:25:10.931Z,2025-10-23T12:11:42.827Z,lifecycle,True,TIME_SLICER_AVERAGE,12,6,10,1,1.2246467991473532e-16,-1.0
2025-10-26 13:00:00+00:00,US-NW-PACW,247,2025-10-27T00:25:22.134Z,2025-10-23T13:09:58.476Z,lifecycle,True,TIME_SLICER_AVERAGE,13,6,10,1,-0.2588190451025208,-0.9659258262890683
2025-10-26 14:00:00+00:00,US-NW-PACW,239,2025-10-27T00:25:10.931Z,2025-10-23T14:11:08.638Z,lifecycle,True,TIME_SLICER_AVERAGE,14,6,10,1,-0.4999999999999997,-0.8660254037844388
2025-10-26 15:00:00+00:00,US-NW-PACW,224,2025-10-27T00:25:00.895Z,2025-10-23T15:12:26.710Z,lifecycle,True,TIME_SLICER_AVERAGE,15,6,10,1,-0.7071067811865471,-0.7071067811865479
2025-10-26 16:00:00+00:00,US-NW-PACW,208,2025-10-27T00:25:10.931Z,2025-10-23T16:12:17.324Z,lifecycle,True,TIME_SLICER_AVERAGE,16,6,10,1,-0.8660254037844385,-0.5000000000000004
2025-10-26 17:00:00+00:00,US-NW-PACW,198,2025-10-27T00:25:10.931Z,2025-10-23T17:09:53.368Z,lifecycle,True,TIME_SLICER_AVERAGE,17,6,10,1,-0.9659258262890683,-0.25881904510252063
2025-10-26 18:00:00+00:00,US-NW-PACW,201,2025-10-27T00:25:00.895Z,2025-10-23T18:10:33.213Z,lifecycle,True,TIME_SLICER_AVERAGE,18,6,10,1,-1.0,-1.8369701987210297e-16
2025-10-26 19:00:00+00:00,US-NW-PACW,204,2025-10-27T00:25:22.134Z,2025-10-23T19:10:38.303Z,lifecycle,True,TIME_SLICER_AVERAGE,19,6,10,1,-0.9659258262890684,0.2588190451025203
2025-10-26 20:00:00+00:00,US-NW-PACW,207,2025-10-27T00:25:00.895Z,2025-10-23T20:12:15.532Z,lifecycle,True,TIME_SLICER_AVERAGE,20,6,10,1,-0.8660254037844386,0.5000000000000001
2025-10-26 21:00:00+00:00,US-NW-PACW,208,2025-10-27T00:25:22.134Z,2025-10-23T21:12:33.867Z,lifecycle,True,TIME_SLICER_AVERAGE,21,6,10,1,-0.7071067811865477,0.7071067811865474
2025-10-26 22:00:00+00:00,US-NW-PACW,216,2025-10-27T00:25:10.931Z,2025-10-23T22:11:41.155Z,lifecycle,True,TIME_SLICER_AVERAGE,22,6,10,1,-0.5000000000000004,0.8660254037844384
2025-10-26 23:00:00+00:00,US-NW-PACW,218,2025-10-27T00:25:22.134Z,2025-10-23T23:11:48.184Z,lifecycle,True,TIME_SLICER_AVERAGE,23,6,10,1,-0.25881904510252157,0.9659258262890681
2025-10-27 00:00:00+00:00,US-NW-PACW,225,2025-10-27T01:24:43.275Z,2025-10-24T00:09:47.395Z,lifecycle,True,TIME_SLICER_AVERAGE,0,0,10,0,0.0,1.0
2025-10-27 01:00:00+00:00,US-NW-PACW,228,2025-10-27T02:25:45.431Z,2025-10-24T01:10:12.272Z,lifecycle,True,TIME_SLICER_AVERAGE,1,0,10,0,0.25881904510252074,0.9659258262890683
2025-10-27 02:00:00+00:00,US-NW-PACW,229,2025-10-27T03:26:14.721Z,2025-10-24T02:10:50.034Z,lifecycle,True,TIME_SLICER_AVERAGE,2,0,10,0,0.49999999999999994,0.8660254037844387
2025-10-27 03:00:00+00:00,US-NW-PACW,239,2025-10-27T03:55:00.504Z,2025-10-24T03:11:39.504Z,lifecycle,True,TIME_SLICER_AVERAGE,3,0,10,0,0.7071067811865476,0.7071067811865476
2025-10-27 04:00:00+00:00,US-NW-PACW,249,2025-10-27T03:26:00.476Z,2025-10-24T04:11:24.490Z,lifecycle,True,TIME_SLICER_AVERAGE,4,0,10,0,0.8660254037844386,0.5000000000000001
